"","geoid","cleanup_points","cleanup_percentile","groundwater_points","groundwater_percentile","hw_points","hw_percentile","impaired_points","impaired_percentile","sw_points","sw_percentile"
"1",27001770100,15.6,37.39,11,39.69,1,40.77,4,34.79,4.2,47.47
"2",27001770200,8,23.28,14,49.93,10,81.01,4,34.79,14,82.88
"3",27001770300,24,48.9,49,95.97,12.5,85.08,3,19.13,12,78.04
"4",27001770401,14,34.25,10,35.45,14.5,87.81,3,19.13,0,0
"5",27001770402,11,29.16,24,74.52,2.5,55.1,5,51,7.5,63.83
"6",27001790501,1,4.82,13,46.72,1.5,45.9,3,19.13,7,61.14
"7",27001790503,1,4.82,7,23.09,1.5,45.9,3,19.13,4,43.49
"8",27001790504,1,4.82,5,15.23,3,58.23,4,34.79,10,73.63
"9",27003050107,17,39.26,10,35.45,2,50.77,2,9.22,1.5,12.16
"10",27003050108,7.75,22.88,10,35.45,0,0,1,0,9.5,71.91
"11",27003050109,8.35,24.41,13,46.72,0.5,35.84,1,0,4.5,47.79
"12",27003050110,26.6,52.44,5,15.23,1.5,45.9,2,9.22,5.5,52.42
"13",27003050111,1.25,7.69,5,15.23,0,0,2,9.22,3,34.98
"14",27003050114,3,12.11,1,0,0,0,2,9.22,0,0
"15",27003050115,19,42.14,16,55.4,6,71.95,2,9.22,0.5,3.34
"16",27003050116,6,18.66,11,39.69,1.5,45.9,5,51,0,0
"17",27003050208,42.05,66.15,10,35.45,0,0,4,34.79,1,8.18
"18",27003050210,22,46.62,17,57.79,13.5,86.54,5,51,2,25.62
"19",27003050215,36.05,60.2,8,27.46,0.5,35.84,4,34.79,2,25.62
"20",27003050216,7.45,22.01,9,31.35,0,0,4,34.79,0,0
"21",27003050217,2.1,10.5,6,18.58,3,58.23,1,0,0,0
"22",27003050218,1.5,7.96,1,0,0,0,4,34.79,0,0
"23",27003050219,6.1,19.67,2,3.28,0,0,4,34.79,0,0
"24",27003050220,48.5,69.9,15,52.6,0,0,4,34.79,0,0
"25",27003050222,22.05,46.89,5,15.23,0,0,3,19.13,0,0
"26",27003050223,7.95,23.21,2,3.28,7,74.48,5,51,5.5,52.42
"27",27003050224,10.25,28.03,2,3.28,1,40.77,4,34.79,1.5,12.16
"28",27003050226,20.2,44.41,4,11.07,0,0,1,0,0,0
"29",27003050227,85.25,83.34,10,35.45,7.5,75.62,4,34.79,3,34.98
"30",27003050228,96,85.42,31,86.13,12.5,85.08,5,51,6,55.11
"31",27003050229,44.1,67.36,7,23.09,0.5,35.84,3,19.13,1.8,25.3
"32",27003050230,14.1,34.98,4,11.07,7,74.48,4,34.79,0.6,6.24
"33",27003050232,15.25,36.79,14,49.93,0,0,4,34.79,0,0
"34",27003050233,11.55,30.9,12,43.58,0,0,4,34.79,0,0
"35",27003050234,3.6,14.58,2,3.28,0,0,4,34.79,0,0
"36",27003050235,7,20.54,11,39.69,0,0,1,0,0,0
"37",27003050236,10.5,28.49,3,7.17,0,0,1,0,3,34.98
"38",27003050237,40.35,64.82,4,11.07,0,0,4,34.79,0,0
"39",27003050239,1.2,7.36,2,3.28,0,0,3,19.13,0,0
"40",27003050401,135.5,91.3,30,84.97,9.5,79.95,5,51,7.5,63.83
"41",27003050402,82.35,82.74,17,57.79,2,50.77,5,51,0.1,0.32
"42",27003050501,98.15,85.95,24,74.52,0,0,5,51,0.25,2.05
"43",27003050504,39.15,63.34,7,23.09,20,92.87,6,63.41,1.5,12.16
"44",27003050505,56.55,74.11,21,68.24,26,96,4,34.79,0.5,3.34
"45",27003050602,26.95,52.84,4,11.07,0,0,4,34.79,3.75,43.27
"46",27003050605,19.85,43.61,8,27.46,4.5,66.36,5,51,1.5,12.16
"47",27003050606,26,51.64,2,3.28,2,50.77,4,34.79,0,0
"48",27003050607,38.8,63.14,13,46.72,0,0,4,34.79,4.5,47.79
"49",27003050608,38.25,62.54,8,27.46,0,0,4,34.79,3,34.98
"50",27003050609,35.7,60,7,23.09,1,40.77,4,34.79,0,0
"51",27003050611,16,38.06,7,23.09,0,0,5,51,0,0
"52",27003050612,9.55,26.69,0,0,0,0,6,63.41,0,0
"53",27003050702,10.05,27.89,3,7.17,0,0,3,19.13,0,0
"54",27003050704,29,54.72,6,18.58,1,40.77,3,19.13,1.8,25.3
"55",27003050706,5.25,17.59,5,15.23,0,0,3,19.13,0,0
"56",27003050709,32.15,56.99,3,7.17,7,74.48,4,34.79,0,0
"57",27003050710,31.25,56.59,7,23.09,7.5,75.62,4,34.79,3,34.98
"58",27003050711,2.6,11.57,2,3.28,0,0,3,19.13,1,8.18
"59",27003050712,23.6,48.49,4,11.07,0,0,4,34.79,0,0
"60",27003050807,6.25,19.93,1,0,0,0,2,9.22,0,0
"61",27003050808,3,12.11,7,23.09,1,40.77,2,9.22,1.5,12.16
"62",27003050810,12.8,32.58,3,7.17,0,0,2,9.22,0.5,3.34
"63",27003050811,18.4,41.47,12,43.58,2,50.77,2,9.22,0,0
"64",27003050816,90.95,84.68,20,65.92,1,40.77,3,19.13,24.5,93.43
"65",27003050818,14.6,35.72,5,15.23,0,0,0,0,0,0
"66",27003050819,29.65,55.65,5.5,18.17,0,0,1,0,0,0
"67",27003050820,9.25,26.15,2,3.28,0,0,0,0,0,0
"68",27003050821,39.35,63.61,9,31.35,3.5,61.49,0,0,0,0
"69",27003050822,14.6,35.72,1,0,0,0,0,0,0,0
"70",27003050823,15.5,37.12,7,23.09,0,0,2,9.22,0,0
"71",27003050824,10.9,29.1,2,3.28,1,40.77,2,9.22,0,0
"72",27003050825,2.75,11.71,0,0,0,0,2,9.22,0,0
"73",27003050826,5.4,17.93,6,18.58,0.5,35.84,2,9.22,1,8.18
"74",27003050828,18.75,41.87,12,43.58,0,0,4,34.79,2.3,31.75
"75",27003050829,92.25,84.95,34,88.93,34,97.73,2,9.22,17.7,87.94
"76",27003050901,33.15,57.59,4,11.07,1,40.77,4,34.79,2,25.62
"77",27003050902,36,60.13,3,7.17,0,0,4,34.79,2.25,31.32
"78",27003051001,55,73.24,22.5,72.2,8.5,77.81,3,19.13,0,0
"79",27003051002,35.2,59.73,7,23.09,0,0,4,34.79,0,0
"80",27003051101,87.6,83.61,25,76.98,61.5,99.73,4,34.79,0,0
"81",27003051102,106.1,86.89,18.5,62.84,15,88.41,5,51,1.5,12.16
"82",27003051103,77.4,81.27,35,89.82,15.5,89.01,4,34.79,0,0
"83",27003051201,83.5,82.94,27.25,82.17,13,85.74,5,51,0,0
"84",27003051202,80.6,82.27,24.25,76.64,0,0,5,51,0,0
"85",27003051203,25.9,51.51,13,46.72,0,0,5,51,0,0
"86",27003051206,186,94.38,100,99.66,17.5,90.47,6,63.41,1.5,12.16
"87",27003051302,50.35,71.1,11,39.69,0,0,3,19.13,0,0
"88",27003051304,55.05,73.44,17.25,60.25,2.5,55.1,5,51,0,0
"89",27003051305,60.4,75.79,7,23.09,3,58.23,3,19.13,4,43.49
"90",27003051400,117.45,88.7,19,63.39,12,84.21,6,63.41,0,0
"91",27003051501,79.75,82.01,10,35.45,0,0,3,19.13,0,0
"92",27003051502,58.15,74.98,2,3.28,0,0,3,19.13,0,0
"93",27003051600,0.25,3.41,3,7.17,2,50.77,4,34.79,3,34.98
"94",27005450100,1,4.82,6,18.58,17,90.14,4,34.79,13,80.52
"95",27005450200,10,27.02,6,18.58,0,0,4,34.79,16.5,86.01
"96",27005450300,42.5,66.35,11,39.69,10,81.01,5,51,32,96.77
"97",27005450400,20.75,45.08,17,57.79,10,81.01,2,9.22,21.5,90.85
"98",27005450500,27,52.98,34,88.93,13.5,86.54,5,51,5.5,52.42
"99",27005450600,17.05,39.6,15,52.6,1,40.77,5,51,0,0
"100",27005450700,3.7,14.78,8,27.46,0,0,5,51,25,93.86
"101",27005450800,12,31.44,11,39.69,5.5,69.82,4,34.79,0,0
"102",27005450900,0,0,16,55.4,0.5,35.84,4,34.79,1.5,12.16
"103",27005940000,0,0,21,68.24,0,0,3,19.13,6.5,58.45
"104",27007450101,25,50.1,10,35.45,8.5,77.81,0,0,14.5,83.21
"105",27007450102,10.6,28.63,13.5,49.59,3,58.23,3,19.13,11.5,77.07
"106",27007450202,6.1,19.67,11,39.69,8.5,77.81,1,0,0.5,3.34
"107",27007450300,1,4.82,8,27.46,15,88.41,3,19.13,19.5,89.02
"108",27007450400,10,27.02,27,80.94,1,40.77,4,34.79,0,0
"109",27007450500,7,20.54,15,52.6,0,0,5,51,4,43.49
"110",27007450600,33.7,58.33,18,60.66,2,50.77,2,9.22,0,0
"111",27007450703,33.4,57.99,13,46.72,19.5,92.41,1,0,2.5,31.86
"112",27007450704,62,76.25,35.75,90.51,12,84.21,3,19.13,3.75,43.27
"113",27007450705,10.35,28.29,2.5,6.9,0,0,1,0,0,0
"114",27007450706,39.5,63.68,24,74.52,14,87.14,2,9.22,16.5,86.01
"115",27007940001,0,0,11,39.69,0,0,4,34.79,0,0
"116",27007940002,0,0,8,27.46,0,0,1,0,0,0
"117",27009020100,23,47.83,24,74.52,0.5,35.84,4,34.79,0,0
"118",27009020202,18.45,41.61,13,46.72,4,63.56,6,63.41,2,25.62
"119",27009020203,2.2,10.77,6,18.58,17,90.14,7,76.09,2,25.62
"120",27009020205,14,34.25,7,23.09,2,50.77,3,19.13,15.5,85.04
"121",27009020206,13,32.91,4,11.07,0,0,2,9.22,0.75,7
"122",27009020300,13.75,33.98,16,55.4,53,99.4,5,51,24.6,93.76
"123",27009021102,69.2,79.2,20,65.92,46,99.07,3,19.13,6,55.11
"124",27009021103,2.8,11.84,11,39.69,0.5,35.84,3,19.13,1.5,12.16
"125",27009021104,34.85,59.4,5,15.23,13,85.74,3,19.13,5.5,52.42
"126",27009021201,104.9,86.62,48,95.83,20.5,93.27,3,19.13,16.5,86.01
"127",27011950100,15,36.32,11,39.69,3.5,61.49,7,76.09,24,92.68
"128",27011950200,2,8.63,19,63.39,10,81.01,5,51,5,50.27
"129",27011950300,17,39.26,32,87.16,8.5,77.81,5,51,1,8.18
"130",27013170100,3,12.11,9,31.35,2.5,55.1,8,83.02,3,34.98
"131",27013170200,57.95,74.78,16.5,56.97,24,95.34,11,96.6,24.1,93.11
"132",27013170300,159.6,92.58,49,95.97,53,99.4,9,88.01,17.1,87.19
"133",27013170400,41.3,65.48,24.75,76.91,10,81.01,8,83.02,3.1,40.58
"134",27013170500,6.6,20.33,25,76.98,14.5,87.81,0,0,0,0
"135",27013170600,56.8,74.31,10,35.45,1,40.77,8,83.02,0,0
"136",27013170700,81.85,82.68,29,83.81,8,76.88,8,83.02,4,43.49
"137",27013170800,57.6,74.52,7,23.09,6.5,73.22,8,83.02,1.25,11.84
"138",27013170900,47,68.96,40,93.17,57.5,99.6,10,93.9,43,99.03
"139",27013171000,3.25,13.85,20,65.92,3.5,61.49,8,83.02,2,25.62
"140",27013171101,14.1,34.98,7,23.09,6.5,73.22,8,83.02,0.25,2.05
"141",27013171202,18.9,42.01,2,3.28,15.5,89.01,8,83.02,8.1,67.71
"142",27013171300,25,50.1,15,52.6,23,94.67,9,88.01,1,8.18
"143",27013171400,8,23.28,26,79.03,7,74.48,9,88.01,6,55.11
"144",27013171500,6,18.66,18,60.66,3,58.23,7,76.09,20.5,89.88
"145",27013171600,3,12.11,2,3.28,2,50.77,1,0,0,0
"146",27015960101,25.6,51.17,26,79.03,13,85.74,4,34.79,4.5,47.79
"147",27015960102,12.6,32.31,10,35.45,2.5,55.1,6,63.41,1.5,12.16
"148",27015960200,19.6,43.14,8,27.46,2,50.77,4,34.79,1.5,12.16
"149",27015960300,16.85,39.2,3,7.17,4,63.56,4,34.79,0,0
"150",27015960400,20.95,45.22,24,74.52,19.5,92.41,5,51,44.35,99.46
"151",27015960500,3,12.11,28,82.45,6.5,73.22,3,19.13,9.75,73.41
"152",27015960600,17,39.26,24,74.52,21.5,93.74,5,51,8.5,68.14
"153",27015960700,12.55,32.24,17,57.79,3,58.23,7,76.09,54.5,99.78
"154",27017070100,57.4,74.45,59.5,98.43,19.5,92.41,3,19.13,13,80.52
"155",27017070200,28.15,54.18,30.75,86,14,87.14,4,34.79,2,25.62
"156",27017070300,43.45,67.02,45,95.01,1,40.77,13,99.31,7.5,63.83
"157",27017070401,59.55,75.59,56,97.68,20,92.87,4,34.79,27.5,95.37
"158",27017070402,45.9,68.29,28,82.45,4,63.56,13,99.31,12,78.04
"159",27017070501,19.5,43.08,40,93.17,14.5,87.81,1,0,1.5,12.16
"160",27017070502,11.75,31.17,25,76.98,1,40.77,3,19.13,14.5,83.21
"161",27017070600,13,32.91,29,83.81,6.5,73.22,4,34.79,1,8.18
"162",27017940000,12,31.44,19,63.39,2.5,55.1,2,9.22,25,93.86
"163",27019090101,24.1,49.23,6,18.58,0,0,8,83.02,4.5,47.79
"164",27019090102,26,51.64,21,68.24,0,0,8,83.02,4,43.49
"165",27019090200,6,18.66,18,60.66,0,0,8,83.02,2.5,31.86
"166",27019090302,52.35,72.24,10,35.45,29.5,96.8,7,76.09,0,0
"167",27019090303,63,76.72,22,70.29,0,0,4,34.79,0,0
"168",27019090304,29.35,55.25,10,35.45,0,0,8,83.02,0,0
"169",27019090401,13,32.91,8,27.46,1,40.77,7,76.09,0,0
"170",27019090402,7.45,22.01,14,49.93,0.5,35.84,4,34.79,0,0
"171",27019090501,12.4,32.04,14,49.93,0,0,4,34.79,6.5,58.45
"172",27019090502,19,42.14,2,3.28,0,0,3,19.13,1,8.18
"173",27019090503,10.1,27.96,3,7.17,0,0,5,51,0,0
"174",27019090601,26.5,52.37,16,55.4,4,63.56,3,19.13,0,0
"175",27019090602,0,0,3,7.17,0,0,3,19.13,0,0
"176",27019090702,28.2,54.31,7,23.09,0,0,8,83.02,0,0
"177",27019090703,33.4,57.99,9,31.35,9,78.81,5,51,7.75,65.66
"178",27019090704,25,50.1,6,18.58,3,58.23,7,76.09,0,0
"179",27019090801,16.5,38.86,3,7.17,0,0,6,63.41,0,0
"180",27019090802,22.6,47.63,0,0,0,0,2,9.22,7,61.14
"181",27019090901,4.7,16.39,1,0,3.5,61.49,6,63.41,0,0
"182",27019090902,28.5,54.52,8,27.46,36.5,98,5,51,6,55.11
"183",27019091001,30.1,56.12,11,39.69,1,40.77,5,51,0.2,0.97
"184",27019091002,53.35,72.71,6,18.58,2.5,55.1,7,76.09,4,43.49
"185",27019091100,4.45,16.12,11,39.69,0,0,8,83.02,0,0
"186",27019091201,72,79.87,29,83.81,0.5,35.84,5,51,0.5,3.34
"187",27019091202,2.6,11.57,14,49.93,1,40.77,7,76.09,8,65.88
"188",27021940001,13,32.91,41,93.72,3,58.23,1,0,19,88.59
"189",27021940002,47.5,69.3,44,94.74,0,0,0,0,5.5,52.42
"190",27021960100,11,29.16,24,74.52,0,0,2,9.22,4.5,47.79
"191",27021960200,0.5,3.95,13,46.72,0.5,35.84,3,19.13,8.5,68.14
"192",27021960301,0.25,3.41,15,52.6,0.5,35.84,1,0,0,0
"193",27021960302,1,4.82,5,15.23,1.5,45.9,2,9.22,2.5,31.86
"194",27021960600,7.75,22.88,27,80.94,29.5,96.8,2,9.22,43,99.03
"195",27021960700,24,48.9,24,74.52,7.5,75.62,4,34.79,17,86.54
"196",27021960801,4,15.05,14,49.93,2.5,55.1,3,19.13,14.5,83.21
"197",27021960803,10,27.02,10,35.45,11.5,83.68,4,34.79,4,43.49
"198",27021960804,8,23.28,2,3.28,0.5,35.84,2,9.22,3,34.98
"199",27023950300,7.45,22.01,25,76.98,11,82.54,4,34.79,13,80.52
"200",27023950400,1,4.82,11,39.69,1,40.77,4,34.79,0,0
"201",27023950500,6,18.66,19,63.39,2.5,55.1,7,76.09,19.5,89.02
"202",27023950601,25.1,50.57,17,57.79,37,98.2,4,34.79,1.5,12.16
"203",27023950602,28.25,54.38,22,70.29,5.5,69.82,4,34.79,1.5,12.16
"204",27025110100,0.2,3.28,6,18.58,0,0,6,63.41,0.8,7.64
"205",27025110201,11,29.16,17,57.79,2,50.77,3,19.13,11.5,77.07
"206",27025110202,14.5,35.52,17,57.79,10,81.01,4,34.79,1,8.18
"207",27025110301,6.5,20.27,15,52.6,12.5,85.08,3,19.13,2,25.62
"208",27025110302,9,25.22,10,35.45,7,74.48,3,19.13,12.5,79.44
"209",27025110402,12.25,31.84,8,27.46,13,85.74,4,34.79,0,0
"210",27025110403,19.95,43.75,6,18.58,1,40.77,5,51,0,0
"211",27025110404,34,58.8,8,27.46,31,97.07,4,34.79,12,78.04
"212",27025110501,4.75,16.45,28,82.45,2,50.77,2,9.22,2,25.62
"213",27025110503,4.85,16.72,12,43.58,1.5,45.9,2,9.22,2,25.62
"214",27025110504,3.25,13.85,7,23.09,0.5,35.84,5,51,0,0
"215",27025110600,6.25,19.93,4,11.07,1.5,45.9,7,76.09,0,0
"216",27025110700,2,8.63,26,79.03,4,63.56,6,63.41,8,65.88
"217",27027020300,129.3,90.3,46,95.42,4,63.56,3,19.13,0,0
"218",27027020400,65.3,77.86,10,35.45,4.5,66.36,3,19.13,2.5,31.86
"219",27027020500,14.85,36.19,14,49.93,0,0,3,19.13,3.5,41.23
"220",27027020600,65.75,78.13,23,72.61,7.5,75.62,3,19.13,6,55.11
"221",27027020700,75.15,80.8,13,46.72,2.5,55.1,3,19.13,0,0
"222",27027030106,2,8.63,15,52.6,4,63.56,3,19.13,13,80.52
"223",27027030107,6,18.66,9,31.35,0,0,6,63.41,0,0
"224",27027030108,15.5,37.12,7,23.09,3,58.23,3,19.13,1.5,12.16
"225",27027030109,11.25,30.37,2,3.28,0,0,0,0,2,25.62
"226",27027030110,0,0,10,35.45,0,0,4,34.79,9,69.97
"227",27027030111,24.95,50.03,19,63.39,2.5,55.1,3,19.13,2.5,31.86
"228",27027030112,2.25,10.97,14,49.93,8,76.88,3,19.13,10.3,74.6
"229",27027030201,21,45.35,39,92.9,12.5,85.08,3,19.13,41.5,98.71
"230",27027030202,5,16.86,26,79.03,2,50.77,5,51,4,43.49
"231",27027030300,77.3,81.14,17,57.79,11,82.54,3,19.13,3,34.98
"232",27027030400,106.8,87.02,12,43.58,6.5,73.22,3,19.13,3,34.98
"233",27029000100,20,43.81,30,84.97,3,58.23,4,34.79,12,78.04
"234",27029000200,10,27.02,8,27.46,1.5,45.9,2,9.22,0,0
"235",27029000300,20,43.81,19,63.39,1,40.77,6,63.41,8,65.88
"236",27031480101,0,0,13,46.72,0,0,3,19.13,10.5,74.81
"237",27031480102,8.6,24.75,41,93.72,1.5,45.9,3,19.13,19,88.59
"238",27031480200,10,27.02,41,93.72,9.5,79.95,2,9.22,6,55.11
"239",27033270100,1,4.82,27,80.94,3,58.23,7,76.09,0,0
"240",27033270200,1,4.82,27,80.94,13.5,86.54,8,83.02,1.5,12.16
"241",27033270300,1,4.82,5,15.23,4,63.56,9,88.01,43,99.03
"242",27033270400,23.25,48.03,22,70.29,15,88.41,9,88.01,5.5,52.42
"243",27035950100,1,4.82,18,60.66,7,74.48,4,34.79,6.5,58.45
"244",27035950204,10,27.02,13,46.72,4,63.56,2,9.22,20.5,89.88
"245",27035950401,11,29.16,8,27.46,3.5,61.49,2,9.22,10.5,74.81
"246",27035950402,0,0,3,7.17,0,0,1,0,0,0
"247",27035950501,1.1,6.96,10,35.45,3.5,61.49,1,0,12,78.04
"248",27035950502,9.5,26.49,16,55.4,5,67.95,3,19.13,1,8.18
"249",27035950701,11,29.16,17,57.79,0,0,3,19.13,3,34.98
"250",27035950702,14.1,34.98,28,82.45,6,71.95,3,19.13,0,0
"251",27035950801,0,0,7,23.09,2,50.77,2,9.22,1.5,12.16
"252",27035950802,29.3,55.18,9,31.35,17.5,90.47,3,19.13,40.5,98.6
"253",27035950901,4.65,16.32,7,23.09,16,89.47,3,19.13,3,34.98
"254",27035950902,1.2,7.36,7,23.09,2,50.77,1,0,9.5,71.91
"255",27035951000,71.3,79.73,43.5,94.6,23,94.67,4,34.79,4,43.49
"256",27035951100,108.4,87.29,71.5,99.18,34.5,97.87,3,19.13,1.5,12.16
"257",27035951200,93.45,85.02,52.5,96.86,23.5,95,3,19.13,2,25.62
"258",27035951301,38.1,62.27,37,91.33,14,87.14,3,19.13,4,43.49
"259",27035951303,77.8,81.47,17,57.79,4,63.56,3,19.13,2.2,31.11
"260",27035951304,27.3,53.38,14.5,52.25,9,78.81,4,34.79,3.5,41.23
"261",27035951400,16.15,38.33,10,35.45,2,50.77,6,63.41,0,0
"262",27035951600,7,20.54,19,63.39,15.5,89.01,4,34.79,34.5,97.52
"263",27035951700,7.45,22.01,13.5,49.59,11.5,83.68,3,19.13,4,43.49
"264",27037060101,26,51.64,4,11.07,0,0,11,96.6,0,0
"265",27037060102,49.35,70.5,7,23.09,0,0,11,96.6,0,0
"266",27037060103,25.4,50.9,5,15.23,0,0,10,93.9,0,0
"267",27037060104,64.8,77.39,20,65.92,3.5,61.49,2,9.22,1.5,12.16
"268",27037060105,83.3,82.88,25,76.98,6.5,73.22,11,96.6,0,0
"269",27037060201,34.3,59,1.5,3.21,0,0,11,96.6,0,0
"270",27037060202,52.3,72.11,16.75,57.72,0,0,11,96.6,1.5,12.16
"271",27037060301,209.1,95.52,51.5,96.58,4.5,66.36,11,96.6,6,55.11
"272",27037060302,51.45,71.44,20,65.92,0,0,9,88.01,0,0
"273",27037060401,55.5,73.58,5.75,18.31,0,0,9,88.01,0,0
"274",27037060402,61.8,76.05,20,65.92,5,67.95,11,96.6,9,69.97
"275",27037060502,33.15,57.59,16.5,56.97,6,71.95,9,88.01,9.5,71.91
"276",27037060503,24.9,49.97,8.75,31.22,0,0,9,88.01,0.2,0.97
"277",27037060505,43.65,67.16,27,80.94,0,0,0,0,1.5,12.16
"278",27037060506,24.15,49.3,7.75,27.19,0,0,0,0,0,0
"279",27037060507,2.2,10.77,5,15.23,0,0,0,0,0,0
"280",27037060508,74.45,80.74,25,76.98,23.5,95,10,93.9,39,98.17
"281",27037060509,22.45,47.49,6,18.58,1,40.77,9,88.01,1.2,11.63
"282",27037060603,73.3,80.33,12.75,46.38,0,0,10,93.9,1.9,25.51
"283",27037060604,20.25,44.55,7,23.09,0,0,10,93.9,7,61.14
"284",27037060605,48.15,69.7,22.5,72.2,21.5,93.74,10,93.9,0.5,3.34
"285",27037060606,5.4,17.93,3,7.17,0,0,1,0,0,0
"286",27037060709,38.05,62.21,4,11.07,1.5,45.9,4,34.79,0,0
"287",27037060710,113.1,88.23,48,95.83,0,0,6,63.41,34.2,97.42
"288",27037060711,53.2,72.51,15,52.6,4,63.56,1,0,4,43.49
"289",27037060713,14.5,35.52,3,7.17,0,0,1,0,0,0
"290",27037060714,10,27.02,4,11.07,0,0,1,0,0,0
"291",27037060716,18.1,41.2,9,31.35,0,0,1,0,0,0
"292",27037060717,115.15,88.43,37,91.33,36.5,98,1,0,9,69.97
"293",27037060721,25.2,50.64,12,43.58,0,0,7,76.09,0,0
"294",27037060725,57.6,74.52,21.75,70.22,21.5,93.74,7,76.09,2,25.62
"295",27037060726,44.7,67.63,10,35.45,5.5,69.82,7,76.09,2,25.62
"296",27037060727,17.7,40.07,4,11.07,0,0,1,0,0.2,0.97
"297",27037060728,45.7,68.09,0,0,9,78.81,1,0,0,0
"298",27037060729,20.95,45.22,7,23.09,0,0,1,0,0,0
"299",27037060731,17.2,39.8,0,0,0,0,1,0,0,0
"300",27037060732,8.75,24.88,2,3.28,0,0,1,0,0,0
"301",27037060733,37.7,61.34,2,3.28,0,0,1,0,0,0
"302",27037060734,26.4,52.24,0,0,0,0,1,0,0,0
"303",27037060735,5.8,18.39,10,35.45,0,0,1,0,0,0
"304",27037060737,11.4,30.7,4,11.07,4,63.56,0,0,5.6,54.57
"305",27037060738,8.75,24.88,7,23.09,0,0,1,0,1.5,12.16
"306",27037060739,37.75,61.47,10,35.45,3,58.23,5,51,0,0
"307",27037060742,21.25,46.15,0,0,0,0,1,0,0,0
"308",27037060743,2.85,11.91,1,0,0,0,0,0,0,0
"309",27037060744,2.5,11.37,5,15.23,0,0,0,0,0,0
"310",27037060745,44.25,67.42,17,57.79,4,63.56,1,0,1,8.18
"311",27037060746,5.75,18.33,3,7.17,0,0,1,0,0,0
"312",27037060747,7.2,21.61,3,7.17,0,0,6,63.41,0,0
"313",27037060748,89.7,84.21,22,70.29,3.5,61.49,6,63.41,9,69.97
"314",27037060749,20.2,44.41,0,0,0,0,7,76.09,0,0
"315",27037060750,21.95,46.56,5,15.23,0,0,1,0,0,0
"316",27037060751,2,8.63,1,0,0,0,1,0,0,0
"317",27037060752,32.3,57.06,0,0,0,0,1,0,0,0
"318",27037060753,29.65,55.65,1,0,0,0,1,0,0,0
"319",27037060754,23.5,48.16,2,3.28,0,0,1,0,0,0
"320",27037060805,0,0,0,0,0,0,0,0,0,0
"321",27037060811,36.7,60.33,13,46.72,0,0,1,0,0,0
"322",27037060812,33.6,58.13,6,18.58,0,0,2,9.22,0,0
"323",27037060813,27.5,53.58,0,0,0,0,1,0,1.5,12.16
"324",27037060814,19,42.14,7,23.09,0,0,2,9.22,0,0
"325",27037060815,17.95,40.47,4,11.07,0,0,2,9.22,0,0
"326",27037060819,7.9,23.08,1,0,2,50.77,2,9.22,0,0
"327",27037060822,1,4.82,3,7.17,0,0,1,0,0,0
"328",27037060823,38.5,62.74,9,31.35,0,0,1,0,0,0
"329",27037060824,27.2,53.31,2,3.28,0,0,0,0,0,0
"330",27037060828,19.75,43.41,3,7.17,2,50.77,1,0,0,0
"331",27037060829,10.45,28.36,1,0,0,0,2,9.22,1.5,12.16
"332",27037060830,7.9,23.08,2,3.28,0,0,1,0,0,0
"333",27037060831,22.25,47.16,0,0,0,0,2,9.22,0,0
"334",27037060832,9.5,26.49,2,3.28,0,0,2,9.22,0,0
"335",27037060833,9,25.22,0,0,0,0,1,0,0,0
"336",27037060834,14.7,35.99,5,15.23,0,0,2,9.22,0,0
"337",27037060835,23.4,48.09,11,39.69,0,0,1,0,9.3,71.69
"338",27037060836,45.3,67.89,20,65.92,23.5,95,7,76.09,4.5,47.79
"339",27037060837,20,43.81,9,31.35,2.5,55.1,2,9.22,0.3,2.69
"340",27037060839,17.1,39.67,2,3.28,0,0,1,0,0,0
"341",27037060840,10.25,28.03,1,0,0,0,1,0,0,0
"342",27037060841,17.25,39.87,5,15.23,0,0,1,0,0,0
"343",27037060902,20.35,44.68,5,15.23,4,63.56,6,63.41,0,0
"344",27037060904,79.85,82.07,40,93.17,1,40.77,6,63.41,1.5,12.16
"345",27037060905,41.1,65.15,10.75,39.62,0,0,6,63.41,0,0
"346",27037060906,4.8,16.66,1,0,0,0,1,0,0,0
"347",27037060907,11.4,30.7,2,3.28,0,0,7,76.09,0,0
"348",27037061001,103.8,86.42,22,70.29,6.5,73.22,11,96.6,26.5,94.62
"349",27037061003,158.7,92.51,17,57.79,60,99.67,10,93.9,40.1,98.49
"350",27037061007,21.15,46.02,4,11.07,0,0,1,0,0,0
"351",27037061008,28.1,54.05,11,39.69,0,0,0,0,1.5,12.16
"352",27037061009,26.65,52.58,2,3.28,0,0,0,0,0,0
"353",27037061010,12.75,32.51,0,0,0,0,1,0,0,0
"354",27037061011,25.3,50.84,1,0,0,0,1,0,0,0
"355",27037061102,60.85,75.92,18.5,62.84,0,0,11,96.6,0.5,3.34
"356",27037061105,29.15,54.98,16.5,56.97,0,0,11,96.6,0.5,3.34
"357",27037061106,13.05,33.58,5.75,18.31,0,0,11,96.6,3,34.98
"358",27037061109,78.3,81.67,39,92.9,18,91.41,13,99.31,0,0
"359",27037061110,4.1,15.79,1,0,4.5,66.36,4,34.79,0,0
"360",27037061111,25.9,51.51,19,63.39,0,0,6,63.41,2,25.62
"361",27037061112,3.85,14.98,3.5,10.86,0,0,4,34.79,0,0
"362",27037061402,14.9,36.25,30,84.97,4,63.56,7,76.09,2,25.62
"363",27037061501,37.7,61.34,8,27.46,2,50.77,7,76.09,3.25,41.01
"364",27037061502,17.7,40.07,9,31.35,17,90.14,6,63.41,3,34.98
"365",27039950100,3.5,14.11,9,31.35,0,0,3,19.13,7.25,63.51
"366",27039950200,21,45.35,22,70.29,48,99.27,3,19.13,22,91.28
"367",27039950300,18.1,41.2,13,46.72,0,0,4,34.79,12.5,79.44
"368",27039950400,15,36.32,17,57.79,2,50.77,5,51,7.5,63.83
"369",27039950500,15,36.32,17,57.79,0,0,2,9.22,24.5,93.43
"370",27041450100,0,0,13,46.72,0,0,4,34.79,7,61.14
"371",27041450200,10.25,28.03,31,86.13,2.5,55.1,8,83.02,18.4,88.37
"372",27041450500,11.6,30.97,15,52.6,4,63.56,8,83.02,28.5,95.91
"373",27041450601,55.5,73.58,23,72.61,8.5,77.81,3,19.13,0,0
"374",27041450602,41.9,65.95,4,11.07,5.5,69.82,3,19.13,1,8.18
"375",27041450702,55,73.24,31,86.13,9,78.81,3,19.13,1,8.18
"376",27041450703,41.25,65.42,27,80.94,26,96,3,19.13,7,61.14
"377",27041450704,69.6,79.33,18,60.66,55,99.53,3,19.13,5,50.27
"378",27041450800,8.25,24.35,19,63.39,4.5,66.36,5,51,0,0
"379",27041450900,19.9,43.68,9,31.35,14,87.14,5,51,9,69.97
"380",27041451000,19.7,43.34,16,55.4,2.5,55.1,5,51,4,43.49
"381",27043460100,6.1,19.67,17.5,60.31,0,0,4,34.79,2.5,31.86
"382",27043460200,18,40.6,28,82.45,7.5,75.62,8,83.02,18,88.05
"383",27043460300,0.3,3.81,15,52.6,4.5,66.36,5,51,11,76.21
"384",27043460400,5,16.86,47,95.56,4.5,66.36,4,34.79,9,69.97
"385",27043460500,15,36.32,37,91.33,1.5,45.9,4,34.79,24,92.68
"386",27043460600,19,42.14,31,86.13,6.5,73.22,2,9.22,22.5,91.93
"387",27045960100,21,45.35,21,68.24,9.5,79.95,3,19.13,4,43.49
"388",27045960200,1.1,6.96,12,43.58,25,95.6,5,51,36,97.85
"389",27045960300,5,16.86,33,87.77,9,78.81,5,51,24,92.68
"390",27045960400,8,23.28,23,72.61,0.5,35.84,5,51,43.5,99.35
"391",27045960500,0,0,20,65.92,12.5,85.08,3,19.13,4,43.49
"392",27045960600,0,0,16,55.4,1.5,45.9,3,19.13,11,76.21
"393",27047180100,0,0,13,46.72,20,92.87,3,19.13,10,73.63
"394",27047180200,1,4.82,22,70.29,0.5,35.84,6,63.41,11.5,77.07
"395",27047180300,23.55,48.29,18,60.66,1,40.77,7,76.09,2,25.62
"396",27047180400,49.95,70.77,3,7.17,10.5,82.01,7,76.09,3,34.98
"397",27047180500,41.35,65.55,11,39.69,4.5,66.36,7,76.09,13,80.52
"398",27047180600,90.5,84.48,50,96.17,46,99.07,7,76.09,5.5,52.42
"399",27047180700,42.65,66.49,23,72.61,5,67.95,10,93.9,28,95.8
"400",27047180800,53,72.44,17,57.79,15,88.41,7,76.09,7.5,63.83
"401",27047180900,48.6,70.03,18,60.66,10.5,82.01,7,76.09,0,0
"402",27047181000,11,29.16,12,43.58,1,40.77,8,83.02,11,76.21
"403",27049080101,48,69.63,13,46.72,4.5,66.36,5,51,15.55,85.68
"404",27049080102,33.8,58.53,6,18.58,2,50.77,5,51,4.3,47.69
"405",27049080201,72,79.87,29,83.81,20.5,93.27,6,63.41,27,94.83
"406",27049080202,38,61.94,24,74.52,33,97.4,5,51,20.5,89.88
"407",27049080300,7.4,21.94,9,31.35,2,50.77,6,63.41,5.6,54.57
"408",27049080400,17.1,39.67,14,49.93,1.5,45.9,3,19.13,24.2,93.22
"409",27049080500,19.6,43.14,13,46.72,9.5,79.95,7,76.09,7.5,63.83
"410",27049080600,24,48.9,25,76.98,40.5,98.53,5,51,0,0
"411",27049080700,5,16.86,19,63.39,5,67.95,5,51,9,69.97
"412",27049080800,2,8.63,22,70.29,11,82.54,3,19.13,0,0
"413",27049080900,9,25.22,28,82.45,16,89.47,3,19.13,27,94.83
"414",27051070100,7,20.54,20,65.92,1.5,45.9,7,76.09,4,43.49
"415",27051070200,8,23.28,33,87.77,1.5,45.9,7,76.09,7.3,63.62
"416",27053000101,47.85,69.43,10.5,39.07,2,50.77,9,88.01,0,0
"417",27053000102,65.25,77.79,17,57.79,0.5,35.84,5,51,0,0
"418",27053000300,29.15,54.98,1,0,0,0,8,83.02,0,0
"419",27053000601,247.15,96.32,31,86.13,1,40.77,8,83.02,0,0
"420",27053000603,62.35,76.66,6,18.58,12,84.21,3,19.13,0,0
"421",27053001100,70.25,79.46,9.25,34.9,0,0,0,0,3.5,41.23
"422",27053001700,222.25,95.72,22,70.29,4,63.56,4,34.79,3.5,41.23
"423",27053002200,191.15,94.58,12.5,46.17,0,0,4,34.79,5,50.27
"424",27053002400,272.5,96.92,20.5,67.76,3,58.23,4,34.79,7,61.14
"425",27053002700,68.05,78.8,5,15.23,0,0,6,63.41,0,0
"426",27053003200,65.9,78.26,2,3.28,0,0,6,63.41,0,0
"427",27053003300,145.6,92.04,7.25,26.98,0,0,6,63.41,0,0
"428",27053003801,387.85,98.8,21.5,69.81,0,0,9,88.01,0.45,3.23
"429",27053003802,304.3,97.59,12,43.58,0,0,9,88.01,0.25,2.05
"430",27053005901,218.15,95.65,3,7.17,1.5,45.9,10,93.9,0,0
"431",27053005902,179,94.05,8.5,30.94,0,0,1,0,0,0
"432",27053006800,187.85,94.45,26,79.03,0,0,2,9.22,1.5,12.16
"433",27053007700,418.45,99.2,47,95.56,1.5,45.9,3,19.13,3.5,41.23
"434",27053007801,202.15,95.25,20,65.92,7.5,75.62,3,19.13,0,0
"435",27053008100,258.55,96.66,9,31.35,0,0,2,9.22,9,69.97
"436",27053008200,227.25,95.85,10.5,39.07,2,50.77,3,19.13,0,0
"437",27053008300,156.15,92.37,7.75,27.19,0,0,3,19.13,0,0
"438",27053008400,139.4,91.51,4.5,15.03,0,0,3,19.13,0.5,3.34
"439",27053008500,138.7,91.44,6.5,22.88,0,0,3,19.13,1.5,12.16
"440",27053009500,52.3,72.11,10,35.45,0,0,8,83.02,0,0
"441",27053009600,41.85,65.75,4,11.07,0,0,8,83.02,0,0
"442",27053010600,38.65,62.88,8,27.46,0,0,7,76.09,0,0
"443",27053010700,29.25,55.12,4,11.07,0,0,7,76.09,0,0
"444",27053011000,40.05,64.41,11,39.69,0,0,9,88.01,0,0
"445",27053011703,54.25,72.98,5,15.23,2,50.77,9,88.01,0,0
"446",27053011704,29.65,55.65,3.5,10.86,0,0,9,88.01,0,0
"447",27053011800,96.95,85.75,5,15.23,0,0,9,88.01,0,0
"448",27053011998,104.05,86.49,13,46.72,0,0,12,98.48,0,0
"449",27053012001,58.1,74.85,16,55.4,0,0,8,83.02,0,0
"450",27053012003,91.7,84.82,30.75,86,3,58.23,9,88.01,1.5,12.16
"451",27053012101,64.15,76.99,0,0,0,0,9,88.01,0,0
"452",27053012102,68.2,78.93,18,60.66,0,0,12,98.48,0,0
"453",27053020101,40.2,64.62,6,18.58,0,0,5,51,0,0
"454",27053020102,106.1,86.89,23,72.61,1,40.77,0,0,0,0
"455",27053020201,54.3,73.04,37.5,92.01,2.5,55.1,9,88.01,0,0
"456",27053020202,29.35,55.25,12,43.58,0,0,5,51,0,0
"457",27053020301,39.3,63.41,24,74.52,1.5,45.9,5,51,0,0
"458",27053020302,41.5,65.69,21.5,69.81,0,0,5,51,1.5,12.16
"459",27053020303,50.25,70.9,10.5,39.07,0,0,9,88.01,0,0
"460",27053020304,45.6,68.03,17,57.79,0,0,9,88.01,0,0
"461",27053020400,134.95,91.1,39.5,93.1,1,40.77,9,88.01,0,0
"462",27053020500,56,73.78,31.25,86.95,0,0,9,88.01,3,34.98
"463",27053020600,38.8,63.14,20.75,68.1,0,0,5,51,0,0
"464",27053020700,90.5,84.48,23.5,74.18,17.5,90.47,4,34.79,0,0
"465",27053020801,67.25,78.6,1,0,0,0,7,76.09,0,0
"466",27053020804,73.5,80.47,12,43.58,0,0,4,34.79,0,0
"467",27053020902,23.55,48.29,4,11.07,0,0,8,83.02,1.5,12.16
"468",27053020903,48.65,70.1,5,15.23,0,0,5,51,0,0
"469",27053021001,50.75,71.17,18,60.66,2,50.77,7,76.09,7,61.14
"470",27053021002,32.45,57.19,11.5,43.17,0,0,6,63.41,0,0
"471",27053021100,44.4,67.49,12.75,46.38,0,0,8,83.02,0,0
"472",27053021200,133.65,90.84,9.75,35.31,0,0,9,88.01,0,0
"473",27053021300,96.8,85.69,22,70.29,0,0,8,83.02,0,0
"474",27053021400,30.3,56.19,5,15.23,2.5,55.1,7,76.09,0,0
"475",27053021501,48.45,69.83,9,31.35,1.5,45.9,7,76.09,0,0
"476",27053021502,120.35,89.3,13,46.72,18.5,91.87,5,51,0,0
"477",27053021503,111.55,87.96,22,70.29,5,67.95,4,34.79,0,0
"478",27053021504,32.8,57.32,18,60.66,1,40.77,3,19.13,0,0
"479",27053021505,68.6,79,19.5,65.57,4.5,66.36,6,63.41,0,0
"480",27053021601,113.2,88.29,18,60.66,6,71.95,6,63.41,3,34.98
"481",27053021602,153.1,92.17,63,98.77,8.5,77.81,6,63.41,0,0
"482",27053021700,54.7,73.11,13.5,49.59,1,40.77,6,63.41,0,0
"483",27053021800,47,68.96,9,31.35,0,0,6,63.41,1.5,12.16
"484",27053021900,176.2,93.71,51,96.38,0,0,6,63.41,0,0
"485",27053022000,90.4,84.35,12,43.58,3,58.23,2,9.22,6,55.11
"486",27053022101,116.25,88.63,18,60.66,1,40.77,1,0,7.5,63.83
"487",27053022102,81.5,82.61,6,18.58,0,0,6,63.41,3,34.98
"488",27053022200,47.6,69.36,12,43.58,0,0,6,63.41,0,0
"489",27053022301,46.65,68.7,0,0,0,0,6,63.41,0,0
"490",27053022302,108.3,87.22,26.5,80.6,0,0,6,63.41,0,0
"491",27053022400,118.35,88.9,6.5,22.88,0,0,6,63.41,6.5,58.45
"492",27053022700,192.85,94.78,25,76.98,4,63.56,7,76.09,6,55.11
"493",27053022801,53.85,72.78,12.5,46.17,0,0,2,9.22,0,0
"494",27053022802,183.05,94.25,34.5,89.69,8,76.88,2,9.22,0,0
"495",27053022901,233.75,96.12,37.5,92.01,3,58.23,7,76.09,0,0
"496",27053022902,40.55,65.02,2.5,6.9,0,0,5,51,0,0
"497",27053023000,296.75,97.39,69.25,99.11,22.5,94.34,5,51,1.5,12.16
"498",27053023100,66,78.33,0,0,0,0,7,76.09,0,0
"499",27053023201,38.2,62.47,7,23.09,0,0,6,63.41,0,0
"500",27053023202,125.05,89.97,30.5,85.72,1.5,45.9,6,63.41,0,0
"501",27053023300,193.9,94.92,53,96.93,10.5,82.01,5,51,0,0
"502",27053023401,109.15,87.56,15,52.6,1.5,45.9,1,0,4.5,47.79
"503",27053023402,120.55,89.36,22.5,72.2,1,40.77,5,51,1.5,12.16
"504",27053023501,67.4,78.66,12,43.58,0,0,5,51,0,0
"505",27053023502,34.55,59.33,21,68.24,0,0,5,51,0,0
"506",27053023600,111,87.69,52,96.65,3,58.23,7,76.09,1,8.18
"507",27053023700,47.05,69.1,13,46.72,0.5,35.84,6,63.41,0,0
"508",27053023801,33.15,57.59,12,43.58,0,0,6,63.41,1.5,12.16
"509",27053023802,26.95,52.84,4.5,15.03,0,0,7,76.09,0,0
"510",27053023901,9.4,26.29,3,7.17,0,0,3,19.13,0,0
"511",27053023902,29.35,55.25,2,3.28,0,0,3,19.13,0,0
"512",27053023903,59,75.18,17,57.79,1.5,45.9,3,19.13,1.5,12.16
"513",27053024003,77.35,81.2,13,46.72,0.5,35.84,3,19.13,0,0
"514",27053024004,35.25,59.8,8.5,30.94,0,0,1,0,0,0
"515",27053024005,41.4,65.62,17.5,60.31,1,40.77,6,63.41,0,0
"516",27053024006,11.2,30.3,2,3.28,0,0,6,63.41,0,0
"517",27053024100,44.4,67.49,29,83.81,0,0,6,63.41,1.5,12.16
"518",27053024200,31,56.39,9.5,34.97,0,0,1,0,0,0
"519",27053024300,42.5,66.35,13,46.72,2,50.77,1,0,0,0
"520",27053024400,94.1,85.08,18,60.66,0,0,1,0,1.5,12.16
"521",27053024500,35.85,60.07,4,11.07,0,0,0,0,3,34.98
"522",27053024600,118.45,89.03,17,57.79,0,0,1,0,0.5,3.34
"523",27053024700,72.7,80.13,19.5,65.57,0,0,4,34.79,0,0
"524",27053024801,19.2,42.81,2.5,6.9,0,0,0,0,0,0
"525",27053024802,46.9,68.83,5,15.23,0,0,0,0,0,0
"526",27053024903,11.15,30.23,4,11.07,0,0,0,0,0,0
"527",27053024904,58.8,75.12,26,79.03,2.5,55.1,4,34.79,1.5,12.16
"528",27053025100,40.05,64.41,28.5,83.67,4,63.56,6,63.41,1.5,12.16
"529",27053025201,33.9,58.66,9,31.35,0,0,0,0,3,34.98
"530",27053025205,8.45,24.55,12,43.58,0,0,0,0,0,0
"531",27053025301,17.55,40,4,11.07,0,0,6,63.41,1.5,12.16
"532",27053025302,23.75,48.63,10,35.45,0,0,6,63.41,0,0
"533",27053025401,276.7,96.99,25.5,78.55,1.5,45.9,1,0,0,0
"534",27053025403,157.6,92.44,16.5,56.97,0,0,4,34.79,1.5,12.16
"535",27053025601,96.05,85.48,17.5,60.31,2.5,55.1,5,51,0,0
"536",27053025603,40.05,64.41,6,18.58,0,0,5,51,0,0
"537",27053025605,107.7,87.09,25,76.98,1,40.77,5,51,0,0
"538",27053025702,77.15,81.07,15.5,55.05,17,90.14,5,51,0.5,3.34
"539",27053025703,12.35,31.97,4,11.07,0,0,5,51,0,0
"540",27053025704,19.75,43.41,6,18.58,0,0,7,76.09,0,0
"541",27053025801,36.85,60.47,7,23.09,0,0,6,63.41,1.5,12.16
"542",27053025803,22.1,47.02,9,31.35,3,58.23,6,63.41,0,0
"543",27053025805,15.35,36.92,11,39.69,0,0,6,63.41,2.3,31.54
"544",27053025905,26.65,52.58,3,7.17,0,0,3,19.13,0,0
"545",27053025906,3.55,14.52,3,7.17,0,0,7,76.09,1.5,12.16
"546",27053025907,17.95,40.47,7.75,27.19,0,0,7,76.09,2.25,31.32
"547",27053025908,51.55,71.51,7,23.09,0,0,3,19.13,1.5,12.16
"548",27053025909,3.6,14.58,3,7.17,0,0,7,76.09,0,0
"549",27053026005,25,50.1,4,11.07,0.5,35.84,2,9.22,1.5,12.16
"550",27053026006,19.45,43.01,2,3.28,2,50.77,2,9.22,0,0
"551",27053026007,72.7,80.13,30,84.97,28.5,96.67,4,34.79,0,0
"552",27053026014,7,20.54,3,7.17,3,58.23,3,19.13,0,0
"553",27053026015,38.7,63.08,16,55.4,5,67.95,6,63.41,0.5,3.34
"554",27053026019,59,75.18,9,31.35,11,82.54,4,34.79,0,0
"555",27053026020,37.05,60.94,11,39.69,5,67.95,4,34.79,0,0
"556",27053026021,12.9,32.84,2,3.28,0,0,7,76.09,0,0
"557",27053026023,21.2,46.09,8,27.46,0,0,4,34.79,0.5,3.34
"558",27053026024,2.1,10.5,1,0,0,0,8,83.02,0,0
"559",27053026026,4.75,16.45,1,0,0,0,9,88.01,0,0
"560",27053026027,1.1,6.96,1,0,0,0,6,63.41,0,0
"561",27053026028,38.65,62.88,22,70.29,0.5,35.84,9,88.01,3.5,41.23
"562",27053026101,42.25,66.29,4,11.07,0,0,5,51,0,0
"563",27053026103,84.05,83.08,15,52.6,2.5,55.1,7,76.09,0,0
"564",27053026104,45.1,67.76,11,39.69,17.5,90.47,3,19.13,0,0
"565",27053026201,7.35,21.81,10.5,39.07,0,0,6,63.41,3,34.98
"566",27053026202,65.35,77.93,23,72.61,2.5,55.1,6,63.41,0,0
"567",27053026205,9.85,26.96,3,7.17,0.5,35.84,1,0,3,34.98
"568",27053026206,31.25,56.59,7,23.09,0,0,1,0,0,0
"569",27053026207,0.5,3.95,4,11.07,0,0,3,19.13,0,0
"570",27053026208,38,61.94,11,39.69,0,0,2,9.22,1.5,12.16
"571",27053026301,77.6,81.34,20,65.92,0,0,7,76.09,0,0
"572",27053026302,91.1,84.75,20.5,67.76,1.5,45.9,6,63.41,1.5,12.16
"573",27053026403,12.45,32.11,13,46.72,0,0,6,63.41,0,0
"574",27053026404,64.9,77.46,25,76.98,10,81.01,6,63.41,1.5,12.16
"575",27053026405,17.7,40.07,7,23.09,1.5,45.9,6,63.41,0,0
"576",27053026406,11.75,31.17,8,27.46,0,0,6,63.41,1.5,12.16
"577",27053026505,36.95,60.54,1,0,0,0,6,63.41,1.5,12.16
"578",27053026507,63.55,76.79,26,79.03,12,84.21,6,63.41,2,25.62
"579",27053026508,53.2,72.51,12,43.58,10,81.01,5,51,0,0
"580",27053026509,25.5,51.04,1,0,0,0,5,51,0,0
"581",27053026510,28.1,54.05,13,46.72,1,40.77,5,51,0,0
"582",27053026511,2,8.63,14,49.93,0.5,35.84,3,19.13,0,0
"583",27053026514,192.25,94.72,38,92.21,26.5,96.2,4,34.79,7,61.14
"584",27053026515,26.6,52.44,1,0,0,0,4,34.79,0,0
"585",27053026516,37.6,61.27,21,68.24,1.5,45.9,6,63.41,1.5,12.16
"586",27053026605,51.55,71.51,8,27.46,1.5,45.9,6,63.41,0,0
"587",27053026606,10.65,28.7,5,15.23,0,0,3,19.13,0,0
"588",27053026609,25.5,51.04,4,11.07,0,0,4,34.79,1,8.18
"589",27053026610,170.2,93.31,9,31.35,0,0,4,34.79,0,0
"590",27053026611,322.6,97.99,2,3.28,1,40.77,4,34.79,2,25.62
"591",27053026614,18.15,41.34,5,15.23,0,0,4,34.79,0,0
"592",27053026615,8.6,24.75,3,7.17,0,0,6,63.41,0,0
"593",27053026616,16.3,38.73,7,23.09,0,0,6,63.41,0,0
"594",27053026617,99.8,86.09,4,11.07,0,0,5,51,0,0
"595",27053026702,73.3,80.33,22,70.29,3,58.23,5,51,5,50.27
"596",27053026707,39.95,64.28,5,15.23,5.5,69.82,6,63.41,4.5,47.79
"597",27053026708,30.5,56.25,7,23.09,1.5,45.9,7,76.09,3,34.98
"598",27053026711,7.35,21.81,1,0,0,0,7,76.09,0,0
"599",27053026712,11.75,31.17,3,7.17,0,0,5,51,0,0
"600",27053026713,14.75,36.05,4,11.07,0,0,7,76.09,0,0
"601",27053026717,25.4,50.9,5,15.23,0,0,6,63.41,0,0
"602",27053026718,9.4,26.29,1,0,0,0,7,76.09,0,0
"603",27053026719,0.25,3.41,6,18.58,0,0,6,63.41,0,0
"604",27053026720,1,4.82,1,0,0,0,7,76.09,0,0
"605",27053026721,3.05,13.38,1,0,0,0,7,76.09,0,0
"606",27053026722,1.25,7.69,5,15.23,0,0,5,51,0,0
"607",27053026723,6.35,20.2,7,23.09,0,0,7,76.09,0,0
"608",27053026724,88.1,83.81,11,39.69,2.5,55.1,7,76.09,12.3,79.33
"609",27053026725,18.95,42.07,1,0,0,0,7,76.09,2,25.62
"610",27053026726,122.25,89.57,26,79.03,14.5,87.81,7,76.09,13.5,82.24
"611",27053026807,119.95,89.23,21,68.24,31,97.07,7,76.09,10,73.63
"612",27053026809,40.8,65.08,8,27.46,6.5,73.22,9,88.01,0,0
"613",27053026811,52.25,71.97,23.5,74.18,9.5,79.95,5,51,0,0
"614",27053026812,47.2,69.16,8,27.46,6,71.95,6,63.41,1,8.18
"615",27053026814,16.2,38.46,6,18.58,9,78.81,5,51,0,0
"616",27053026815,25.2,50.64,5,15.23,0,0,5,51,0,0
"617",27053026816,45.85,68.23,14,49.93,3.5,61.49,5,51,2.5,31.86
"618",27053026818,40.2,64.62,12,43.58,0,0,5,51,0,0
"619",27053026819,20.8,45.15,7,23.09,0,0,5,51,0,0
"620",27053026822,41.2,65.35,15.5,55.05,0,0,5,51,1.5,12.16
"621",27053026823,15.6,37.39,7.75,27.19,0,0,5,51,0,0
"622",27053026824,3.5,14.11,1,0,0,0,4,34.79,0,0
"623",27053026825,3,12.11,0,0,0,0,4,34.79,0,0
"624",27053026827,15.8,37.86,18.5,62.84,3,58.23,5,51,0,0
"625",27053026828,24.45,49.57,9.5,34.97,0,0,5,51,1.5,12.16
"626",27053026903,40.4,64.88,11,39.69,1.5,45.9,6,63.41,1.5,12.16
"627",27053026906,38.1,62.27,4,11.07,0,0,5,51,1.5,12.16
"628",27053026907,16.75,39.13,3,7.17,0,0,6,63.41,0,0
"629",27053026908,1.7,8.29,2,3.28,0,0,4,34.79,0,0
"630",27053026910,71.75,79.8,14,49.93,0,0,6,63.41,1.5,12.16
"631",27053026911,54.1,72.84,11,39.69,6,71.95,6,63.41,1.5,12.16
"632",27053026912,76.35,80.87,28,82.45,11,82.54,6,63.41,8.5,68.14
"633",27053027001,7.55,22.54,15,52.6,0,0,9,88.01,0,0
"634",27053027002,18.6,41.74,23,72.61,9.5,79.95,9,88.01,0,0
"635",27053027101,87.7,83.68,58,98.29,3.5,61.49,8,83.02,0,0
"636",27053027102,37.8,61.67,20,65.92,0,0,8,83.02,1.5,12.16
"637",27053027202,52.55,72.31,21,68.24,6,71.95,4,34.79,0,0
"638",27053027203,90.4,84.35,59.5,98.43,2,50.77,2,9.22,1.5,12.16
"639",27053027204,50.3,71.04,26.5,80.6,0.5,35.84,4,34.79,0,0
"640",27053027205,56.15,73.98,28,82.45,0,0,4,34.79,0,0
"641",27053027300,122.6,89.7,57,97.88,6,71.95,7,76.09,4.5,47.79
"642",27053027400,27.9,53.78,15,52.6,0,0,7,76.09,0,0
"643",27053027501,142.4,91.64,57,97.88,3,58.23,1,0,0,0
"644",27053027503,70.85,79.67,33,87.77,0,0,2,9.22,2,25.62
"645",27053027504,48.85,70.23,7,23.09,0,0,3,19.13,1.5,12.16
"646",27053027601,66.35,78.46,27.25,82.17,4,63.56,4,34.79,7,61.14
"647",27053027602,87.7,83.68,43.5,94.6,2,50.77,3,19.13,1.5,12.16
"648",27053027701,19.65,43.28,11,39.69,1,40.77,4,34.79,4,43.49
"649",27053027702,0,0,7,23.09,0,0,3,19.13,3.5,41.23
"650",27053027703,5.1,17.46,14,49.93,0,0,3,19.13,2,25.62
"651",27053100200,101.05,86.29,9,31.35,0,0,9,88.01,0,0
"652",27053100400,107.8,87.16,9,31.35,1.5,45.9,6,63.41,1.5,12.16
"653",27053100500,297.9,97.53,24.5,76.71,31.5,97.2,5,51,2,25.62
"654",27053100700,31.9,56.79,6,18.58,0,0,5,51,0,0
"655",27053100800,34.3,59,10,35.45,0,0,6,63.41,0,0
"656",27053100900,131.6,90.7,9,31.35,0,0,5,51,1,8.18
"657",27053101200,143.6,91.71,21.5,69.81,0,0,0,0,0,0
"658",27053101300,39.9,64.21,10,35.45,0,0,5,51,0,0
"659",27053101600,190.65,94.52,26.5,80.6,3,58.23,4,34.79,14.5,83.21
"660",27053101800,231.1,95.99,33.5,88.8,14,87.14,4,34.79,0,0
"661",27053101900,145.1,91.91,13,46.72,0.5,35.84,0,0,0,0
"662",27053102000,39.75,64.08,6,18.58,0,0,6,63.41,0,0
"663",27053102100,134.1,90.9,11.5,43.17,2,50.77,4,34.79,0,0
"664",27053102500,254.25,96.59,32.5,87.64,5,67.95,4,34.79,1.5,12.16
"665",27053102600,459.35,99.46,46.25,95.49,20,92.87,9,88.01,4.5,47.79
"666",27053102800,168.15,93.18,14,49.93,0,0,6,63.41,0,0
"667",27053103000,368.6,98.66,26.25,80.53,7.5,75.62,9,88.01,8.6,69.75
"668",27053103100,176.95,93.85,19.5,65.57,0,0,9,88.01,0,0
"669",27053103400,395.95,99,26,79.03,0,0,5,51,4,43.49
"670",27053103600,283.3,97.19,26.5,80.6,0.5,35.84,9,88.01,0,0
"671",27053103700,390.9,98.86,34.75,89.75,0.5,35.84,9,88.01,0.3,2.69
"672",27053103900,245.7,96.25,11.25,43.1,0,0,9,88.01,0.1,0.32
"673",27053104001,516.45,99.53,33,87.77,3.5,61.49,10,93.9,7.95,65.77
"674",27053104002,649.95,99.8,109,99.86,29.5,96.8,10,93.9,15,84.07
"675",27053104100,368.85,98.73,57,97.88,6,71.95,6,63.41,2.1,30.79
"676",27053104400,367,98.6,33,87.77,4,63.56,10,93.9,8,65.88
"677",27053104801,167.7,93.11,9.75,35.31,0,0,9,88.01,0,0
"678",27053104802,350.25,98.39,25.5,78.55,1,40.77,9,88.01,0,0
"679",27053104901,452.9,99.4,24,74.52,7.5,75.62,10,93.9,5.8,54.9
"680",27053104902,361.25,98.53,21,68.24,0.5,35.84,10,93.9,6.5,58.45
"681",27053105100,277.8,97.06,31,86.13,0,0,6,63.41,1.5,12.16
"682",27053105201,181.4,94.11,14,49.93,0,0,6,63.41,7.1,63.4
"683",27053105204,169.4,93.24,12,43.58,0,0,5,51,1.5,12.16
"684",27053105400,284.9,97.26,24,74.52,1.5,45.9,10,93.9,0,0
"685",27053105500,199.8,95.12,37.75,92.14,0,0,6,63.41,0,0
"686",27053105600,140.3,91.57,15.25,54.99,0,0,6,63.41,0,0
"687",27053105700,130.1,90.5,10.5,39.07,0,0,1,0,1.5,12.16
"688",27053106000,265.05,96.79,7,23.09,0,0,9,88.01,1.5,12.16
"689",27053106200,228.3,95.92,16.5,56.97,0,0,9,88.01,0.5,3.34
"690",27053106400,118.3,88.83,6,18.58,0,0,9,88.01,0,0
"691",27053106500,125.6,90.17,29.25,84.63,0,0,6,63.41,0,0
"692",27053106600,197,95.05,20.5,67.76,1,40.77,2,9.22,0,0
"693",27053106700,304.65,97.66,36.5,91.19,3,58.23,6,63.41,0,0
"694",27053106900,196.7,94.98,21.5,69.81,0,0,1,0,0,0
"695",27053107000,290.6,97.32,25.25,78.48,0,0,2,9.22,0,0
"696",27053107400,348.6,98.33,21.5,69.81,0,0,12,98.48,5.25,52.21
"697",27053107500,448.5,99.33,36,90.64,1.5,45.9,12,98.48,0.75,7
"698",27053107600,64.9,77.46,11,39.69,0,0,9,88.01,0,0
"699",27053108000,161.5,92.71,14,49.93,1.5,45.9,2,9.22,0,0
"700",27053108600,135,91.17,14.5,52.25,0,0,3,19.13,3,34.98
"701",27053108700,238.15,96.19,16.5,56.97,0,0,3,19.13,1.5,12.16
"702",27053108800,297,97.46,28.5,83.67,0,0,12,98.48,0.75,7
"703",27053108900,98.95,86.02,6,18.58,1.5,45.9,10,93.9,0.5,3.34
"704",27053109000,17.75,40.33,6,18.58,0,0,9,88.01,0,0
"705",27053109100,129.9,90.43,23,72.61,1.5,45.9,7,76.09,1.5,12.16
"706",27053109200,62.2,76.52,11,39.69,0,0,2,9.22,0,0
"707",27053109300,112.45,88.09,11,39.69,0,0,3,19.13,0,0
"708",27053109400,64.75,77.26,2,3.28,0,0,3,19.13,0,0
"709",27053109700,50.25,70.9,4,11.07,0,0,3,19.13,0.3,2.69
"710",27053109800,69.95,79.4,13,46.72,0,0,7,76.09,0,0
"711",27053109900,94.45,85.15,21,68.24,0,0,8,83.02,0,0
"712",27053110000,39.3,63.41,3,7.17,0,0,8,83.02,0,0
"713",27053110100,43.05,66.56,6,18.58,0,0,8,83.02,1.5,12.16
"714",27053110200,95.9,85.35,6,18.58,0,0,8,83.02,0,0
"715",27053110400,89.6,84.15,8,27.46,0,0,10,93.9,0,0
"716",27053110500,114.6,88.36,17,57.79,0,0,12,98.48,0,0
"717",27053110800,45.75,68.16,9,31.35,0,0,8,83.02,0,0
"718",27053110900,34.4,59.2,9,31.35,0,0,9,88.01,0,0
"719",27053111100,111.15,87.76,4,11.07,0,0,12,98.48,0,0
"720",27053111200,61.95,76.12,9,31.35,1.5,45.9,7,76.09,0,0
"721",27053111300,52.65,72.37,8.5,30.94,0,0,7,76.09,0,0
"722",27053111400,88.8,84.01,32,87.16,0,0,8,83.02,0,0
"723",27053111500,122.4,89.63,30.5,85.72,0,0,8,83.02,1.5,12.16
"724",27053111600,37.3,61.14,5,15.23,0,0,9,88.01,0,0
"725",27053122500,308.15,97.73,33,87.77,0,0,6,63.41,0,0
"726",27053122600,226.05,95.79,31.5,87.02,0.5,35.84,5,51,1.5,12.16
"727",27053125500,412.25,99.13,88,99.52,19.5,92.41,5,51,1.5,12.16
"728",27053125600,677.4,99.87,54.75,97.4,15,88.41,10,93.9,9.5,71.91
"729",27053125700,51.85,71.64,8,27.46,0,0,4,34.79,0.5,3.34
"730",27053125800,260.95,96.72,16.5,56.97,1,40.77,3,19.13,1.5,12.16
"731",27053125900,397.55,99.06,25.5,78.55,0,0,12,98.48,4.5,47.79
"732",27053126000,282.5,97.12,33.5,88.8,4,63.56,3,19.13,0,0
"733",27053126101,317.2,97.93,13,46.72,0,0,9,88.01,1.6,25.08
"734",27053126102,736.6,99.93,74.5,99.39,11,82.54,10,93.9,12.5,79.44
"735",27053126201,596.45,99.73,61.25,98.63,21,93.54,10,93.9,17.5,87.41
"736",27053126202,446.45,99.26,26.5,80.6,5.5,69.82,9,88.01,8,65.88
"737",27053126300,554.65,99.67,44,94.74,13.5,86.54,4,34.79,15.6,85.79
"738",27053980000,127.65,90.23,66.5,98.91,6,71.95,13,99.31,6.5,58.45
"739",27053980100,62.05,76.32,35,89.82,7,74.48,10,93.9,0,0
"740",27055020100,0,0,20,65.92,4,63.56,4,34.79,0.5,3.34
"741",27055020200,1.5,7.96,9,31.35,0.5,35.84,4,34.79,13.5,82.24
"742",27055020300,3.1,13.58,12,43.58,6,71.95,4,34.79,14,82.88
"743",27055020500,40,64.35,35,89.82,2,50.77,0,0,2.5,31.86
"744",27055020900,18,40.6,18,60.66,4,63.56,3,19.13,3.5,41.23
"745",27057070100,5,16.86,8,27.46,13,85.74,2,9.22,20,89.34
"746",27057070200,2,8.63,15,52.6,1.5,45.9,2,9.22,0,0
"747",27057070300,0,0,3,7.17,0,0,2,9.22,4,43.49
"748",27057070400,0,0,11,39.69,0.5,35.84,3,19.13,0,0
"749",27057070500,22.35,47.42,14,49.93,5.5,69.82,3,19.13,18,88.05
"750",27057070600,10,27.02,28,82.45,13.5,86.54,1,0,16.5,86.01
"751",27057070700,0.6,4.21,4,11.07,1.5,45.9,4,34.79,6.75,61.03
"752",27059130100,7.1,21.4,13,46.72,8,76.88,5,51,0,0
"753",27059130200,3.35,13.98,24,74.52,11.5,83.68,2,9.22,0,0
"754",27059130302,29.5,55.45,25.5,78.55,13.5,86.54,2,9.22,8.5,68.14
"755",27059130303,12,31.44,7,23.09,2,50.77,3,19.13,3.1,40.58
"756",27059130304,19.25,42.88,18,60.66,5,67.95,3,19.13,9.3,71.69
"757",27059130400,4,15.05,13,46.72,3.5,61.49,4,34.79,9.5,71.91
"758",27059130501,22,46.62,14.5,52.25,7,74.48,3,19.13,12,78.04
"759",27059130502,8,23.28,9,31.35,10,81.01,2,9.22,26,94.19
"760",27059130600,4,15.05,19,63.39,1.5,45.9,5,51,7.5,63.83
"761",27061480101,11,29.16,24,74.52,4.5,66.36,2,9.22,1,8.18
"762",27061480102,2,8.63,6,18.58,0,0,5,51,7.5,63.83
"763",27061480301,4,15.05,26,79.03,4,63.56,2,9.22,17,86.54
"764",27061480302,21.25,46.15,25,76.98,2,50.77,1,0,4.5,47.79
"765",27061480303,0,0,2,3.28,0,0,1,0,1.5,12.16
"766",27061480401,2,8.63,18,60.66,0,0,2,9.22,0,0
"767",27061480402,2,8.63,9,31.35,2,50.77,3,19.13,8.5,68.14
"768",27061480403,10,27.02,2,3.28,1,40.77,3,19.13,0,0
"769",27061480500,15.75,37.73,33,87.77,2,50.77,3,19.13,21.5,90.85
"770",27061480600,22,46.62,16,55.4,7.5,75.62,5,51,6,55.11
"771",27061480701,1.6,8.23,7,23.09,0.5,35.84,2,9.22,8,65.88
"772",27061480702,3,12.11,11,39.69,4.5,66.36,2,9.22,3,34.98
"773",27061480801,8,23.28,7,23.09,1,40.77,3,19.13,9,69.97
"774",27061480803,16.25,38.6,27,80.94,5.5,69.82,3,19.13,6.25,58.23
"775",27061480804,7.1,21.4,7,23.09,3.5,61.49,2,9.22,8.5,68.14
"776",27061480805,41.85,65.75,31,86.13,22.5,94.34,2,9.22,2.2,31.11
"777",27061480901,35.35,59.87,8,27.46,0,0,2,9.22,2,25.62
"778",27061480902,43.5,67.09,53,96.93,9.5,79.95,4,34.79,32.8,96.88
"779",27061481001,17,39.26,14,49.93,1.5,45.9,4,34.79,1.5,12.16
"780",27061481002,52,71.77,32,87.16,0.5,35.84,5,51,4,43.49
"781",27061940000,16,38.06,17,57.79,1.5,45.9,0,0,3.5,41.23
"782",27063480100,13.25,33.85,12,43.58,18,91.41,9,88.01,5,50.27
"783",27063480200,5.25,17.59,17,57.79,0.5,35.84,7,76.09,1,8.18
"784",27063480300,9,25.22,22,70.29,12,84.21,6,63.41,0,0
"785",27063480400,25,50.1,28,82.45,52.5,99.33,7,76.09,2,25.62
"786",27065480100,4,15.05,3,7.17,12.5,85.08,4,34.79,2,25.62
"787",27065480200,1,4.82,8,27.46,1.5,45.9,4,34.79,8,65.88
"788",27065480300,7.5,22.34,27,80.94,21,93.54,4,34.79,0,0
"789",27065480400,8.1,24.15,10,35.45,10.5,82.01,4,34.79,20,89.34
"790",27067770900,36.95,60.54,18.5,62.84,5,67.95,0,0,0,0
"791",27067780100,10,27.02,8,27.46,14,87.14,5,51,10,73.63
"792",27067780200,2,8.63,11,39.69,5.5,69.82,6,63.41,24,92.68
"793",27067780300,2,8.63,20,65.92,2,50.77,4,34.79,20.5,89.88
"794",27067780400,21.5,46.35,26,79.03,4.5,66.36,8,83.02,6,55.11
"795",27067780500,86.9,83.55,30.5,85.72,13.5,86.54,2,9.22,6,55.11
"796",27067780600,5.85,18.53,13,46.72,8.5,77.81,4,34.79,24.5,93.43
"797",27067780700,58.1,74.85,43,94.33,18.5,91.87,1,0,2,25.62
"798",27067780800,77.05,81,38.5,92.76,4,63.56,1,0,3.5,41.23
"799",27067781000,29.75,55.85,38,92.21,16,89.47,1,0,6,55.11
"800",27067781100,21,45.35,20,65.92,5,67.95,7,76.09,4.5,47.79
"801",27067781200,0,0,16,55.4,5,67.95,3,19.13,8.5,68.14
"802",27069090100,8,23.28,28,82.45,0,0,4,34.79,12,78.04
"803",27069090200,38,61.94,40,93.17,1,40.77,5,51,8,65.88
"804",27071790100,16.45,38.8,19,63.39,5.5,69.82,1,0,9,69.97
"805",27071790201,8.35,24.41,4,11.07,0,0,1,0,19.5,89.02
"806",27071790202,37,60.67,55,97.47,17.5,90.47,2,9.22,3.5,41.23
"807",27071790300,29.6,55.59,49,95.97,5,67.95,3,19.13,29,96.02
"808",27071790500,27,52.98,41,93.72,8,76.88,5,51,22,91.28
"809",27073180100,11,29.16,33,87.77,10,81.01,8,83.02,15.5,85.04
"810",27073180200,0,0,10,35.45,2.5,55.1,6,63.41,11.5,77.07
"811",27073180300,11.25,30.37,26,79.03,18,91.41,8,83.02,7,61.14
"812",27075370101,38,61.94,45,95.01,1.5,45.9,6,63.41,11,76.21
"813",27075370102,39.1,63.28,25,76.98,1,40.77,4,34.79,0,0
"814",27075370300,57,74.38,90,99.59,12,84.21,6,63.41,41.5,98.71
"815",27075370400,28,53.91,57,97.88,14,87.14,4,34.79,3.5,41.23
"816",27077460300,22,46.62,40,93.17,13.5,86.54,1,0,4.5,47.79
"817",27077460401,1,4.82,5,15.23,0,0,6,63.41,22,91.28
"818",27077460402,4.25,15.85,13,46.72,0,0,6,63.41,15,84.07
"819",27079950101,7.1,21.4,10,35.45,5.5,69.82,5,51,0,0
"820",27079950102,1.8,8.49,2,3.28,5.5,69.82,7,76.09,9,69.97
"821",27079950200,20,43.81,27,80.94,39.5,98.47,8,83.02,10,73.63
"822",27079950300,5,16.86,37,91.33,2,50.77,5,51,4.5,47.79
"823",27079950400,19,42.14,27,80.94,2,50.77,6,63.41,2.5,31.86
"824",27079950500,0,0,17,57.79,17.5,90.47,5,51,9,69.97
"825",27079950600,18.4,41.47,30,84.97,12,84.21,11,96.6,4.5,47.79
"826",27081201001,4,15.05,23,72.61,4,63.56,9,88.01,6.5,58.45
"827",27081201002,2,8.63,29,83.81,4,63.56,9,88.01,5,50.27
"828",27083360100,1,4.82,26,79.03,7.5,75.62,6,63.41,10.5,74.81
"829",27083360200,15.5,37.12,8,27.46,14.5,87.81,11,96.6,17.25,87.3
"830",27083360300,39.7,64.01,19,63.39,4,63.56,6,63.41,8.5,68.14
"831",27083360400,30.6,56.32,23,72.61,2.5,55.1,6,63.41,0.6,6.03
"832",27083360500,43.25,66.69,32,87.16,36.5,98,6,63.41,11,76.21
"833",27083360600,5.95,18.6,20,65.92,2,50.77,11,96.6,60,100
"834",27083360700,14,34.25,38,92.21,2.5,55.1,1,0,4.5,47.79
"835",27085950100,23.75,48.63,26,79.03,33,97.4,8,83.02,9.5,71.91
"836",27085950200,4.3,16.05,9,31.35,9.5,79.95,8,83.02,33,96.99
"837",27085950301,33.25,57.93,21,68.24,20,92.87,6,63.41,11.5,77.07
"838",27085950302,17.7,40.07,6,18.58,2.5,55.1,6,63.41,1.5,12.16
"839",27085950401,24.2,49.36,19,63.39,16,89.47,6,63.41,6.5,58.45
"840",27085950402,26.45,52.31,15,52.6,5,67.95,6,63.41,2.5,31.86
"841",27085950500,8.2,24.28,21,68.24,15.5,89.01,8,83.02,10.5,74.81
"842",27085950600,33.1,57.53,21,68.24,8.5,77.81,7,76.09,19,88.59
"843",27085950700,18.5,41.67,45,95.01,12.5,85.08,4,34.79,3,34.98
"844",27087940100,14,34.25,39,92.9,1,40.77,1,0,10.5,74.81
"845",27087940300,1,4.82,11,39.69,0,0,3,19.13,7,61.14
"846",27089080100,10,27.02,12,43.58,1.5,45.9,4,34.79,0,0
"847",27089080200,11,29.16,12,43.58,0,0,5,51,7,61.14
"848",27089080300,10,27.02,22,70.29,0,0,5,51,0,0
"849",27089080400,11,29.16,24,74.52,3,58.23,4,34.79,5.5,52.42
"850",27091790100,14,34.25,42,94.13,0,0,7,76.09,17.5,87.41
"851",27091790200,16.6,39,24,74.52,3,58.23,8,83.02,7.5,63.83
"852",27091790300,9,25.22,18,60.66,4.5,66.36,8,83.02,22,91.28
"853",27091790400,8,23.28,10,35.45,9,78.81,6,63.41,20.5,89.88
"854",27091790501,2.2,10.77,9,31.35,1.5,45.9,8,83.02,1.5,12.16
"855",27091790502,5.35,17.86,12,43.58,5,67.95,6,63.41,10.5,74.81
"856",27091790600,24,48.9,54,97.13,17.5,90.47,8,83.02,8,65.88
"857",27093560100,13,32.91,16,55.4,15.5,89.01,8,83.02,9,69.97
"858",27093560200,12,31.44,28,82.45,9,78.81,7,76.09,24.2,93.22
"859",27093560300,12.5,32.17,12,43.58,66,99.8,6,63.41,2.5,31.86
"860",27093560400,15.7,37.66,21.5,69.81,27.5,96.4,6,63.41,3.2,40.9
"861",27093560500,7.25,21.74,9,31.35,42.5,98.8,8,83.02,10,73.63
"862",27093560600,13,32.91,21,68.24,6,71.95,8,83.02,4.5,47.79
"863",27095170400,11,29.16,16,55.4,18.5,91.87,2,9.22,15.5,85.04
"864",27095170500,20,43.81,35,89.82,1,40.77,1,0,1.5,12.16
"865",27095170700,72.75,80.27,25,76.98,12.5,85.08,2,9.22,2.5,31.86
"866",27095970100,21,45.35,15,52.6,16.5,89.94,1,0,0,0
"867",27095970200,19,42.14,32,87.16,1,40.77,2,9.22,0,0
"868",27095970300,7.5,22.34,13,46.72,7.5,75.62,2,9.22,1.5,12.16
"869",27097780100,2.1,10.5,28,82.45,0.5,35.84,4,34.79,2,25.62
"870",27097780200,13.9,34.18,34,88.93,24.5,95.47,3,19.13,15,84.07
"871",27097780300,14.35,35.32,15,52.6,23,94.67,7,76.09,33.5,97.09
"872",27097780400,0,0,17,57.79,0.5,35.84,4,34.79,5,50.27
"873",27097780500,13,32.91,25,76.98,3.5,61.49,5,51,6.7,60.93
"874",27097780600,22.25,47.16,29,83.81,15.5,89.01,2,9.22,9.5,71.91
"875",27097780700,16.25,38.6,12,43.58,14,87.14,1,0,7.5,63.83
"876",27097780800,19,42.14,30,84.97,0,0,3,19.13,3,34.98
"877",27099000100,20.1,44.28,23,72.61,11,82.54,5,51,15.1,84.93
"878",27099000200,2.5,11.37,5,15.23,2.5,55.1,3,19.13,0,0
"879",27099000300,42.1,66.22,24,74.52,1.5,45.9,4,34.79,0,0
"880",27099000410,90.25,84.28,43,94.33,6,71.95,5,51,7,61.14
"881",27099000600,15.75,37.73,6,18.58,0,0,5,51,0.75,7
"882",27099000800,16.6,39,7,23.09,0,0,4,34.79,0,0
"883",27099000900,1,4.82,10,35.45,2.5,55.1,3,19.13,2.5,31.86
"884",27099001000,10.8,28.9,23,72.61,5.5,69.82,6,63.41,47.5,99.68
"885",27099001200,6,18.66,13,46.72,17,90.14,5,51,22.5,91.93
"886",27099001300,33,57.46,21,68.24,1.5,45.9,5,51,16,85.9
"887",27099001400,2,8.63,15,52.6,8,76.88,2,9.22,29.7,96.23
"888",27101900100,1,4.82,4,11.07,1.5,45.9,9,88.01,12.5,79.44
"889",27101900200,1,4.82,37,91.33,2.5,55.1,6,63.41,14.5,83.21
"890",27101900300,4,15.05,26,79.03,3,58.23,6,63.41,10.5,74.81
"891",27103480100,21.65,46.49,15,52.6,3.5,61.49,7,76.09,23.5,92.57
"892",27103480200,13.2,33.78,20,65.92,13,85.74,8,83.02,13,80.52
"893",27103480300,18.05,41.14,12,43.58,23.5,95,8,83.02,7.5,63.83
"894",27103480400,12.8,32.58,19,63.39,4.5,66.36,8,83.02,0,0
"895",27103480501,65.85,78.19,12,43.58,42.5,98.8,9,88.01,3,34.98
"896",27103480502,14.75,36.05,7,23.09,9,78.81,9,88.01,8.2,67.92
"897",27103480600,112.25,88.03,16,55.4,5.5,69.82,9,88.01,5.5,52.42
"898",27105105100,9,25.22,21,68.24,3,58.23,7,76.09,17,86.54
"899",27105105200,19,42.14,27,80.94,0,0,4,34.79,6.5,58.45
"900",27105105300,2,8.63,17,57.79,1,40.77,5,51,6.5,58.45
"901",27105105400,27,52.98,45.75,95.36,28,96.54,2,9.22,5.5,52.42
"902",27105105500,48.7,70.17,45,95.01,4,63.56,2,9.22,0,0
"903",27105105600,28.85,54.58,15.5,55.05,1,40.77,2,9.22,0,0
"904",27107960100,2,8.63,23,72.61,0,0,3,19.13,27.5,95.37
"905",27107960200,19,42.14,27,80.94,0,0,6,63.41,0,0
"906",27107960300,11,29.16,40,93.17,8.5,77.81,6,63.41,0,0
"907",27109000100,218,95.59,29.5,84.7,4,63.56,4,34.79,0,0
"908",27109000200,80.5,82.21,11,39.69,2.5,55.1,4,34.79,4.75,50.05
"909",27109000300,134.1,90.9,14,49.93,5,67.95,4,34.79,0,0
"910",27109000400,164.25,92.84,23.25,74.11,4,63.56,4,34.79,0,0
"911",27109000500,185.75,94.31,38.75,92.83,2.5,55.1,4,34.79,1.5,12.16
"912",27109000600,207.8,95.45,41.5,94.06,1.5,45.9,4,34.79,0,0
"913",27109000901,9.1,26.09,9,31.35,11,82.54,1,0,3.6,43.16
"914",27109000902,9.5,26.49,9,31.35,1.5,45.9,4,34.79,3,34.98
"915",27109000903,33.6,58.13,16,55.4,11,82.54,3,19.13,12.5,79.44
"916",27109001000,52.1,71.84,32,87.16,2,50.77,4,34.79,0,0
"917",27109001100,34.5,59.26,19,63.39,15,88.41,4,34.79,0,0
"918",27109001201,27.75,53.71,18,60.66,0,0,3,19.13,0,0
"919",27109001202,18.75,41.87,10,35.45,2,50.77,3,19.13,1.5,12.16
"920",27109001203,11.5,30.84,11,39.69,0.5,35.84,4,34.79,0.5,3.34
"921",27109001301,63.6,76.86,18.25,62.77,7,74.48,2,9.22,1.25,11.84
"922",27109001401,86,83.48,25.5,78.55,22.5,94.34,2,9.22,1.5,12.16
"923",27109001403,32.85,57.39,8,27.46,15,88.41,2,9.22,20,89.34
"924",27109001404,25.7,51.24,1,0,0.5,35.84,0,0,0,0
"925",27109001501,5.55,18.13,6,18.58,0,0,3,19.13,0,0
"926",27109001503,8,23.28,0,0,0,0,4,34.79,0,0
"927",27109001601,22.8,47.76,10,35.45,3,58.23,4,34.79,0,0
"928",27109001602,1.75,8.43,4,11.07,0.5,35.84,4,34.79,0,0
"929",27109001603,4.75,16.45,6,18.58,3.5,61.49,3,19.13,13,80.52
"930",27109001701,23.75,48.63,8,27.46,15,88.41,3,19.13,0,0
"931",27109001702,4.5,16.19,3,7.17,0,0,3,19.13,0,0
"932",27109001703,25.7,51.24,8,27.46,2,50.77,3,19.13,0,0
"933",27109001800,14,34.25,33,87.77,3.5,61.49,0,0,0,0
"934",27109001901,1.1,6.96,4,11.07,5.5,69.82,3,19.13,30.5,96.56
"935",27109001902,16,38.06,28,82.45,11,82.54,5,51,9,69.97
"936",27109002000,1,4.82,19,63.39,9,78.81,4,34.79,34.5,97.52
"937",27109002100,23,47.83,33,87.77,27,96.34,2,9.22,13.5,82.24
"938",27109002200,7.7,22.68,17,57.79,5.5,69.82,4,34.79,37,97.95
"939",27109002300,95.6,85.28,6,18.58,0.5,35.84,4,34.79,7.1,63.29
"940",27111960102,0,0,2,3.28,0,0,4,34.79,0,0
"941",27111960103,1,4.82,6,18.58,6.5,73.22,2,9.22,1,8.18
"942",27111960300,0,0,15,52.6,1.5,45.9,5,51,6,55.11
"943",27111960400,0,0,1,0,0,0,4,34.79,4,43.49
"944",27111960500,20,43.81,45,95.01,33,97.4,2,9.22,26,94.19
"945",27111960600,9,25.22,31.5,87.02,22,94,3,19.13,14.75,83.85
"946",27111960700,0,0,12,43.58,0,0,4,34.79,2.5,31.86
"947",27111960800,0,0,11,39.69,2.5,55.1,4,34.79,6.3,58.34
"948",27111960900,28,53.91,47,95.56,28.5,96.67,2,9.22,9,69.97
"949",27111961000,24.5,49.63,35,89.82,5.5,69.82,2,9.22,20.75,90.42
"950",27111961100,18.6,41.74,10,35.45,0.5,35.84,1,0,6.5,58.45
"951",27111961200,23,47.83,22,70.29,4,63.56,2,9.22,4.8,50.16
"952",27111961300,0.7,4.35,8,27.46,4,63.56,3,19.13,13,80.52
"953",27111961400,9,25.22,9,31.35,0.5,35.84,3,19.13,0,0
"954",27111961500,0,0,15,52.6,8.5,77.81,4,34.79,6.5,58.45
"955",27111961600,21,45.35,7,23.09,0,0,5,51,8,65.88
"956",27111961700,0.2,3.28,14,49.93,0.5,35.84,6,63.41,15.5,85.04
"957",27113090100,3.75,14.85,4,11.07,3.5,61.49,6,63.41,0,0
"958",27113090200,41.1,65.15,14,49.93,4,63.56,3,19.13,0,0
"959",27113090300,20.1,44.28,11,39.69,3.5,61.49,4,34.79,14.75,83.85
"960",27113090400,27.55,53.65,38,92.21,16,89.47,3,19.13,17.5,87.41
"961",27113090500,27.45,53.44,7,23.09,6,71.95,3,19.13,6,55.11
"962",27115950100,14,34.25,10,35.45,2,50.77,5,51,2.5,31.86
"963",27115950200,10.25,28.03,6,18.58,1,40.77,3,19.13,13.5,82.24
"964",27115950300,4,15.05,18,60.66,10.5,82.01,4,34.79,6,55.11
"965",27115950401,9,25.22,11,39.69,3,58.23,3,19.13,13,80.52
"966",27115950402,21,45.35,36,90.64,3,58.23,2,9.22,4,43.49
"967",27115950500,14,34.25,24,74.52,13,85.74,4,34.79,18.5,88.48
"968",27115950600,6.3,20.13,13,46.72,2.5,55.1,4,34.79,15,84.07
"969",27115950700,59,75.18,43,94.33,6,71.95,4,34.79,11,76.21
"970",27115950800,3,12.11,8,27.46,1.5,45.9,5,51,6,55.11
"971",27117460100,3,12.11,10,35.45,8.5,77.81,6,63.41,26,94.19
"972",27117460200,26,51.64,51,96.38,0.5,35.84,2,9.22,6.5,58.45
"973",27117460300,20.6,45.02,23,72.61,1.5,45.9,2,9.22,1.5,12.16
"974",27117460400,0,0,6,18.58,4.5,66.36,4,34.79,3,34.98
"975",27117460500,0,0,6,18.58,0.5,35.84,4,34.79,8.5,68.14
"976",27119020200,2,8.63,65,98.84,3,58.23,4,34.79,15,84.07
"977",27119020400,8,23.28,12,43.58,5.5,69.82,4,34.79,17,86.54
"978",27119020500,3,12.11,18,60.66,3.5,61.49,4,34.79,8.1,67.71
"979",27119020600,22.25,47.16,30,84.97,3.5,61.49,2,9.22,6,55.11
"980",27119020700,17.5,39.93,36,90.64,19.5,92.41,2,9.22,6,55.11
"981",27119020800,1,4.82,13,46.72,1.5,45.9,4,34.79,22.5,91.93
"982",27119020900,18,40.6,34,88.93,6.5,73.22,4,34.79,15,84.07
"983",27119021000,11,29.16,29,83.81,7,74.48,6,63.41,21.5,90.85
"984",27121970100,6.1,19.67,7,23.09,6.5,73.22,6,63.41,15.5,85.04
"985",27121970200,9,25.22,18,60.66,1.5,45.9,7,76.09,0,0
"986",27121970300,4.9,16.79,16,55.4,9,78.81,7,76.09,12.5,79.44
"987",27121970400,15.5,37.12,36,90.64,10.5,82.01,5,51,0,0
"988",27123030100,350.95,98.46,34,88.93,2.5,55.1,1,0,8.5,68.14
"989",27123030201,109.15,87.56,17.5,60.31,0,0,3,19.13,0,0
"990",27123030202,167.05,93.04,15.5,55.05,3,58.23,3,19.13,0,0
"991",27123030300,91.7,84.82,10.5,39.07,0,0,3,19.13,0,0
"992",27123030400,56.7,74.25,10,35.45,0,0,3,19.13,1.5,12.16
"993",27123030500,111.35,87.83,15,52.6,6.5,73.22,2,9.22,0,0
"994",27123030601,46.25,68.36,10.5,39.07,0,0,2,9.22,0,0
"995",27123030602,37.25,61.07,12.5,46.17,0,0,2,9.22,0.6,6.24
"996",27123030702,39.55,63.88,11,39.69,0,0,1,0,1.5,12.16
"997",27123030703,28.15,54.18,6,18.58,0,0,2,9.22,0,0
"998",27123030704,27.45,53.44,3,7.17,0,0,2,9.22,1.5,12.16
"999",27123030800,104.5,86.56,8,27.46,1,40.77,3,19.13,0,0
"1000",27123030900,78.4,81.81,6.5,22.88,0,0,0,0,0,0
"1001",27123031000,100.75,86.22,23.5,74.18,0,0,2,9.22,0,0
"1002",27123031100,59.25,75.45,29,83.81,0,0,2,9.22,11,76.21
"1003",27123031200,161.9,92.78,7,23.09,0,0,3,19.13,2,25.62
"1004",27123031300,202.95,95.32,24,74.52,5.5,69.82,3,19.13,0,0
"1005",27123031400,175.15,93.65,10,35.45,1.5,45.9,0,0,0,0
"1006",27123031500,164.45,92.91,17,57.79,2,50.77,0,0,0,0
"1007",27123031600,96.95,85.75,10.25,39,0,0,2,9.22,14,82.88
"1008",27123031701,72.1,80,9.5,34.97,9,78.81,2,9.22,19,88.59
"1009",27123031702,67.95,78.73,6,18.58,0,0,2,9.22,7,61.14
"1010",27123031801,54.75,73.18,10,35.45,0,0,2,9.22,0,0
"1011",27123031802,24.35,49.43,4,11.07,1.5,45.9,1,0,0,0
"1012",27123031900,916.55,100,68.5,98.98,24.5,95.47,10,93.9,10.5,74.81
"1013",27123032000,335.55,98.13,13.75,49.86,15.5,89.01,0,0,7,61.14
"1014",27123032100,233.2,96.05,23.5,74.18,0,0,0,0,2.6,34.88
"1015",27123032200,172.4,93.44,14.5,52.25,0.5,35.84,3,19.13,4.5,47.79
"1016",27123032300,136.2,91.37,12.75,46.38,0,0,3,19.13,0.5,3.34
"1017",27123032400,143.9,91.77,7,23.09,9,78.81,3,19.13,1.5,12.16
"1018",27123032500,115.65,88.49,10,35.45,0,0,0,0,0,0
"1019",27123032600,160.3,92.64,2,3.28,0,0,3,19.13,4,43.49
"1020",27123032700,200.35,95.18,11,39.69,1.5,45.9,0,0,11.5,77.07
"1021",27123033000,313.6,97.79,32.5,87.64,9.5,79.95,9,88.01,1.5,12.16
"1022",27123033100,191.55,94.65,38,92.21,2,50.77,9,88.01,0.8,7.64
"1023",27123033200,545.7,99.6,73.5,99.32,13,85.74,10,93.9,10.3,74.6
"1024",27123033300,145.55,91.97,7.5,27.05,3,58.23,9,88.01,0.2,0.97
"1025",27123033400,394.25,98.93,72,99.25,19.5,92.41,0,0,2,25.62
"1026",27123033500,148.7,92.11,6,18.58,0,0,0,0,0,0
"1027",27123033600,123.85,89.83,7,23.09,0,0,0,0,0,0
"1028",27123033700,124.65,89.9,5,15.23,0,0,9,88.01,0,0
"1029",27123033800,80.7,82.34,4,11.07,0,0,0,0,0,0
"1030",27123033900,116.05,88.56,4,11.07,0,0,0,0,0,0
"1031",27123034000,108.8,87.42,6,18.58,2,50.77,9,88.01,0,0
"1032",27123034201,335.85,98.19,21,68.24,3.5,61.49,9,88.01,1.5,12.16
"1033",27123034203,173.4,93.51,10,35.45,22.5,94.34,9,88.01,57.5,99.89
"1034",27123034204,171.7,93.38,20,65.92,5,67.95,9,88.01,0,0
"1035",27123034400,193.5,94.85,20.5,67.76,0,0,9,88.01,0,0
"1036",27123034500,81.05,82.41,10.5,39.07,0,0,9,88.01,0.8,7.64
"1037",27123034601,54.1,72.84,5.75,18.31,0,0,9,88.01,2,25.62
"1038",27123034602,61.25,75.99,8.75,31.22,0,0,9,88.01,2,25.62
"1039",27123034701,62.3,76.59,18.75,63.32,0,0,4,34.79,0,0
"1040",27123034702,15.35,36.92,4,11.07,0,0,4,34.79,0,0
"1041",27123034900,33.2,57.79,17,57.79,0,0,9,88.01,0,0
"1042",27123035000,121.15,89.43,8.5,30.94,1,40.77,9,88.01,0.2,0.97
"1043",27123035100,99.9,86.15,12,43.58,0,0,9,88.01,0,0
"1044",27123035200,182.5,94.18,16.5,56.97,0,0,0,0,0.2,0.97
"1045",27123035300,105.25,86.82,5.5,18.17,0,0,0,0,0.2,0.97
"1046",27123035500,129.45,90.37,4,11.07,0,0,9,88.01,0,0
"1047",27123035700,70.75,79.6,4,11.07,0,0,9,88.01,2,25.62
"1048",27123035800,153.6,92.24,6,18.58,0,0,9,88.01,0.65,6.89
"1049",27123035900,117.45,88.7,17,57.79,0.5,35.84,10,93.9,0.4,3.01
"1050",27123036000,271.85,96.86,22.5,72.2,0.5,35.84,10,93.9,4,43.49
"1051",27123036100,346.5,98.26,55.5,97.61,10,81.01,11,96.6,10,73.63
"1052",27123036300,79,81.94,10,35.45,0,0,9,88.01,1.5,12.16
"1053",27123036400,82.4,82.81,9,31.35,0,0,0,0,0.1,0.32
"1054",27123036500,83.85,83.01,15,52.6,0,0,0,0,0.1,0.32
"1055",27123036600,43.7,67.22,8,27.46,0,0,9,88.01,0.25,2.05
"1056",27123036700,65,77.66,22.5,72.2,0,0,10,93.9,1,8.18
"1057",27123036800,89.25,84.08,12.75,46.38,0,0,10,93.9,3,34.98
"1058",27123036900,118.35,88.9,27,80.94,0,0,10,93.9,4.5,47.79
"1059",27123037000,118.95,89.1,17.5,60.31,0,0,10,93.9,10.5,74.81
"1060",27123037100,327.6,98.06,18,60.66,2,50.77,10,93.9,12.1,79.22
"1061",27123037200,90.85,84.62,8,27.46,0.5,35.84,11,96.6,8,65.88
"1062",27123037402,39.3,63.41,22.25,72.13,0,0,9,88.01,0,0
"1063",27123037403,33.2,57.79,11.5,43.17,0,0,11,96.6,3,34.98
"1064",27123037500,78.1,81.61,22,70.29,0,0,9,88.01,2.5,31.86
"1065",27123037601,94.7,85.22,14,49.93,11.5,83.68,10,93.9,0.1,0.32
"1066",27123037603,37.75,61.47,7,23.09,0,0,10,93.9,0.1,0.32
"1067",27123037604,39.5,63.68,6,18.58,6,71.95,10,93.9,0,0
"1068",27123040101,28.45,54.45,16,55.4,6.5,73.22,2,9.22,0,0
"1069",27123040102,15.25,36.79,14,49.93,0.5,35.84,4,34.79,0.5,3.34
"1070",27123040200,46.4,68.43,20,65.92,0.5,35.84,3,19.13,5.5,52.42
"1071",27123040301,43.15,66.62,3,7.17,0.5,35.84,2,9.22,0,0
"1072",27123040302,49.35,70.5,11,39.69,0,0,2,9.22,0,0
"1073",27123040401,33.75,58.46,8,27.46,1.5,45.9,1,0,3,34.98
"1074",27123040402,60.45,75.85,17,57.79,0,0,2,9.22,0,0
"1075",27123040502,31.4,56.72,12,43.58,0,0,3,19.13,0.5,3.34
"1076",27123040503,130.3,90.57,22.5,72.2,25.5,95.8,2,9.22,1.5,12.16
"1077",27123040504,61.95,76.12,20.5,67.76,1,40.77,3,19.13,0,0
"1078",27123040601,46.9,68.83,36.5,91.19,0,0,3,19.13,6,55.11
"1079",27123040603,43.25,66.69,11.5,43.17,5.5,69.82,3,19.13,0,0
"1080",27123040605,144.8,91.84,9,31.35,0,0,3,19.13,0,0
"1081",27123040606,50.05,70.84,17,57.79,9.5,79.95,3,19.13,1.5,12.16
"1082",27123040704,69.5,79.26,36,90.64,0,0,3,19.13,1.5,12.16
"1083",27123040705,16.15,38.33,6,18.58,0,0,4,34.79,0,0
"1084",27123040707,1.5,7.96,15,52.6,2.5,55.1,2,9.22,2,25.62
"1085",27123040708,3.05,13.38,0,0,1,40.77,2,9.22,0,0
"1086",27123040709,7.7,22.68,6,18.58,2,50.77,2,9.22,0,0
"1087",27123040801,135.1,91.24,42,94.13,22.5,94.34,5,51,1.5,12.16
"1088",27123040804,46.55,68.49,14,49.93,1.5,45.9,6,63.41,6,55.11
"1089",27123040805,108.65,87.36,20.25,67.69,1.5,45.9,7,76.09,6,55.11
"1090",27123040901,28.9,54.65,4,11.07,0.5,35.84,2,9.22,2,25.62
"1091",27123040902,64.75,77.26,22,70.29,8,76.88,6,63.41,1.7,25.19
"1092",27123041001,26.3,52.11,9,31.35,0,0,0,0,2,25.62
"1093",27123041002,24.35,49.43,7.5,27.05,0,0,4,34.79,0.2,0.97
"1094",27123041103,38.65,62.88,17,57.79,0,0,7,76.09,0,0
"1095",27123041104,1.8,8.49,5,15.23,0,0,6,63.41,0,0
"1096",27123041105,123.4,89.77,25.5,78.55,7,74.48,6,63.41,0,0
"1097",27123041106,21.25,46.15,3.5,10.86,0,0,7,76.09,0,0
"1098",27123041107,134.5,91.04,33.25,88.73,7,74.48,7,76.09,1.5,12.16
"1099",27123041200,165.1,92.98,60,98.57,18,91.41,7,76.09,6.5,58.45
"1100",27123041301,64.1,76.92,14,49.93,0,0,0,0,0.5,3.34
"1101",27123041302,247.7,96.39,108,99.8,45,99,6,63.41,3.5,41.23
"1102",27123041400,69.15,79.13,12,43.58,2,50.77,4,34.79,3.5,41.23
"1103",27123041500,32.7,57.26,6,18.58,2,50.77,3,19.13,0.2,0.97
"1104",27123041601,64.9,77.46,10,35.45,0,0,3,19.13,0,0
"1105",27123041602,41.9,65.95,7,23.09,0,0,3,19.13,0,0
"1106",27123041700,38.6,62.81,19.5,65.57,0,0,3,19.13,0,0
"1107",27123041800,97.9,85.89,38,92.21,1,40.77,3,19.13,2,25.62
"1108",27123041900,49.9,70.7,16.5,56.97,0,0,3,19.13,0,0
"1109",27123042001,109.05,87.49,21,68.24,19,92.14,1,0,1.1,11.52
"1110",27123042002,155.1,92.31,11.5,43.17,0,0,1,0,5,50.27
"1111",27123042101,203.95,95.38,31,86.13,21.5,93.74,3,19.13,4,43.49
"1112",27123042102,24.6,49.77,11,39.69,0,0,3,19.13,0,0
"1113",27123042201,173.7,93.58,8,27.46,0,0,2,9.22,0,0
"1114",27123042202,80.35,82.14,6,18.58,0,0,3,19.13,0,0
"1115",27123042301,34.1,58.93,8,27.46,0,0,3,19.13,0.6,6.24
"1116",27123042302,68.9,79.06,14,49.93,2.5,55.1,2,9.22,0.6,6.24
"1117",27123042401,47.9,69.5,14,49.93,3,58.23,2,9.22,7,61.14
"1118",27123042402,57.65,74.65,30.5,85.72,0.5,35.84,2,9.22,6,55.11
"1119",27123042501,45.55,67.96,19,63.39,3,58.23,5,51,1,8.18
"1120",27123042503,12.3,31.91,3,7.17,0,0,11,96.6,0,0
"1121",27123042504,59.45,75.52,9,31.35,0.5,35.84,5,51,1.5,12.16
"1122",27123042601,25.2,50.64,4,11.07,0,0,1,0,0.6,6.24
"1123",27123042602,39.75,64.08,20,65.92,7.5,75.62,1,0,0,0
"1124",27123042700,42,66.09,16,55.4,1,40.77,1,0,0.6,6.24
"1125",27123042800,314.65,97.86,18,60.66,4.5,66.36,9,88.01,1,8.18
"1126",27123042900,125.55,90.1,14,49.93,1,40.77,0,0,4.25,47.58
"1127",27123043001,70.5,79.53,14,49.93,0,0,9,88.01,0,0
"1128",27123043002,78.4,81.81,11,39.69,0,0,9,88.01,0,0
"1129",27123980000,131.45,90.64,51,96.38,34,97.73,11,96.6,0.8,7.64
"1130",27125010100,37,60.67,22,70.29,0,0,5,51,7.5,63.83
"1131",27125010200,0,0,17,57.79,0.5,35.84,4,34.79,17.5,87.41
"1132",27127750100,25,50.1,23,72.61,0.5,35.84,5,51,8,65.88
"1133",27127750200,13.75,33.98,24,74.52,22,94,6,63.41,4.5,47.79
"1134",27127750300,7.6,22.61,23,72.61,3.5,61.49,6,63.41,9.75,73.41
"1135",27127750400,10,27.02,19,63.39,11,82.54,6,63.41,21,90.53
"1136",27127750500,1,4.82,27,80.94,25,95.6,7,76.09,9.5,71.91
"1137",27127750600,5,16.86,26,79.03,3,58.23,3,19.13,6,55.11
"1138",27129790100,12.85,32.71,36,90.64,17.5,90.47,8,83.02,9,69.97
"1139",27129790200,13,32.91,6,18.58,3,58.23,4,34.79,3.5,41.23
"1140",27129790300,19.25,42.88,5,15.23,0.5,35.84,5,51,0.5,3.34
"1141",27129790400,21,45.35,19,63.39,21,93.54,5,51,34,97.2
"1142",27129790500,6,18.66,28,82.45,4,63.56,4,34.79,15.5,85.04
"1143",27129790600,2,8.63,24,74.52,3,58.23,4,34.79,6.5,58.45
"1144",27131070101,14,34.25,9,31.35,3,58.23,6,63.41,3.5,41.23
"1145",27131070102,12,31.44,8,27.46,0,0,3,19.13,7.5,63.83
"1146",27131070200,26.2,52.04,26,79.03,8.5,77.81,7,76.09,46,99.57
"1147",27131070300,24.6,49.77,22,70.29,3,58.23,5,51,30,96.34
"1148",27131070400,24.55,49.7,11,39.69,3,58.23,5,51,23,92.25
"1149",27131070501,62.1,76.39,10,35.45,4,63.56,5,51,4,43.49
"1150",27131070503,9.7,26.89,0,0,0,0,5,51,0,0
"1151",27131070504,32.35,57.12,8,27.46,4.5,66.36,5,51,2.5,31.86
"1152",27131070601,66.2,78.39,15,52.6,25,95.6,5,51,6,55.11
"1153",27131070602,56.35,74.05,11,39.69,11.5,83.68,5,51,2,25.62
"1154",27131070701,22.55,47.56,6,18.58,5,67.95,3,19.13,7,61.14
"1155",27131070702,81.3,82.47,25,76.98,3.5,61.49,3,19.13,3.4,41.12
"1156",27131070801,19.8,43.55,7,23.09,0,0,5,51,0,0
"1157",27131070802,34.35,59.13,9,31.35,9.5,79.95,3,19.13,0,0
"1158",27131070901,105.2,86.76,35,89.82,46,99.07,5,51,2.5,31.86
"1159",27131070902,88.15,83.88,19,63.39,22,94,5,51,0,0
"1160",27133570100,10.45,28.36,17,57.79,2,50.77,4,34.79,8.2,67.92
"1161",27133570200,52.2,71.91,22,70.29,3.5,61.49,3,19.13,6.5,58.45
"1162",27133570300,68.1,78.86,26,79.03,7,74.48,4,34.79,8.5,68.14
"1163",27135970100,29,54.72,33,87.77,4.5,66.36,6,63.41,3,34.98
"1164",27135970200,0,0,13,46.72,1.5,45.9,3,19.13,1.5,12.16
"1165",27135970300,9,25.22,52,96.65,6.5,73.22,4,34.79,17,86.54
"1166",27135970400,4,15.05,3,7.17,1,40.77,6,63.41,31,96.66
"1167",27135970500,0,0,20,65.92,0,0,3,19.13,0,0
"1168",27137000100,10.75,28.83,16,55.4,1,40.77,3,19.13,0,0
"1169",27137000200,0,0,28,82.45,2,50.77,5,51,6.5,58.45
"1170",27137000301,55.75,73.71,57.5,98.22,13.5,86.54,12,98.48,1.5,12.16
"1171",27137000302,176.2,93.71,114,100,80.5,100,6,63.41,3,34.98
"1172",27137000400,50.75,71.17,44,94.74,3.5,61.49,4,34.79,6.5,58.45
"1173",27137000500,6.6,20.33,9,31.35,0,0,3,19.13,0,0
"1174",27137000600,3,12.11,18,60.66,0,0,5,51,0,0
"1175",27137000700,23.95,48.83,19,63.39,0,0,3,19.13,0,0
"1176",27137000900,56.1,73.85,14.75,52.53,0,0,3,19.13,1.5,12.16
"1177",27137001000,47.3,69.23,8,27.46,0.5,35.84,3,19.13,0,0
"1178",27137001100,47.95,69.57,23,72.61,0.5,35.84,3,19.13,0,0
"1179",27137001200,59.95,75.72,3,7.17,0,0,3,19.13,0,0
"1180",27137001300,59.7,75.65,7,23.09,3.5,61.49,3,19.13,0,0
"1181",27137001400,65,77.66,10,35.45,6,71.95,3,19.13,0,0
"1182",27137001600,85.7,83.41,19.5,65.57,1,40.77,10,93.9,0,0
"1183",27137001700,133,90.77,25.75,78.96,20.5,93.27,10,93.9,0,0
"1184",27137001800,81.45,82.54,9.5,34.97,0.5,35.84,10,93.9,0,0
"1185",27137001900,178.05,93.91,56,97.68,8,76.88,16,99.79,0,0
"1186",27137002000,111.5,87.89,15.5,55.05,4.5,66.36,16,99.79,0,0
"1187",27137002200,26.7,52.78,16.5,56.97,3,58.23,16,99.79,0.75,7
"1188",27137002400,33.8,58.53,3,7.17,5,67.95,12,98.48,5.8,54.9
"1189",27137002600,38.1,62.27,3,7.17,1,40.77,12,98.48,1.4,12.06
"1190",27137002900,23.55,48.29,6,18.58,0.5,35.84,11,96.6,0,0
"1191",27137003300,49.2,70.43,18.5,62.84,2.5,55.1,11,96.6,2.1,30.79
"1192",27137003400,121.95,89.5,38,92.21,5.5,69.82,11,96.6,6,55.11
"1193",27137003600,43.3,66.96,8,27.46,6,71.95,11,96.6,0,0
"1194",27137003700,39.65,63.95,18.5,62.84,1.5,45.9,9,88.01,0,0
"1195",27137003800,85.15,83.28,34,88.93,11.5,83.68,14,99.72,27.5,95.37
"1196",27137010100,55,73.24,30,84.97,5.5,69.82,3,19.13,7.5,63.83
"1197",27137010200,38.35,62.61,22,70.29,18,91.41,11,96.6,8.75,69.86
"1198",27137010301,113,88.16,58,98.29,17.5,90.47,5,51,2,25.62
"1199",27137010302,29.85,55.92,24,74.52,5.5,69.82,4,34.79,2.55,34.77
"1200",27137010400,9.4,26.29,29.5,84.7,19,92.14,6,63.41,8.5,68.14
"1201",27137010500,6,18.66,29,83.81,5,67.95,5,51,10.5,74.81
"1202",27137010601,0,0,9,31.35,5.5,69.82,4,34.79,5.5,52.42
"1203",27137010602,3.2,13.71,26,79.03,22,94,3,19.13,9.5,71.91
"1204",27137011101,0,0,9,31.35,2,50.77,4,34.79,13,80.52
"1205",27137011102,27,52.98,24,74.52,9,78.81,4,34.79,5,50.27
"1206",27137011200,30,55.99,43,94.33,8.5,77.81,4,34.79,11.5,77.07
"1207",27137011300,2,8.63,35,89.82,5.5,69.82,6,63.41,0,0
"1208",27137011401,2,8.63,14,49.93,0.5,35.84,5,51,5,50.27
"1209",27137011402,9.3,26.22,20,65.92,19,92.14,5,51,7.5,63.83
"1210",27137012100,84.55,83.21,68.5,98.98,35.5,97.93,4,34.79,17.5,87.41
"1211",27137012200,74.25,80.6,33,87.77,5,67.95,2,9.22,4,43.49
"1212",27137012300,36.5,60.27,25,76.98,4.5,66.36,2,9.22,1.5,12.16
"1213",27137012400,119.85,89.16,57,97.88,41.5,98.6,2,9.22,10.5,74.81
"1214",27137012500,55.1,73.51,35.75,90.51,1,40.77,2,9.22,3,34.98
"1215",27137012600,32,56.86,42,94.13,26,96,1,0,3,34.98
"1216",27137012700,7,20.54,26,79.03,2,50.77,5,51,0,0
"1217",27137012800,37.85,61.74,54,97.13,17.5,90.47,5,51,7.5,63.83
"1218",27137013000,103,86.35,34,88.93,8,76.88,1,0,1.5,12.16
"1219",27137013100,65.4,77.99,22,70.29,5,67.95,1,0,4,43.49
"1220",27137013200,178.65,93.98,55,97.47,33,97.4,2,9.22,26.5,94.62
"1221",27137013300,44,67.29,50,96.17,32.5,97.34,1,0,3,34.98
"1222",27137013400,22.2,47.09,33,87.77,7,74.48,5,51,0,0
"1223",27137013500,8.5,24.62,21,68.24,0,0,2,9.22,11.7,77.93
"1224",27137013600,53.25,72.64,34,88.93,2,50.77,5,51,4,43.49
"1225",27137013800,20.5,44.88,22,70.29,0.5,35.84,6,63.41,5.5,52.42
"1226",27137013900,51.85,71.64,34,88.93,4.5,66.36,6,63.41,6,55.11
"1227",27137014000,37,60.67,22,70.29,5,67.95,4,34.79,15,84.07
"1228",27137014100,21,45.35,17,57.79,1,40.77,4,34.79,10,73.63
"1229",27137015100,7.8,23.01,27,80.94,4,63.56,3,19.13,20,89.34
"1230",27137015200,45.15,67.83,56,97.68,9.5,79.95,6,63.41,13,80.52
"1231",27137015300,48.5,69.9,53.5,97.06,1,40.77,1,0,8,65.88
"1232",27137015401,49.5,70.64,37,91.33,4.5,66.36,1,0,27.5,95.37
"1233",27137015402,21,45.35,26,79.03,0.5,35.84,3,19.13,3,34.98
"1234",27137015501,2.1,10.5,23,72.61,5.5,69.82,4,34.79,5,50.27
"1235",27137015502,17.75,40.33,22,70.29,0.5,35.84,3,19.13,4,43.49
"1236",27137015503,15.6,37.39,25,76.98,0,0,3,19.13,2,25.62
"1237",27137015600,248.65,96.45,112.5,99.93,73.5,99.87,16,99.79,27,94.83
"1238",27137015700,37.15,61,21,68.24,1.5,45.9,3,19.13,0,0
"1239",27137015800,253.55,96.52,104,99.73,23,94.67,12,98.48,27,94.83
"1240",27139080100,51.25,71.37,18.5,62.84,8.5,77.81,6,63.41,3,34.98
"1241",27139080201,78.3,81.67,37,91.33,11.5,83.68,8,83.02,9.5,71.91
"1242",27139080202,3,12.11,0,0,0,0,6,63.41,4,43.49
"1243",27139080204,3.5,14.11,3,7.17,0,0,6,63.41,0,0
"1244",27139080206,2.85,11.91,0,0,0,0,6,63.41,0,0
"1245",27139080207,7.7,22.68,1,0,0,0,6,63.41,0,0
"1246",27139080208,7.2,21.61,3,7.17,0,0,4,34.79,0,0
"1247",27139080209,8.75,24.88,2,3.28,0,0,4,34.79,0,0
"1248",27139080303,37.95,61.87,13.5,49.59,2.5,55.1,6,63.41,5.5,52.42
"1249",27139080304,41.85,65.75,31,86.13,24,95.34,6,63.41,7,61.14
"1250",27139080305,29.1,54.92,1,0,9.5,79.95,8,83.02,3,34.98
"1251",27139080307,3.5,14.11,0,0,1,40.77,4,34.79,0,0
"1252",27139080400,56.1,73.85,13,46.72,1,40.77,5,51,0,0
"1253",27139080500,49,70.37,16,55.4,0,0,5,51,0,0
"1254",27139080600,2.3,11.3,0,0,0,0,5,51,0.2,0.97
"1255",27139080700,33.7,58.33,25,76.98,1.5,45.9,8,83.02,27,94.83
"1256",27139080801,2,8.63,16,55.4,1.5,45.9,6,63.41,2.5,31.86
"1257",27139080802,11.6,30.97,4,11.07,4,63.56,8,83.02,8.5,68.14
"1258",27139080903,3,12.11,5,15.23,0,0,5,51,0,0
"1259",27139080905,2.25,10.97,2,3.28,0,0,6,63.41,0,0
"1260",27139080906,2.5,11.37,12,43.58,1,40.77,6,63.41,2.5,31.86
"1261",27139080907,3.5,14.11,4,11.07,0,0,3,19.13,0,0
"1262",27139080908,3,12.11,4,11.07,0,0,3,19.13,3,34.98
"1263",27139081001,10.85,28.96,1,0,0,0,7,76.09,12.5,79.44
"1264",27139081002,1.1,6.96,3,7.17,0,0,6,63.41,1.5,12.16
"1265",27139081101,7,20.54,2,3.28,0,0,7,76.09,0,0
"1266",27139081102,3.45,14.05,3,7.17,0,0,4,34.79,0,0
"1267",27139081103,1,4.82,8,27.46,5.5,69.82,3,19.13,0,0
"1268",27139081200,8,23.28,16,55.4,14,87.14,8,83.02,1.5,12.16
"1269",27139081301,4,15.05,10,35.45,7.5,75.62,6,63.41,4,43.49
"1270",27139081302,1.25,7.69,11,39.69,6.5,73.22,6,63.41,15,84.07
"1271",27141030103,39.5,63.68,5,15.23,33,97.4,4,34.79,2,25.62
"1272",27141030104,0,0,1,0,0,0,4,34.79,1.5,12.16
"1273",27141030105,12,31.44,3,7.17,0,0,2,9.22,5,50.27
"1274",27141030106,7.5,22.34,8,27.46,1.5,45.9,2,9.22,35.2,97.74
"1275",27141030201,2,8.63,6,18.58,0.5,35.84,4,34.79,0.75,7
"1276",27141030202,0,0,2,3.28,0,0,4,34.79,3.5,41.23
"1277",27141030301,14.05,34.92,3,7.17,13,85.74,5,51,6.5,58.45
"1278",27141030302,11.1,30.1,9,31.35,0,0,6,63.41,3,34.98
"1279",27141030405,5.5,18.06,2,3.28,0,0,5,51,0,0
"1280",27141030406,0.1,2.88,1,0,0,0,5,51,0,0
"1281",27141030407,15.85,37.99,10,35.45,5.5,69.82,4,34.79,39.5,98.39
"1282",27141030408,0.5,3.95,3,7.17,1,40.77,6,63.41,0,0
"1283",27141030409,15.8,37.86,5,15.23,18.5,91.87,5,51,1.5,12.16
"1284",27141030410,16.2,38.46,9,31.35,9.5,79.95,5,51,2.5,31.86
"1285",27141030503,12.85,32.71,21,68.24,23.5,95,5,51,10.5,74.81
"1286",27141030504,2,8.63,1,0,0,0,4,34.79,12,78.04
"1287",27141030505,14.35,35.32,18,60.66,28,96.54,6,63.41,6.5,58.45
"1288",27141030506,6.6,20.33,19,63.39,12,84.21,5,51,0.8,7.64
"1289",27141031500,26.65,52.58,9,31.35,8,76.88,1,0,2.1,30.79
"1290",27143170198,11.25,30.37,19,63.39,9,78.81,7,76.09,17,86.54
"1291",27143170200,1.7,8.36,35,89.82,14.5,87.81,4,34.79,39,98.17
"1292",27143170300,14,34.25,23,72.61,11,82.54,4,34.79,21,90.53
"1293",27143170400,26,51.64,24,74.52,14.5,87.81,7,76.09,13,80.52
"1294",27145000301,72.65,80.07,5,15.23,0,0,1,0,0,0
"1295",27145000303,59.15,75.38,5,15.23,0.5,35.84,1,0,0,0
"1296",27145000304,13.1,33.65,10,35.45,2,50.77,1,0,4,43.49
"1297",27145000401,10.7,28.76,8,27.46,3,58.23,1,0,0,0
"1298",27145000402,20.25,44.55,9,31.35,8,76.88,1,0,0.25,2.05
"1299",27145000501,125.1,90.03,54,97.13,13,85.74,3,19.13,0,0
"1300",27145000502,20.45,44.82,3,7.17,7,74.48,4,34.79,0,0
"1301",27145000601,58.15,74.98,23.75,74.45,10,81.01,1,0,0,0
"1302",27145000602,73.65,80.54,12,43.58,0.5,35.84,1,0,0,0
"1303",27145000701,104.9,86.62,47.5,95.77,30.5,97,3,19.13,0,0
"1304",27145000801,65.4,77.99,4,11.07,9,78.81,3,19.13,0,0
"1305",27145000901,14.6,35.72,12,43.58,19,92.14,3,19.13,0.5,3.34
"1306",27145001002,35,59.53,18,60.66,17.5,90.47,3,19.13,0,0
"1307",27145001003,40.2,64.62,20.75,68.1,7,74.48,3,19.13,3,34.98
"1308",27145010101,11.1,30.1,2,3.28,2.5,55.1,2,9.22,6.5,58.45
"1309",27145010103,15.6,37.39,5,15.23,12,84.21,3,19.13,12.5,79.44
"1310",27145010104,1.5,7.96,1,0,1,40.77,3,19.13,0,0
"1311",27145010200,5.25,17.59,15,52.6,20,92.87,3,19.13,7,61.14
"1312",27145010401,24,48.9,13,46.72,39,98.33,4,34.79,0,0
"1313",27145010402,6,18.66,31,86.13,5.5,69.82,6,63.41,6.5,58.45
"1314",27145010403,7,20.54,18,60.66,0.5,35.84,7,76.09,0,0
"1315",27145010500,12.6,32.31,28,82.45,5,67.95,5,51,18,88.05
"1316",27145010600,20,43.81,18,60.66,7.5,75.62,5,51,3,34.98
"1317",27145010900,13,32.91,30,84.97,31.5,97.2,5,51,6,55.11
"1318",27145011000,15,36.32,33,87.77,3.5,61.49,4,34.79,2,25.62
"1319",27145011101,3,12.11,8,27.46,1.5,45.9,7,76.09,4,43.49
"1320",27145011102,6,18.66,19,63.39,6.5,73.22,6,63.41,5.5,52.42
"1321",27145011201,16,38.06,13,46.72,3.5,61.49,7,76.09,0,0
"1322",27145011202,8.75,24.88,6,18.58,8.5,77.81,4,34.79,1.5,12.16
"1323",27145011302,31,56.39,27,80.94,8,76.88,6,63.41,22,91.28
"1324",27145011305,0,0,3,7.17,2,50.77,4,34.79,0,0
"1325",27145011306,2,8.63,9,31.35,9.5,79.95,6,63.41,3.5,41.23
"1326",27145011308,22.25,47.16,20,65.92,27.5,96.4,4,34.79,1.5,12.16
"1327",27145011400,35.5,59.93,21,68.24,39,98.33,4,34.79,2,25.62
"1328",27145011500,25,50.1,38,92.21,26.5,96.2,7,76.09,21.5,90.85
"1329",27145011600,88.6,83.95,20,65.92,3.5,61.49,1,0,0,0
"1330",27147960100,33.6,58.13,26,79.03,13,85.74,4,34.79,23.1,92.47
"1331",27147960200,26.35,52.17,12.75,46.38,2,50.77,3,19.13,3,34.98
"1332",27147960300,33.9,58.66,5,15.23,0,0,3,19.13,0,0
"1333",27147960400,96.3,85.55,82,99.45,74,99.93,3,19.13,3,34.98
"1334",27147960500,14.1,34.98,19,63.39,1,40.77,6,63.41,37,97.95
"1335",27147960600,24.7,49.9,24.5,76.71,2.5,55.1,3,19.13,13.5,82.24
"1336",27147960700,13.5,33.91,5.75,18.31,0,0,1,0,3,34.98
"1337",27147960800,37,60.67,31,86.13,19.5,92.41,1,0,22.15,91.82
"1338",27149480100,16.5,38.86,15,52.6,11,82.54,9,88.01,5,50.27
"1339",27149480200,18,40.6,41,93.72,18,91.41,4,34.79,0.5,3.34
"1340",27149480300,8.1,24.15,37,91.33,10,81.01,6,63.41,12.5,79.44
"1341",27151960100,9,25.22,23,72.61,9,78.81,4,34.79,6.5,58.45
"1342",27151960200,18,40.6,37,91.33,5,67.95,4,34.79,8,65.88
"1343",27151960300,3.5,14.11,7,23.09,10.5,82.01,5,51,10,73.63
"1344",27151960400,0,0,22,70.29,8,76.88,7,76.09,5,50.27
"1345",27153790100,6.25,19.93,34,88.93,12,84.21,3,19.13,11.5,77.07
"1346",27153790200,2.25,10.97,6,18.58,2.5,55.1,1,0,2,25.62
"1347",27153790300,3,12.11,15,52.6,5.5,69.82,4,34.79,2,25.62
"1348",27153790400,5,16.86,12,43.58,6,71.95,5,51,21,90.53
"1349",27153790500,11,29.16,11.75,43.51,12.5,85.08,6,63.41,2.5,31.86
"1350",27153790600,35,59.53,40,93.17,14.5,87.81,4,34.79,9.5,71.91
"1351",27153790700,0,0,7,23.09,2,50.77,8,83.02,1.5,12.16
"1352",27153790800,1,4.82,18,60.66,2.5,55.1,4,34.79,5,50.27
"1353",27155460100,17,39.26,37,91.33,7.5,75.62,6,63.41,25,93.86
"1354",27155460200,1,4.82,15,52.6,0,0,6,63.41,8,65.88
"1355",27157490100,7,20.54,14,49.93,2.5,55.1,5,51,13,80.52
"1356",27157490200,2,8.63,9,31.35,4.5,66.36,6,63.41,34,97.2
"1357",27157490300,15,36.32,20,65.92,16,89.47,6,63.41,7,61.14
"1358",27157490400,2,8.63,23,72.61,2.5,55.1,5,51,8.5,68.14
"1359",27157490500,19.1,42.74,13,46.72,11,82.54,6,63.41,12,78.04
"1360",27157490600,6,18.66,11,39.69,1.5,45.9,0,0,3,34.98
"1361",27159480100,18,40.6,23,72.61,17.5,90.47,4,34.79,12.5,79.44
"1362",27159480200,13.8,34.11,28,82.45,11.5,83.68,3,19.13,9.5,71.91
"1363",27159480300,10.85,28.96,50,96.17,25.5,95.8,1,0,13,80.52
"1364",27161790100,2,8.63,20,65.92,7.5,75.62,6,63.41,9.5,71.91
"1365",27161790200,7,20.54,29,83.81,11,82.54,7,76.09,0,0
"1366",27161790300,13.1,33.65,13,46.72,14,87.14,7,76.09,30,96.34
"1367",27161790400,38.35,62.61,14,49.93,0.5,35.84,2,9.22,0,0
"1368",27161790500,46.6,68.56,44,94.74,42,98.67,4,34.79,5.5,52.42
"1369",27163070103,67.2,78.53,40,93.17,4,63.56,4,34.79,1.5,12.16
"1370",27163070104,5.2,17.53,8,27.46,0,0,4,34.79,0,0
"1371",27163070105,6.05,19.6,6,18.58,0,0,5,51,1.5,12.16
"1372",27163070107,29.05,54.85,4,11.07,0,0,4,34.79,11,76.21
"1373",27163070108,0.1,2.88,6,18.58,0,0,4,34.79,8,65.88
"1374",27163070204,10.5,28.49,4,11.07,18,91.41,4,34.79,0,0
"1375",27163070205,3,12.11,10,35.45,5,67.95,7,76.09,1.5,12.16
"1376",27163070206,26.1,51.97,15,52.6,0,0,5,51,3,34.98
"1377",27163070207,2.75,11.71,2,3.28,13,85.74,2,9.22,12,78.04
"1378",27163070208,2,8.63,6,18.58,3,58.23,3,19.13,13,80.52
"1379",27163070301,8.5,24.62,18,60.66,0.5,35.84,3,19.13,1.5,12.16
"1380",27163070303,5.55,18.19,11,39.69,1,40.77,1,0,0,0
"1381",27163070304,11.9,31.37,27,80.94,0,0,1,0,0,0
"1382",27163070403,15.1,36.72,27,80.94,0,0,6,63.41,13,80.52
"1383",27163070404,1,4.82,10,35.45,0,0,8,83.02,0,0
"1384",27163070405,77.6,81.34,27.5,82.31,0,0,4,34.79,2.5,31.86
"1385",27163070406,96.7,85.62,35,89.82,0,0,3,19.13,0,0
"1386",27163070501,37.75,61.47,4,11.07,2,50.77,8,83.02,0,0
"1387",27163070502,43.25,66.69,32,87.16,0,0,8,83.02,0,0
"1388",27163070602,51.2,71.3,15,52.6,2,50.77,6,63.41,0,0
"1389",27163070603,34.9,59.46,8,27.46,0.5,35.84,5,51,0,0
"1390",27163070604,37.5,61.2,2,3.28,0,0,5,51,0,0
"1391",27163070703,27.15,53.24,19,63.39,0,0,6,63.41,3,34.98
"1392",27163070704,41.1,65.15,11,39.69,7.5,75.62,6,63.41,1,8.18
"1393",27163070705,20.5,44.88,8,27.46,0,0,6,63.41,0,0
"1394",27163070706,37.9,61.81,16,55.4,2.5,55.1,6,63.41,4,43.49
"1395",27163070801,8.05,24.08,2,3.28,0.5,35.84,6,63.41,1,8.18
"1396",27163070802,3.75,14.85,1,0,0,0,6,63.41,0.25,2.05
"1397",27163070906,52.25,71.97,30,84.97,10.5,82.01,2,9.22,1.5,12.16
"1398",27163070907,11.35,30.57,11,39.69,0,0,1,0,1.5,12.16
"1399",27163070909,29.55,55.52,9.5,34.97,0,0,0,0,0,0
"1400",27163070910,57.9,74.72,7,23.09,0,0,5,51,0,0
"1401",27163070911,74.35,80.67,16.5,56.97,0,0,2,9.22,0,0
"1402",27163070912,35.1,59.67,1,0,0,0,2,9.22,0,0
"1403",27163071001,64.45,77.06,9,31.35,1,40.77,5,51,0,0
"1404",27163071003,77.8,81.47,24.5,76.71,10,81.01,11,96.6,23,92.25
"1405",27163071006,22.75,47.69,8,27.46,16,89.47,5,51,5.5,52.42
"1406",27163071010,25.7,51.24,4,11.07,5,67.95,1,0,0,0
"1407",27163071012,14.6,35.72,5,15.23,20.5,93.27,3,19.13,0,0
"1408",27163071013,4.25,15.85,6,18.58,0,0,3,19.13,0,0
"1409",27163071014,2.25,10.97,0,0,0,0,3,19.13,0,0
"1410",27163071016,1.1,6.96,2,3.28,0,0,1,0,0,0
"1411",27163071019,40.45,64.95,36,90.64,0,0,3,19.13,0,0
"1412",27163071020,30,55.99,2,3.28,0,0,1,0,0,0
"1413",27163071021,20.4,44.75,1,0,4,63.56,1,0,0,0
"1414",27163071101,18.25,41.4,24,74.52,0,0,6,63.41,0,0
"1415",27163071102,62.1,76.39,27.5,82.31,12.5,85.08,13,99.31,4,43.49
"1416",27163071207,11.35,30.57,4.75,15.16,0,0,10,93.9,0,0
"1417",27163071208,14.35,35.32,6,18.58,0,0,1,0,1,8.18
"1418",27163071209,11.7,31.1,0,0,1,40.77,2,9.22,1,8.18
"1419",27163071210,14.1,34.98,0,0,0,0,0,0,0,0
"1420",27163071211,2.95,12.04,4,11.07,0,0,0,0,0,0
"1421",27163071300,48.95,70.3,24,74.52,23,94.67,9,88.01,2,25.62
"1422",27163071400,76.85,80.94,34,88.93,44,98.93,10,93.9,4,43.49
"1423",27165950100,7,20.54,19,63.39,4,63.56,6,63.41,5,50.27
"1424",27165950200,18,40.6,52,96.65,25.5,95.8,2,9.22,13.5,82.24
"1425",27165950300,0.5,3.95,36,90.64,12,84.21,7,76.09,6.2,58.13
"1426",27167950100,13,32.91,31,86.13,1,40.77,6,63.41,10.5,74.81
"1427",27167950200,3,12.11,54,97.13,3,58.23,6,63.41,5.5,52.42
"1428",27169670101,9.55,26.69,25,76.98,2.5,55.1,4,34.79,1.5,12.16
"1429",27169670102,1,4.82,21,68.24,0,0,4,34.79,5,50.27
"1430",27169670200,22.05,46.89,19,63.39,42,98.67,4,34.79,5.6,54.57
"1431",27169670301,84.1,83.14,29.5,84.7,6.5,73.22,1,0,2.5,31.86
"1432",27169670302,64.6,77.19,25,76.98,3,58.23,1,0,0.4,3.01
"1433",27169670400,64.45,77.06,29.75,84.9,8,76.88,5,51,12,78.04
"1434",27169670500,56.6,74.18,24,74.52,3,58.23,5,51,0.6,6.03
"1435",27169670600,44.7,67.63,18,60.66,12,84.21,5,51,5.3,52.31
"1436",27169670700,46.6,68.56,30,84.97,37.5,98.27,5,51,16.5,86.01
"1437",27169670801,7,20.54,13,46.72,3.5,61.49,2,9.22,5.5,52.42
"1438",27169670802,21.5,46.35,25,76.98,10,81.01,5,51,26,94.19
"1439",27169670900,23.5,48.16,24,74.52,12,84.21,4,34.79,0,0
"1440",27169671000,6,18.66,13,46.72,7.5,75.62,4,34.79,1,8.18
"1441",27171100101,5.25,17.59,3,7.17,1.5,45.9,6,63.41,0,0
"1442",27171100102,14.5,35.52,3,7.17,1,40.77,5,51,0,0
"1443",27171100202,5.8,18.39,0,0,11,82.54,4,34.79,42,98.92
"1444",27171100203,31,56.39,19,63.39,7,74.48,3,19.13,1.2,11.73
"1445",27171100205,9.6,26.82,6,18.58,16.5,89.94,3,19.13,0,0
"1446",27171100206,2.25,10.97,10,35.45,6.5,73.22,4,34.79,1,8.18
"1447",27171100300,9,25.22,15,52.6,11,82.54,5,51,0,0
"1448",27171100401,0,0,3,7.17,0,0,2,9.22,2.5,31.86
"1449",27171100402,6,18.66,24,74.52,5,67.95,3,19.13,1.5,12.16
"1450",27171100500,5,16.86,15,52.6,1.5,45.9,8,83.02,3,34.98
"1451",27171100701,36.75,60.4,29,83.81,1,40.77,8,83.02,0,0
"1452",27171100704,23.7,48.56,12,43.58,22,94,3,19.13,5.5,52.42
"1453",27171100705,18,40.6,10,35.45,2.5,55.1,3,19.13,1,8.18
"1454",27171100706,15.4,37.06,6,18.58,16.5,89.94,8,83.02,3.1,40.58
"1455",27171100707,3,12.11,14,49.93,2,50.77,4,34.79,7.35,63.72
"1456",27171100803,46.85,68.76,8,27.46,1,40.77,8,83.02,1,8.18
"1457",27171100804,48.35,69.77,3,7.17,0,0,8,83.02,8.5,68.14
"1458",27171100805,32,56.86,15,52.6,0,0,6,63.41,2.5,31.86
"1459",27171100806,7.45,22.01,3,7.17,1.5,45.9,6,63.41,2,25.62
"1460",27171100807,12.6,32.31,2,3.28,17.5,90.47,6,63.41,0,0
"1461",27171100900,1.45,7.89,6,18.58,3,58.23,9,88.01,2,25.62
"1462",27171101001,27.9,53.78,11,39.69,17.5,90.47,8,83.02,0,0
"1463",27171101002,43.25,66.69,17,57.79,9.5,79.95,7,76.09,8,65.88
"1464",27171101101,4,15.05,14,49.93,1.5,45.9,10,93.9,1.5,12.16
"1465",27171101102,3.1,13.58,7,23.09,0,0,9,88.01,0,0
"1466",27171101200,34,58.8,19,63.39,5.5,69.82,8,83.02,9.5,71.91
"1467",27171101300,3.2,13.71,19,63.39,1,40.77,8,83.02,0,0
"1468",27173970100,4.25,15.85,35,89.82,7.5,75.62,5,51,20,89.34
"1469",27173970200,1,4.82,24,74.52,5.5,69.82,7,76.09,14.5,83.21
"1470",27173970300,6,18.66,25,76.98,14.5,87.81,4,34.79,29,96.02
"1471",27173970400,7,20.54,6,18.58,15,88.41,7,76.09,5,50.27
"1472",27003050238,1.2,7.36,10,35.45,0,0,3,19.13,0,0
"1473",27003050240,0.95,4.68,1,0,2,50.77,1,0,0,0
"1474",27003050707,8.8,25.15,0,0,2,50.77,4,34.79,1,8.18
"1475",27003050827,0.95,4.68,1,0,0,0,2,9.22,0,0
"1476",27053026025,4.6,16.25,2,3.28,0,0,7,76.09,0,0
"1477",27053026706,0.6,4.21,0,0,0,0,6,63.41,0,0
"1478",27095170600,5.7,18.26,2,3.28,2.5,55.1,2,9.22,2.5,31.86
"1479",27119020300,1,4.82,24,74.52,0,0,4,34.79,0,0
"1480",27137003000,25.8,51.44,7,23.09,0,0,11,96.6,0,0
"1481",27003050241,0.25,3.41,9,31.35,1,40.77,4,34.79,0,0
"1482",27037061005,0.45,3.88,5,15.23,0,0,0,0,0,0
"1483",27037061401,0.75,4.48,2,3.28,0,0,13,99.31,0,0
"1484",27053025802,3.65,14.72,1,0,0,0,6,63.41,0,0
"1485",27053026013,0.8,4.55,1,0,2,50.77,3,19.13,0,0
"1486",27053026826,0.7,4.35,1,0,0,0,4,34.79,0,0
"1487",27109001302,0.25,3.41,3,7.17,0,0,2,9.22,0,0
"1488",27109001502,3.05,13.38,4,11.07,0,0,4,34.79,0,0
"1489",27145011307,0.25,3.41,1,0,2.5,55.1,2,9.22,0,0
"1490",27037060806,0.1,2.88,1,0,0,0,1,0,0,0
"1491",27037060816,0.9,4.62,0,0,0,0,2,9.22,0,0
"1492",27037060838,1.2,7.56,4,11.07,0,0,1,0,0,0
"1493",27119020100,0.1,2.88,62,98.7,0,0,4,34.79,2.3,31.54
"1494",27137002300,0.1,2.88,10,35.45,0,0,6,63.41,0,0
"1495",27163071022,1.2,7.56,2.5,6.9,0,0,1,0,0,0
"1496",27163071025,0.1,2.88,0,0,0,0,1,0,0,0
"1497",27007450201,0,0,4,11.07,0,0,1,0,1.5,12.16
"1498",27123040706,0,0,2,3.28,0,0,4,34.79,0,0
"1499",27163071024,0,0,0,0,0,0,1,0,0,0
"1500",27139080306,0,0,0,0,0.5,35.84,0,0,0,0
"1501",27163071023,0,0,0,0,0,0,1,0,0,0
"1502",27163071011,0,0,0,0,0,0,1,0,0,0
