"","geoid","points_250","points_500","points_750","points_1000","cleanup_points","percentile_rank"
"1",27001770100,14,NA,NA,1.6,15.6,0.373913043478261
"2",27001770200,8,NA,NA,NA,8,0.232775919732441
"3",27001770300,24,NA,NA,NA,24,0.488963210702341
"4",27001770401,14,NA,NA,NA,14,0.34247491638796
"5",27001770402,11,NA,NA,NA,11,0.291638795986622
"6",27001790501,1,NA,NA,NA,1,0.0481605351170569
"7",27001790503,0,NA,NA,1,1,0.0481605351170569
"8",27001790504,1,NA,NA,NA,1,0.0481605351170569
"9",27003050107,17,NA,NA,NA,17,0.392642140468227
"10",27003050108,3,4,0.75,NA,7.75,0.22876254180602
"11",27003050109,7,1,0.25,0.1,8.35,0.244147157190635
"12",27003050110,26,0.5,NA,0.1,26.6,0.524414715719064
"13",27003050111,1,NA,0.25,NA,1.25,0.0769230769230769
"14",27003050114,3,NA,NA,NA,3,0.121070234113712
"15",27003050115,19,NA,NA,NA,19,0.421404682274247
"16",27003050116,0,4.5,1.5,NA,6,0.186622073578595
"17",27003050208,39,0.5,1.75,0.8,42.05,0.661538461538462
"18",27003050210,20,0.5,0.5,1,22,0.466220735785953
"19",27003050215,32,0.5,3.25,0.3,36.05,0.602006688963211
"20",27003050216,6,1,0.25,0.2,7.45,0.220066889632107
"21",27003050217,2,NA,NA,0.1,2.1,0.105016722408027
"22",27003050218,1,0.5,NA,NA,1.5,0.0795986622073579
"23",27003050219,6,NA,NA,0.1,6.1,0.196655518394649
"24",27003050220,47,1.5,NA,NA,48.5,0.698996655518395
"25",27003050222,18,3,0.25,0.8,22.05,0.468896321070234
"26",27003050223,7,0.5,0.25,0.2,7.95,0.232107023411371
"27",27003050224,10,NA,0.25,NA,10.25,0.280267558528428
"28",27003050226,17,NA,3,0.2,20.2,0.444147157190635
"29",27003050227,73,10.5,1.25,0.5,85.25,0.833444816053512
"30",27003050228,84,11.5,0.5,NA,96,0.854180602006689
"31",27003050229,44,NA,NA,0.1,44.1,0.673578595317726
"32",27003050230,12,1.5,NA,0.6,14.1,0.349832775919732
"33",27003050232,15,NA,0.25,NA,15.25,0.367892976588629
"34",27003050233,9,NA,0.75,1.8,11.55,0.309030100334448
"35",27003050234,3,NA,0.5,0.1,3.6,0.145819397993311
"36",27003050235,7,NA,NA,NA,7,0.205351170568562
"37",27003050236,9,1.5,NA,NA,10.5,0.28494983277592
"38",27003050237,28,11.5,0.25,0.6,40.35,0.648160535117057
"39",27003050239,1,NA,NA,0.2,1.2,0.0735785953177258
"40",27003050401,128,1.5,5,1,135.5,0.91304347826087
"41",27003050402,62,15.5,2.25,2.6,82.35,0.82742474916388
"42",27003050501,83,14,0.25,0.9,98.15,0.859531772575251
"43",27003050504,20,9.5,4.25,5.4,39.15,0.633444816053512
"44",27003050505,33,17,5.75,0.8,56.55,0.741137123745819
"45",27003050602,19,5,2.25,0.7,26.95,0.528428093645485
"46",27003050605,11,6.5,1.75,0.6,19.85,0.436120401337793
"47",27003050606,19,1.5,5.5,NA,26,0.516387959866221
"48",27003050607,30,5,2,1.8,38.8,0.631438127090301
"49",27003050608,22,14,0.75,1.5,38.25,0.625418060200669
"50",27003050609,29,4,0.5,2.2,35.7,0.6
"51",27003050611,16,NA,NA,NA,16,0.380602006688963
"52",27003050612,1,5,2.75,0.8,9.55,0.266889632107023
"53",27003050702,3,4.5,2.25,0.3,10.05,0.278929765886288
"54",27003050704,23,6,NA,NA,29,0.547157190635452
"55",27003050706,3,1.5,0.75,NA,5.25,0.175919732441472
"56",27003050709,24,2,4.75,1.4,32.15,0.569899665551839
"57",27003050710,28,1,0.25,2,31.25,0.565886287625418
"58",27003050711,1,1,NA,0.6,2.6,0.115719063545151
"59",27003050712,12,10.5,NA,1.1,23.6,0.48494983277592
"60",27003050807,5,0.5,0.25,0.5,6.25,0.19933110367893
"61",27003050808,3,NA,NA,NA,3,0.121070234113712
"62",27003050810,9,2,0.5,1.3,12.8,0.325752508361204
"63",27003050811,5,9.5,1.5,2.4,18.4,0.414715719063545
"64",27003050816,80,9,1.75,0.2,90.95,0.846822742474916
"65",27003050818,14,0.5,NA,0.1,14.6,0.357190635451505
"66",27003050819,17,9,2.75,0.9,29.65,0.556521739130435
"67",27003050820,6,1.5,0.25,1.5,9.25,0.261538461538462
"68",27003050821,36,2,0.25,1.1,39.35,0.636120401337793
"69",27003050822,14,0.5,NA,0.1,14.6,0.357190635451505
"70",27003050823,15,0.5,NA,NA,15.5,0.37123745819398
"71",27003050824,9,0.5,NA,1.4,10.9,0.290969899665552
"72",27003050825,1,1,0.25,0.5,2.75,0.117056856187291
"73",27003050826,5,NA,NA,0.4,5.4,0.179264214046823
"74",27003050828,6,10,2.75,NA,18.75,0.418729096989967
"75",27003050829,76,7,8.25,1,92.25,0.849498327759197
"76",27003050901,32,0.5,0.25,0.4,33.15,0.575919732441472
"77",27003050902,31,5,NA,NA,36,0.60133779264214
"78",27003051001,52,0.5,0.5,2,55,0.732441471571906
"79",27003051002,12,17,4.5,1.7,35.2,0.597324414715719
"80",27003051101,80,5,0.5,2.1,87.6,0.836120401337793
"81",27003051102,69,25.5,8.5,3.1,106.1,0.868896321070234
"82",27003051103,69,8,NA,0.4,77.4,0.812709030100334
"83",27003051201,71,4,5.5,3,83.5,0.82943143812709
"84",27003051202,67,5,5.5,3.1,80.6,0.822742474916388
"85",27003051203,18,6.5,0.5,0.9,25.9,0.51505016722408
"86",27003051206,165,8,9,4,186,0.9438127090301
"87",27003051302,41,8,0.25,1.1,50.35,0.711036789297659
"88",27003051304,33,7,11.25,3.8,55.05,0.734448160535117
"89",27003051305,44,10.5,NA,5.9,60.4,0.757859531772575
"90",27003051400,75,33.5,7.75,1.2,117.45,0.88695652173913
"91",27003051501,65,9.5,2.75,2.5,79.75,0.820066889632107
"92",27003051502,38,9.5,7.75,2.9,58.15,0.749832775919732
"93",27003051600,0,NA,0.25,NA,0.25,0.0341137123745819
"94",27005450100,1,NA,NA,NA,1,0.0481605351170569
"95",27005450200,10,NA,NA,NA,10,0.270234113712375
"96",27005450300,42,0.5,NA,NA,42.5,0.663545150501672
"97",27005450400,4,16.5,0.25,NA,20.75,0.450836120401338
"98",27005450500,27,NA,NA,NA,27,0.529765886287625
"99",27005450600,16,NA,0.25,0.8,17.05,0.395986622073579
"100",27005450700,2,0.5,NA,1.2,3.7,0.147826086956522
"101",27005450800,12,NA,NA,NA,12,0.31438127090301
"102",27005450900,0,NA,NA,NA,0,0
"103",27005940000,0,NA,NA,NA,0,0
"104",27007450101,21,1,3,NA,25,0.501003344481605
"105",27007450102,9,NA,1.5,0.1,10.6,0.28628762541806
"106",27007450202,6,NA,NA,0.1,6.1,0.196655518394649
"107",27007450300,1,NA,NA,NA,1,0.0481605351170569
"108",27007450400,10,NA,NA,NA,10,0.270234113712375
"109",27007450500,7,NA,NA,NA,7,0.205351170568562
"110",27007450600,33,NA,0.5,0.2,33.7,0.583277591973244
"111",27007450703,33,NA,NA,0.4,33.4,0.579933110367893
"112",27007450704,60,1,0.5,0.5,62,0.762541806020067
"113",27007450705,7,NA,1.75,1.6,10.35,0.282943143812709
"114",27007450706,36,3.5,NA,NA,39.5,0.636789297658863
"115",27007940001,0,NA,NA,NA,0,0
"116",27007940002,0,NA,NA,NA,0,0
"117",27009020100,20,3,NA,NA,23,0.478260869565217
"118",27009020202,11,3.5,3.75,0.2,18.45,0.416053511705686
"119",27009020203,2,NA,NA,0.2,2.2,0.107692307692308
"120",27009020205,14,NA,NA,NA,14,0.34247491638796
"121",27009020206,13,NA,NA,NA,13,0.329096989966555
"122",27009020300,6,3.5,0.75,3.5,13.75,0.339799331103679
"123",27009021102,47,18,4,0.2,69.2,0.791973244147157
"124",27009021103,2,0.5,NA,0.3,2.8,0.118394648829431
"125",27009021104,33,1.5,0.25,0.1,34.85,0.593979933110368
"126",27009021201,84,11,8.5,1.4,104.9,0.866220735785953
"127",27011950100,15,NA,NA,NA,15,0.363210702341137
"128",27011950200,2,NA,NA,NA,2,0.0862876254180602
"129",27011950300,17,NA,NA,NA,17,0.392642140468227
"130",27013170100,3,NA,NA,NA,3,0.121070234113712
"131",27013170200,43,10,2.25,2.7,57.95,0.747826086956522
"132",27013170300,147,11,1.5,0.1,159.6,0.925752508361204
"133",27013170400,12,18,8,3.3,41.3,0.654849498327759
"134",27013170500,3,0.5,2.5,0.6,6.6,0.203344481605351
"135",27013170600,43,2.5,11,0.3,56.8,0.74314381270903
"136",27013170700,67,12.5,2.25,0.1,81.85,0.826755852842809
"137",27013170800,46,9.5,1,1.1,57.6,0.745150501672241
"138",27013170900,46,NA,NA,1,47,0.689632107023411
"139",27013171000,3,NA,0.25,NA,3.25,0.138461538461538
"140",27013171101,2,3.5,6.5,2.1,14.1,0.349832775919732
"141",27013171202,9,0.5,4,5.4,18.9,0.420066889632107
"142",27013171300,25,NA,NA,NA,25,0.501003344481605
"143",27013171400,8,NA,NA,NA,8,0.232775919732441
"144",27013171500,6,NA,NA,NA,6,0.186622073578595
"145",27013171600,1,0.5,1.5,NA,3,0.121070234113712
"146",27015960101,21,4.5,NA,0.1,25.6,0.511705685618729
"147",27015960102,11,NA,1.5,0.1,12.6,0.323076923076923
"148",27015960200,16,1,2.5,0.1,19.6,0.431438127090301
"149",27015960300,10,4,2.75,0.1,16.85,0.391973244147157
"150",27015960400,18,0.5,2.25,0.2,20.95,0.452173913043478
"151",27015960500,3,NA,NA,NA,3,0.121070234113712
"152",27015960600,17,NA,NA,NA,17,0.392642140468227
"153",27015960700,8,3.5,0.25,0.8,12.55,0.322408026755853
"154",27017070100,57,NA,NA,0.4,57.4,0.744481605351171
"155",27017070200,11,10.5,6.25,0.4,28.15,0.54180602006689
"156",27017070300,40,3,0.25,0.2,43.45,0.670234113712375
"157",27017070401,53,0.5,5.75,0.3,59.55,0.755852842809365
"158",27017070402,45,NA,NA,0.9,45.9,0.682943143812709
"159",27017070501,19,NA,0.5,NA,19.5,0.430769230769231
"160",27017070502,10,NA,0.25,1.5,11.75,0.311705685618729
"161",27017070600,13,NA,NA,NA,13,0.329096989966555
"162",27017940000,11,1,NA,NA,12,0.31438127090301
"163",27019090101,17,6.5,0.5,0.1,24.1,0.492307692307692
"164",27019090102,26,NA,NA,NA,26,0.516387959866221
"165",27019090200,6,NA,NA,NA,6,0.186622073578595
"166",27019090302,48,NA,2.25,2.1,52.35,0.722408026755853
"167",27019090303,57,6,NA,NA,63,0.767224080267559
"168",27019090304,22,4,0.75,2.6,29.35,0.552508361204013
"169",27019090401,13,NA,NA,NA,13,0.329096989966555
"170",27019090402,7,NA,0.25,0.2,7.45,0.220066889632107
"171",27019090501,11,NA,0.5,0.9,12.4,0.320401337792642
"172",27019090502,17,NA,0.5,1.5,19,0.421404682274247
"173",27019090503,7,NA,1,2.1,10.1,0.279598662207358
"174",27019090601,26,NA,0.5,NA,26.5,0.523745819397993
"175",27019090602,0,NA,NA,NA,0,0
"176",27019090702,17,4,3.5,3.7,28.2,0.54314381270903
"177",27019090703,19,11.5,2,0.9,33.4,0.579933110367893
"178",27019090704,24,1,NA,NA,25,0.501003344481605
"179",27019090801,16,NA,NA,0.5,16.5,0.388628762541806
"180",27019090802,21,1,NA,0.6,22.6,0.476254180602007
"181",27019090901,1,3.5,NA,0.2,4.7,0.163879598662207
"182",27019090902,25,3.5,NA,NA,28.5,0.545150501672241
"183",27019091001,29,NA,NA,1.1,30.1,0.561204013377926
"184",27019091002,52,0.5,0.75,0.1,53.35,0.727090301003344
"185",27019091100,3,0.5,0.75,0.2,4.45,0.161204013377926
"186",27019091201,72,NA,NA,NA,72,0.79866220735786
"187",27019091202,2,NA,NA,0.6,2.6,0.115719063545151
"188",27021940001,13,NA,NA,NA,13,0.329096989966555
"189",27021940002,47,NA,0.5,NA,47.5,0.692976588628763
"190",27021960100,11,NA,NA,NA,11,0.291638795986622
"191",27021960200,0,0.5,NA,NA,0.5,0.0394648829431438
"192",27021960301,0,NA,0.25,NA,0.25,0.0341137123745819
"193",27021960302,1,NA,NA,NA,1,0.0481605351170569
"194",27021960600,5,0.5,2.25,NA,7.75,0.22876254180602
"195",27021960700,23,1,NA,NA,24,0.488963210702341
"196",27021960801,2,NA,2,NA,4,0.150501672240803
"197",27021960803,10,NA,NA,NA,10,0.270234113712375
"198",27021960804,8,NA,NA,NA,8,0.232775919732441
"199",27023950300,2,5,0.25,0.2,7.45,0.220066889632107
"200",27023950400,1,NA,NA,NA,1,0.0481605351170569
"201",27023950500,6,NA,NA,NA,6,0.186622073578595
"202",27023950601,24,0.5,NA,0.6,25.1,0.505685618729097
"203",27023950602,28,NA,0.25,NA,28.25,0.5438127090301
"204",27025110100,0,NA,NA,0.2,0.2,0.0327759197324415
"205",27025110201,11,NA,NA,NA,11,0.291638795986622
"206",27025110202,14,0.5,NA,NA,14.5,0.355183946488294
"207",27025110301,6,0.5,NA,NA,6.5,0.202675585284281
"208",27025110302,9,NA,NA,NA,9,0.252173913043478
"209",27025110402,12,NA,0.25,NA,12.25,0.318394648829431
"210",27025110403,13,5.5,0.25,1.2,19.95,0.437458193979933
"211",27025110404,34,NA,NA,NA,34,0.587959866220736
"212",27025110501,4,0.5,0.25,NA,4.75,0.164548494983278
"213",27025110503,4,0.5,0.25,0.1,4.85,0.167224080267559
"214",27025110504,3,NA,0.25,NA,3.25,0.138461538461538
"215",27025110600,6,NA,0.25,NA,6.25,0.19933110367893
"216",27025110700,2,NA,NA,NA,2,0.0862876254180602
"217",27027020300,121,6.5,NA,1.8,129.3,0.903010033444816
"218",27027020400,27,18,16,4.3,65.3,0.778595317725753
"219",27027020500,10,NA,4.25,0.6,14.85,0.361872909698997
"220",27027020600,56,5,3.75,1,65.75,0.781270903010033
"221",27027020700,56,16.5,0.75,1.9,75.15,0.808026755852843
"222",27027030106,2,NA,NA,NA,2,0.0862876254180602
"223",27027030107,6,NA,NA,NA,6,0.186622073578595
"224",27027030108,11,4.5,NA,NA,15.5,0.37123745819398
"225",27027030109,10,NA,0.25,1,11.25,0.303678929765886
"226",27027030110,0,NA,NA,NA,0,0
"227",27027030111,12,5,6.25,1.7,24.95,0.500334448160535
"228",27027030112,0,NA,2.25,NA,2.25,0.109698996655518
"229",27027030201,18,3,NA,NA,21,0.453511705685619
"230",27027030202,4,1,NA,NA,5,0.168561872909699
"231",27027030300,51,18,7.5,0.8,77.3,0.811371237458194
"232",27027030400,83,10,13.5,0.3,106.8,0.870234113712375
"233",27029000100,20,NA,NA,NA,20,0.438127090301003
"234",27029000200,10,NA,NA,NA,10,0.270234113712375
"235",27029000300,20,NA,NA,NA,20,0.438127090301003
"236",27031480101,0,NA,NA,NA,0,0
"237",27031480102,6,0.5,2,0.1,8.6,0.247491638795987
"238",27031480200,10,NA,NA,NA,10,0.270234113712375
"239",27033270100,1,NA,NA,NA,1,0.0481605351170569
"240",27033270200,1,NA,NA,NA,1,0.0481605351170569
"241",27033270300,1,NA,NA,NA,1,0.0481605351170569
"242",27033270400,23,NA,0.25,NA,23.25,0.480267558528428
"243",27035950100,1,NA,NA,NA,1,0.0481605351170569
"244",27035950204,10,NA,NA,NA,10,0.270234113712375
"245",27035950401,11,NA,NA,NA,11,0.291638795986622
"246",27035950402,0,NA,NA,NA,0,0
"247",27035950501,1,NA,NA,0.1,1.1,0.0695652173913043
"248",27035950502,9,0.5,NA,NA,9.5,0.264882943143813
"249",27035950701,11,NA,NA,NA,11,0.291638795986622
"250",27035950702,14,NA,NA,0.1,14.1,0.349832775919732
"251",27035950801,0,NA,NA,NA,0,0
"252",27035950802,24,4.5,0.5,0.3,29.3,0.551839464882943
"253",27035950901,3,0.5,0.25,0.9,4.65,0.163210702341137
"254",27035950902,1,NA,NA,0.2,1.2,0.0735785953177258
"255",27035951000,61,3,6.5,0.8,71.3,0.797324414715719
"256",27035951100,98,7,2.5,0.9,108.4,0.872909698996655
"257",27035951200,82,5,4.25,2.2,93.45,0.850167224080268
"258",27035951301,37,1,NA,0.1,38.1,0.622742474916388
"259",27035951303,56,14.5,6,1.3,77.8,0.814715719063545
"260",27035951304,26,1,NA,0.3,27.3,0.533779264214047
"261",27035951400,10,4.5,0.75,0.9,16.15,0.383277591973244
"262",27035951600,7,NA,NA,NA,7,0.205351170568562
"263",27035951700,4,3,0.25,0.2,7.45,0.220066889632107
"264",27037060101,12,6.5,5.5,2,26,0.516387959866221
"265",27037060102,37,5,6.75,0.6,49.35,0.705016722408027
"266",27037060103,6,19,NA,0.4,25.4,0.509030100334448
"267",27037060104,46,2.5,16,0.3,64.8,0.773913043478261
"268",27037060105,73,7,3,0.3,83.3,0.82876254180602
"269",27037060201,12,11.5,7,3.8,34.3,0.589966555183946
"270",27037060202,14,12,24,2.3,52.3,0.721070234113712
"271",27037060301,195,12,1.5,0.6,209.1,0.955183946488294
"272",27037060302,34,11,3.25,3.2,51.45,0.71438127090301
"273",27037060401,32,7,10,6.5,55.5,0.735785953177257
"274",27037060402,33,16.5,8.5,3.8,61.8,0.760535117056856
"275",27037060502,29,NA,1.25,2.9,33.15,0.575919732441472
"276",27037060503,16,1,6,1.9,24.9,0.499665551839465
"277",27037060505,38,3.5,0.25,1.9,43.65,0.671571906354515
"278",27037060506,12,6.5,3.75,1.9,24.15,0.492976588628763
"279",27037060507,1,0.5,0.5,0.2,2.2,0.107692307692308
"280",27037060508,68,0.5,4.75,1.2,74.45,0.807357859531773
"281",27037060509,17,2,2.25,1.2,22.45,0.474916387959866
"282",27037060603,30,22,18.5,2.8,73.3,0.803344481605351
"283",27037060604,16,0.5,0.25,3.5,20.25,0.445484949832776
"284",27037060605,30,8.5,7.25,2.4,48.15,0.696989966555184
"285",27037060606,4,0.5,0.5,0.4,5.4,0.179264214046823
"286",27037060709,37,0.5,0.25,0.3,38.05,0.622073578595318
"287",27037060710,100,11,0.5,1.6,113.1,0.882274247491639
"288",27037060711,41,4.5,3,4.7,53.2,0.725083612040134
"289",27037060713,9,NA,5.5,NA,14.5,0.355183946488294
"290",27037060714,9,0.5,0.5,NA,10,0.270234113712375
"291",27037060716,3,8.5,6,0.6,18.1,0.412040133779264
"292",27037060717,96,15,3.25,0.9,115.15,0.88428093645485
"293",27037060721,21,0.5,2.5,1.2,25.2,0.506354515050167
"294",27037060725,48,6.5,1.5,1.6,57.6,0.745150501672241
"295",27037060726,36,3,5,0.7,44.7,0.676254180602007
"296",27037060727,16,1.5,NA,0.2,17.7,0.40066889632107
"297",27037060728,33,6,3.5,3.2,45.7,0.680936454849498
"298",27037060729,16,1,3.75,0.2,20.95,0.452173913043478
"299",27037060731,15,NA,NA,2.2,17.2,0.397993311036789
"300",27037060732,2,3,3.75,NA,8.75,0.248829431438127
"301",27037060733,37,0.5,NA,0.2,37.7,0.613377926421405
"302",27037060734,24,1.5,NA,0.9,26.4,0.522408026755853
"303",27037060735,5,NA,0.5,0.3,5.8,0.183946488294314
"304",27037060737,4,0.5,6,0.9,11.4,0.307023411371237
"305",27037060738,8,0.5,0.25,NA,8.75,0.248829431438127
"306",27037060739,36,0.5,0.25,1,37.75,0.614715719063545
"307",27037060742,11,7.5,1.75,1,21.25,0.461538461538462
"308",27037060743,2,NA,0.75,0.1,2.85,0.119063545150502
"309",27037060744,2,NA,0.5,NA,2.5,0.11371237458194
"310",27037060745,42,NA,2.25,NA,44.25,0.674247491638796
"311",27037060746,1,4.5,0.25,NA,5.75,0.183277591973244
"312",27037060747,2,4.5,0.5,0.2,7.2,0.216053511705686
"313",27037060748,64,17.5,8,0.2,89.7,0.842140468227425
"314",27037060749,5,14.5,0.5,0.2,20.2,0.444147157190635
"315",27037060750,16,1.5,3.25,1.2,21.95,0.465551839464883
"316",27037060751,2,NA,NA,NA,2,0.0862876254180602
"317",27037060752,30,1.5,NA,0.8,32.3,0.57056856187291
"318",27037060753,24,4.5,0.25,0.9,29.65,0.556521739130435
"319",27037060754,22,0.5,NA,1,23.5,0.481605351170569
"320",27037060805,0,NA,NA,NA,0,0
"321",27037060811,36,NA,NA,0.7,36.7,0.603344481605351
"322",27037060812,32,1.5,NA,0.1,33.6,0.581270903010033
"323",27037060813,27,0.5,NA,NA,27.5,0.535785953177258
"324",27037060814,13,4.5,1.5,NA,19,0.421404682274247
"325",27037060815,9,6,2.25,0.7,17.95,0.404682274247492
"326",27037060819,7,NA,NA,0.9,7.9,0.230769230769231
"327",27037060822,1,NA,NA,NA,1,0.0481605351170569
"328",27037060823,36,NA,NA,2.5,38.5,0.62742474916388
"329",27037060824,26,0.5,NA,0.7,27.2,0.533110367892977
"330",27037060828,12,6.5,0.25,1,19.75,0.434113712374582
"331",27037060829,1,4.5,4.75,0.2,10.45,0.283612040133779
"332",27037060830,7,NA,NA,0.9,7.9,0.230769230769231
"333",27037060831,22,NA,0.25,NA,22.25,0.471571906354515
"334",27037060832,9,NA,0.5,NA,9.5,0.264882943143813
"335",27037060833,9,NA,NA,NA,9,0.252173913043478
"336",27037060834,9,5,NA,0.7,14.7,0.359866220735786
"337",27037060835,21,NA,2,0.4,23.4,0.480936454849498
"338",27037060836,42,NA,2.5,0.8,45.3,0.678929765886288
"339",27037060837,20,NA,NA,NA,20,0.438127090301003
"340",27037060839,11,6,NA,0.1,17.1,0.396655518394649
"341",27037060840,10,NA,0.25,NA,10.25,0.280267558528428
"342",27037060841,11,4.5,0.25,1.5,17.25,0.39866220735786
"343",27037060902,16,3,0.25,1.1,20.35,0.446822742474916
"344",27037060904,73,6.5,0.25,0.1,79.85,0.820735785953177
"345",27037060905,32,NA,9,0.1,41.1,0.651505016722408
"346",27037060906,3,NA,NA,1.8,4.8,0.166555183946488
"347",27037060907,5,NA,4.5,1.9,11.4,0.307023411371237
"348",27037061001,92,6.5,4,1.3,103.8,0.864214046822742
"349",27037061003,146,4.5,7,1.2,158.7,0.925083612040134
"350",27037061007,15,1,3.25,1.9,21.15,0.460200668896321
"351",27037061008,27,1,NA,0.1,28.1,0.540468227424749
"352",27037061009,7,16,2.75,0.9,26.65,0.525752508361204
"353",27037061010,2,10.5,0.25,NA,12.75,0.325083612040134
"354",27037061011,24,0.5,0.5,0.3,25.3,0.508361204013378
"355",27037061102,45,15.5,0.25,0.1,60.85,0.759197324414716
"356",27037061105,25,1,0.25,2.9,29.15,0.549832775919732
"357",27037061106,9,NA,3.25,0.8,13.05,0.335785953177258
"358",27037061109,73,5,NA,0.3,78.3,0.816722408026756
"359",27037061110,2,2,NA,0.1,4.1,0.157859531772575
"360",27037061111,24,NA,1.5,0.4,25.9,0.51505016722408
"361",27037061112,1,1,0.25,1.6,3.85,0.149832775919732
"362",27037061402,14,NA,NA,0.9,14.9,0.362541806020067
"363",27037061501,26,8.5,3,0.2,37.7,0.613377926421405
"364",27037061502,13,4.5,NA,0.2,17.7,0.40066889632107
"365",27039950100,2,1.5,NA,NA,3.5,0.141137123745819
"366",27039950200,21,NA,NA,NA,21,0.453511705685619
"367",27039950300,18,NA,NA,0.1,18.1,0.412040133779264
"368",27039950400,9,6,NA,NA,15,0.363210702341137
"369",27039950500,15,NA,NA,NA,15,0.363210702341137
"370",27041450100,0,NA,NA,NA,0,0
"371",27041450200,8,NA,2.25,NA,10.25,0.280267558528428
"372",27041450500,11,NA,NA,0.6,11.6,0.309698996655518
"373",27041450601,47,5.5,2,1,55.5,0.735785953177257
"374",27041450602,9,29,3,0.9,41.9,0.659531772575251
"375",27041450702,36,17,2,NA,55,0.732441471571906
"376",27041450703,33,3,4.25,1,41.25,0.654180602006689
"377",27041450704,54,8,7,0.6,69.6,0.793311036789298
"378",27041450800,8,NA,0.25,NA,8.25,0.243478260869565
"379",27041450900,18,0.5,0.5,0.9,19.9,0.436789297658863
"380",27041451000,19,NA,0.5,0.2,19.7,0.433444816053512
"381",27043460100,6,NA,NA,0.1,6.1,0.196655518394649
"382",27043460200,18,NA,NA,NA,18,0.406020066889632
"383",27043460300,0,NA,NA,0.3,0.3,0.0381270903010033
"384",27043460400,5,NA,NA,NA,5,0.168561872909699
"385",27043460500,15,NA,NA,NA,15,0.363210702341137
"386",27043460600,19,NA,NA,NA,19,0.421404682274247
"387",27045960100,21,NA,NA,NA,21,0.453511705685619
"388",27045960200,1,NA,NA,0.1,1.1,0.0695652173913043
"389",27045960300,5,NA,NA,NA,5,0.168561872909699
"390",27045960400,8,NA,NA,NA,8,0.232775919732441
"391",27045960500,0,NA,NA,NA,0,0
"392",27045960600,0,NA,NA,NA,0,0
"393",27047180100,0,NA,NA,NA,0,0
"394",27047180200,1,NA,NA,NA,1,0.0481605351170569
"395",27047180300,21,0.5,1.75,0.3,23.55,0.482943143812709
"396",27047180400,24,16.5,6.75,2.7,49.95,0.707692307692308
"397",27047180500,30,9.5,0.25,1.6,41.35,0.655518394648829
"398",27047180600,80,3.5,7,NA,90.5,0.844816053511706
"399",27047180700,40,0.5,0.75,1.4,42.65,0.664882943143813
"400",27047180800,51,NA,0.5,1.5,53,0.724414715719064
"401",27047180900,35,13,0.5,0.1,48.6,0.700334448160535
"402",27047181000,11,NA,NA,NA,11,0.291638795986622
"403",27049080101,33,14.5,0.5,NA,48,0.696321070234114
"404",27049080102,23,4.5,5.5,0.8,33.8,0.585284280936455
"405",27049080201,68,0.5,3.5,NA,72,0.79866220735786
"406",27049080202,35,0.5,2.5,NA,38,0.619397993311037
"407",27049080300,4,1.5,1,0.9,7.4,0.219397993311037
"408",27049080400,16,1,NA,0.1,17.1,0.396655518394649
"409",27049080500,19,0.5,NA,0.1,19.6,0.431438127090301
"410",27049080600,24,NA,NA,NA,24,0.488963210702341
"411",27049080700,5,NA,NA,NA,5,0.168561872909699
"412",27049080800,2,NA,NA,NA,2,0.0862876254180602
"413",27049080900,9,NA,NA,NA,9,0.252173913043478
"414",27051070100,7,NA,NA,NA,7,0.205351170568562
"415",27051070200,8,NA,NA,NA,8,0.232775919732441
"416",27053000101,28,9,3.75,7.1,47.85,0.694314381270903
"417",27053000102,38,10,9.25,8,65.25,0.777926421404682
"418",27053000300,18,4.5,0.75,5.9,29.15,0.549832775919732
"419",27053000601,188,40,12.25,6.9,247.15,0.963210702341137
"420",27053000603,27,18,13.25,4.1,62.35,0.766555183946488
"421",27053001100,43,2,12.75,12.5,70.25,0.794648829431438
"422",27053001700,103,59.5,41.75,18,222.25,0.957190635451505
"423",27053002200,80,54.5,49.25,7.4,191.15,0.945819397993311
"424",27053002400,134,83.5,41,14,272.5,0.969230769230769
"425",27053002700,53,10,1.25,3.8,68.05,0.787959866220736
"426",27053003200,52,2.5,4,7.4,65.9,0.782608695652174
"427",27053003300,64,36.5,26.5,18.6,145.6,0.920401337792642
"428",27053003801,238,66.5,68.75,14.6,387.85,0.987959866220736
"429",27053003802,188,73,31,12.3,304.3,0.975919732441472
"430",27053005901,74,64.5,62.25,17.4,218.15,0.956521739130435
"431",27053005902,73,39,46,21,179,0.940468227424749
"432",27053006800,93,50.5,28.75,15.6,187.85,0.944481605351171
"433",27053007700,341,60,11.75,5.7,418.45,0.991973244147157
"434",27053007801,152,24.5,11.25,14.4,202.15,0.952508361204013
"435",27053008100,196,43.5,7.25,11.8,258.55,0.966555183946488
"436",27053008200,124,60.5,28.25,14.5,227.25,0.958528428093645
"437",27053008300,86,28,24.25,17.9,156.15,0.923745819397993
"438",27053008400,60,38,31.5,9.9,139.4,0.91505016722408
"439",27053008500,78,26.5,22.5,11.7,138.7,0.91438127090301
"440",27053009500,31,9,2,10.3,52.3,0.721070234113712
"441",27053009600,26,5,7.75,3.1,41.85,0.65752508361204
"442",27053010600,15,11.5,4.25,7.9,38.65,0.62876254180602
"443",27053010700,9,13.5,3.75,3,29.25,0.551170568561873
"444",27053011000,35,0.5,1.75,2.8,40.05,0.644147157190635
"445",27053011703,49,NA,3.75,1.5,54.25,0.729765886287625
"446",27053011704,23,1,0.25,5.4,29.65,0.556521739130435
"447",27053011800,77,1.5,12.75,5.7,96.95,0.85752508361204
"448",27053011998,76,19.5,6.25,2.3,104.05,0.864882943143813
"449",27053012001,15,23.5,15.5,4.1,58.1,0.748494983277592
"450",27053012003,66,4.5,15,6.2,91.7,0.848160535117057
"451",27053012101,55,3.5,3.25,2.4,64.15,0.769899665551839
"452",27053012102,64,1,NA,3.2,68.2,0.789297658862876
"453",27053020101,29,1.5,5,4.7,40.2,0.646153846153846
"454",27053020102,82,7.5,11,5.6,106.1,0.868896321070234
"455",27053020201,47,7,NA,0.3,54.3,0.730434782608696
"456",27053020202,18,9.5,0.25,1.6,29.35,0.552508361204013
"457",27053020301,32,5,1.5,0.8,39.3,0.634113712374582
"458",27053020302,33,3,4.5,1,41.5,0.65685618729097
"459",27053020303,36,12.5,1.75,NA,50.25,0.709030100334448
"460",27053020304,26,15.5,1.5,2.6,45.6,0.680267558528428
"461",27053020400,124,8,0.75,2.2,134.95,0.911036789297659
"462",27053020500,34,7,11.5,3.5,56,0.737792642140468
"463",27053020600,21,3.5,13,1.3,38.8,0.631438127090301
"464",27053020700,44,30,14,2.5,90.5,0.844816053511706
"465",27053020801,47,13.5,5.25,1.5,67.25,0.785953177257525
"466",27053020804,67,0.5,3,3,73.5,0.804682274247492
"467",27053020902,5,15.5,1.75,1.3,23.55,0.482943143812709
"468",27053020903,28,7.5,7.25,5.9,48.65,0.701003344481605
"469",27053021001,18,27.5,2.75,2.5,50.75,0.711705685618729
"470",27053021002,3,23,4.25,2.2,32.45,0.57190635451505
"471",27053021100,5,10.5,26,2.9,44.4,0.674916387959866
"472",27053021200,87,36,7.75,2.9,133.65,0.908361204013378
"473",27053021300,94,1,0.5,1.3,96.8,0.85685618729097
"474",27053021400,19,9,1,1.3,30.3,0.561872909698997
"475",27053021501,23,12,8.25,5.2,48.45,0.698327759197324
"476",27053021502,107,5.5,6.25,1.6,120.35,0.892976588628763
"477",27053021503,92,9,6.25,4.3,111.55,0.879598662207358
"478",27053021504,31,0.5,NA,1.3,32.8,0.573244147157191
"479",27053021505,55,10.5,NA,3.1,68.6,0.789966555183947
"480",27053021601,106,1,3.5,2.7,113.2,0.882943143812709
"481",27053021602,141,3.5,8,0.6,153.1,0.921739130434783
"482",27053021700,25,13.5,6.5,9.7,54.7,0.731103678929766
"483",27053021800,30,7.5,5.5,4,47,0.689632107023411
"484",27053021900,152,16.5,7,0.7,176.2,0.937123745819398
"485",27053022000,67,19,3,1.4,90.4,0.843478260869565
"486",27053022101,94,14,5.75,2.5,116.25,0.88628762541806
"487",27053022102,41,21.5,16.5,2.5,81.5,0.826086956521739
"488",27053022200,19,15,12,1.6,47.6,0.693645484949833
"489",27053022301,22,19.5,0.25,4.9,46.65,0.68695652173913
"490",27053022302,70,11.5,20.5,6.3,108.3,0.872240802675585
"491",27053022400,103,5,5.75,4.6,118.35,0.888963210702341
"492",27053022700,103,54.5,30.25,5.1,192.85,0.947826086956522
"493",27053022801,15,20,11.25,7.6,53.85,0.727759197324415
"494",27053022802,138,31,7.75,6.3,183.05,0.94247491638796
"495",27053022901,181,31,14.25,7.5,233.75,0.961204013377926
"496",27053022902,8,10,11.25,11.3,40.55,0.650167224080268
"497",27053023000,219,35,35.75,7,296.75,0.973913043478261
"498",27053023100,34,23.5,7.5,1,66,0.783277591973244
"499",27053023201,15,13,4.5,5.7,38.2,0.624749163879599
"500",27053023202,97,13,11.75,3.3,125.05,0.899665551839465
"501",27053023300,175,15,2,1.9,193.9,0.949163879598662
"502",27053023401,67,23.5,15.75,2.9,109.15,0.875585284280936
"503",27053023402,94,13,9.25,4.3,120.55,0.893645484949833
"504",27053023501,31,15,16.5,4.9,67.4,0.786622073578595
"505",27053023502,10,14.5,5.25,4.8,34.55,0.593311036789298
"506",27053023600,89,18.5,1.5,2,111,0.876923076923077
"507",27053023700,43,NA,3.75,0.3,47.05,0.690969899665552
"508",27053023801,16,6,6.75,4.4,33.15,0.575919732441472
"509",27053023802,19,NA,2.25,5.7,26.95,0.528428093645485
"510",27053023901,3,6,NA,0.4,9.4,0.262876254180602
"511",27053023902,21,4.5,3.75,0.1,29.35,0.552508361204013
"512",27053023903,49,6,2.5,1.5,59,0.751839464882943
"513",27053024003,56,17,1.25,3.1,77.35,0.812040133779264
"514",27053024004,21,6,4.25,4,35.25,0.597993311036789
"515",27053024005,35,5.5,NA,0.9,41.4,0.6561872909699
"516",27053024006,3,6,1,1.2,11.2,0.303010033444816
"517",27053024100,40,1,1.5,1.9,44.4,0.674916387959866
"518",27053024200,20,6.5,4,0.5,31,0.563879598662207
"519",27053024300,19,12.5,6.5,4.5,42.5,0.663545150501672
"520",27053024400,71,19.5,3.5,0.1,94.1,0.850836120401338
"521",27053024500,7,14,11.75,3.1,35.85,0.60066889632107
"522",27053024600,74,32,10.25,2.2,118.45,0.890301003344482
"523",27053024700,16,41.5,12.5,2.7,72.7,0.80133779264214
"524",27053024801,6,0.5,0.5,12.2,19.2,0.42809364548495
"525",27053024802,31,8.5,5,2.4,46.9,0.688294314381271
"526",27053024903,2,5,1.75,2.4,11.15,0.302341137123746
"527",27053024904,57,0.5,NA,1.3,58.8,0.751170568561873
"528",27053025100,39,0.5,0.25,0.3,40.05,0.644147157190635
"529",27053025201,28,3,NA,2.9,33.9,0.586622073578595
"530",27053025205,3,3,1.75,0.7,8.45,0.245484949832776
"531",27053025301,16,NA,0.75,0.8,17.55,0.4
"532",27053025302,10,2.5,8.25,3,23.75,0.48628762541806
"533",27053025401,220,35,16,5.7,276.7,0.969899665551839
"534",27053025403,114,28,11.5,4.1,157.6,0.924414715719064
"535",27053025601,49,19.5,22.75,4.8,96.05,0.854849498327759
"536",27053025603,23,11,5.25,0.8,40.05,0.644147157190635
"537",27053025605,105,2,0.5,0.2,107.7,0.870903010033445
"538",27053025702,48,15.5,12.25,1.4,77.15,0.810702341137124
"539",27053025703,3,6.5,2.75,0.1,12.35,0.319732441471572
"540",27053025704,15,4.5,0.25,NA,19.75,0.434113712374582
"541",27053025801,18,4.5,10.25,4.1,36.85,0.604682274247492
"542",27053025803,22,NA,NA,0.1,22.1,0.470234113712375
"543",27053025805,0,12,1.25,2.1,15.35,0.369230769230769
"544",27053025905,18,6.5,0.75,1.4,26.65,0.525752508361204
"545",27053025906,2,NA,0.25,1.3,3.55,0.145150501672241
"546",27053025907,10,3.5,3.25,1.2,17.95,0.404682274247492
"547",27053025908,32,14,4.75,0.8,51.55,0.71505016722408
"548",27053025909,1,NA,2.5,0.1,3.6,0.145819397993311
"549",27053026005,21,1,3,NA,25,0.501003344481605
"550",27053026006,17,1.5,0.75,0.2,19.45,0.430100334448161
"551",27053026007,61,6.5,4.5,0.7,72.7,0.80133779264214
"552",27053026014,3,1,0.5,2.5,7,0.205351170568562
"553",27053026015,29,9.5,NA,0.2,38.7,0.630769230769231
"554",27053026019,57,1,NA,1,59,0.751839464882943
"555",27053026020,28,4.5,3.75,0.8,37.05,0.609364548494983
"556",27053026021,10,1,NA,1.9,12.9,0.328428093645485
"557",27053026023,19,0.5,0.5,1.2,21.2,0.460869565217391
"558",27053026024,2,NA,NA,0.1,2.1,0.105016722408027
"559",27053026026,1,0.5,3.25,NA,4.75,0.164548494983278
"560",27053026027,1,NA,NA,0.1,1.1,0.0695652173913043
"561",27053026028,19,9,9.25,1.4,38.65,0.62876254180602
"562",27053026101,34,NA,5.25,3,42.25,0.662876254180602
"563",27053026103,57,11,13.75,2.3,84.05,0.830769230769231
"564",27053026104,21,14,7.5,2.6,45.1,0.677591973244147
"565",27053026201,2,0.5,2.25,2.6,7.35,0.218060200668896
"566",27053026202,63,NA,2.25,0.1,65.35,0.779264214046823
"567",27053026205,2,NA,7.75,0.1,9.85,0.269565217391304
"568",27053026206,31,NA,0.25,NA,31.25,0.565886287625418
"569",27053026207,0,NA,0.5,NA,0.5,0.0394648829431438
"570",27053026208,36,2,NA,NA,38,0.619397993311037
"571",27053026301,58,11.5,7.5,0.6,77.6,0.813377926421405
"572",27053026302,85,1.5,4.5,0.1,91.1,0.847491638795987
"573",27053026403,10,1,0.25,1.2,12.45,0.321070234113712
"574",27053026404,62,0.5,1.5,0.9,64.9,0.774581939799331
"575",27053026405,17,0.5,NA,0.2,17.7,0.40066889632107
"576",27053026406,11,0.5,0.25,NA,11.75,0.311705685618729
"577",27053026505,22,10.5,1.75,2.7,36.95,0.605351170568562
"578",27053026507,57,2.5,2.25,1.8,63.55,0.767892976588629
"579",27053026508,30,14.5,7.5,1.2,53.2,0.725083612040134
"580",27053026509,21,3.5,1,NA,25.5,0.510367892976589
"581",27053026510,2,17.5,7,1.6,28.1,0.540468227424749
"582",27053026511,2,NA,NA,NA,2,0.0862876254180602
"583",27053026514,39,149.5,0.75,3,192.25,0.947157190635451
"584",27053026515,18,8.5,NA,0.1,26.6,0.524414715719064
"585",27053026516,19,7.5,8,3.1,37.6,0.612709030100334
"586",27053026605,22,0.5,0.75,28.3,51.55,0.71505016722408
"587",27053026606,9,NA,0.25,1.4,10.65,0.28695652173913
"588",27053026609,11,NA,13,1.5,25.5,0.510367892976589
"589",27053026610,18,141.5,4,6.7,170.2,0.933110367892977
"590",27053026611,314,7,0.5,1.1,322.6,0.979933110367893
"591",27053026614,5,8.5,2.75,1.9,18.15,0.413377926421405
"592",27053026615,3,0.5,5,0.1,8.6,0.247491638795987
"593",27053026616,14,1.5,0.5,0.3,16.3,0.387290969899666
"594",27053026617,25,1.5,73,0.3,99.8,0.860869565217391
"595",27053026702,55,13,4.5,0.8,73.3,0.803344481605351
"596",27053026707,20,9.5,7.75,2.7,39.95,0.642809364548495
"597",27053026708,18,8,3.5,1,30.5,0.562541806020067
"598",27053026711,4,NA,3.25,0.1,7.35,0.218060200668896
"599",27053026712,11,0.5,0.25,NA,11.75,0.311705685618729
"600",27053026713,4,NA,10.75,NA,14.75,0.360535117056856
"601",27053026717,20,4.5,NA,0.9,25.4,0.509030100334448
"602",27053026718,9,NA,NA,0.4,9.4,0.262876254180602
"603",27053026719,0,NA,0.25,NA,0.25,0.0341137123745819
"604",27053026720,1,NA,NA,NA,1,0.0481605351170569
"605",27053026721,2,0.5,0.25,0.3,3.05,0.133779264214047
"606",27053026722,1,NA,0.25,NA,1.25,0.0769230769230769
"607",27053026723,4,NA,2.25,0.1,6.35,0.202006688963211
"608",27053026724,67,8,9.5,3.6,88.1,0.838127090301003
"609",27053026725,17,1.5,0.25,0.2,18.95,0.420735785953177
"610",27053026726,113,7.5,1.75,NA,122.25,0.895652173913044
"611",27053026807,109,2.5,3.75,4.7,119.95,0.892307692307692
"612",27053026809,38,0.5,2,0.3,40.8,0.650836120401338
"613",27053026811,46,3.5,0.25,2.5,52.25,0.719732441471572
"614",27053026812,34,2.5,9.5,1.2,47.2,0.691638795986622
"615",27053026814,14,0.5,0.5,1.2,16.2,0.384615384615385
"616",27053026815,13,8.5,1,2.7,25.2,0.506354515050167
"617",27053026816,33,2,7.75,3.1,45.85,0.682274247491639
"618",27053026818,26,5,8,1.2,40.2,0.646153846153846
"619",27053026819,13,3,4.5,0.3,20.8,0.451505016722408
"620",27053026822,33,7.5,0.5,0.2,41.2,0.653511705685619
"621",27053026823,7,1.5,7,0.1,15.6,0.373913043478261
"622",27053026824,3,0.5,NA,NA,3.5,0.141137123745819
"623",27053026825,2,1,NA,NA,3,0.121070234113712
"624",27053026827,13,NA,NA,2.8,15.8,0.378595317725753
"625",27053026828,10,12,1.75,0.7,24.45,0.495652173913044
"626",27053026903,26,5,5.5,3.9,40.4,0.648829431438127
"627",27053026906,36,1,0.5,0.6,38.1,0.622742474916388
"628",27053026907,14,NA,1.75,1,16.75,0.391304347826087
"629",27053026908,1,0.5,NA,0.2,1.7,0.082943143812709
"630",27053026910,51,10.5,7.75,2.5,71.75,0.797993311036789
"631",27053026911,33,17.5,3.5,0.1,54.1,0.728428093645485
"632",27053026912,67,7.5,0.75,1.1,76.35,0.808695652173913
"633",27053027001,4,NA,2.25,1.3,7.55,0.225418060200669
"634",27053027002,13,NA,5.5,0.1,18.6,0.417391304347826
"635",27053027101,86,NA,1,0.7,87.7,0.836789297658863
"636",27053027102,35,NA,2.5,0.3,37.8,0.616722408026756
"637",27053027202,50,1.5,0.75,0.3,52.55,0.723076923076923
"638",27053027203,88,NA,NA,2.4,90.4,0.843478260869565
"639",27053027204,22,25,1,2.3,50.3,0.710367892976589
"640",27053027205,48,4,0.25,3.9,56.15,0.739799331103679
"641",27053027300,117,NA,2.5,3.1,122.6,0.896989966555184
"642",27053027400,12,15.5,NA,0.4,27.9,0.537792642140468
"643",27053027501,138,NA,3.5,0.9,142.4,0.916387959866221
"644",27053027503,57,7,3.75,3.1,70.85,0.796655518394649
"645",27053027504,23,17,7.75,1.1,48.85,0.702341137123746
"646",27053027601,54,1.5,8.75,2.1,66.35,0.784615384615385
"647",27053027602,64,23,0.5,0.2,87.7,0.836789297658863
"648",27053027701,19,NA,0.25,0.4,19.65,0.432775919732441
"649",27053027702,0,NA,NA,NA,0,0
"650",27053027703,5,NA,NA,0.1,5.1,0.174581939799331
"651",27053100200,80,10,8.25,2.8,101.05,0.862876254180602
"652",27053100400,74,27.5,5,1.3,107.8,0.871571906354515
"653",27053100500,212,62.5,17,6.4,297.9,0.975250836120401
"654",27053100700,26,0.5,3,2.4,31.9,0.567892976588629
"655",27053100800,25,4.5,1,3.8,34.3,0.589966555183946
"656",27053100900,89,17.5,17,8.1,131.6,0.907023411371237
"657",27053101200,111,10.5,10,12.1,143.6,0.917056856187291
"658",27053101300,29,5.5,3,2.4,39.9,0.642140468227425
"659",27053101600,100,40.5,32.25,17.9,190.65,0.945150501672241
"660",27053101800,155,39.5,25,11.6,231.1,0.959866220735786
"661",27053101900,63,51.5,20,10.6,145.1,0.919063545150502
"662",27053102000,15,10,9.75,5,39.75,0.640802675585284
"663",27053102100,108,14,0.5,11.6,134.1,0.909030100334448
"664",27053102500,194,30.5,13.75,16,254.25,0.965886287625418
"665",27053102600,275,111,50.25,23.1,459.35,0.994648829431438
"666",27053102800,127,27.5,11.75,1.9,168.15,0.931772575250836
"667",27053103000,169,128.5,49.5,21.6,368.6,0.986622073578595
"668",27053103100,78,57.5,27.25,14.2,176.95,0.938461538461538
"669",27053103400,247,87,38.75,23.2,395.95,0.989966555183946
"670",27053103600,144,57.5,54.5,27.3,283.3,0.97190635451505
"671",27053103700,202,102.5,62,24.4,390.9,0.988628762541806
"672",27053103900,154,40.5,35,16.2,245.7,0.962541806020067
"673",27053104001,258,154.5,72.75,31.2,516.45,0.995317725752508
"674",27053104002,555,40,32.75,22.2,649.95,0.997993311036789
"675",27053104100,321,15,18.25,14.6,368.85,0.987290969899666
"676",27053104400,199,83,62,23,367,0.985953177257525
"677",27053104801,63,42.5,44.5,17.7,167.7,0.931103678929766
"678",27053104802,168,80,71.25,31,350.25,0.983946488294314
"679",27053104901,298,86.5,49,19.4,452.9,0.993979933110368
"680",27053104902,277,47,22.75,14.5,361.25,0.985284280936455
"681",27053105100,197,57.5,16.5,6.8,277.8,0.97056856187291
"682",27053105201,79,51,28,23.4,181.4,0.941137123745819
"683",27053105204,68,64.5,24,12.9,169.4,0.932441471571906
"684",27053105400,156,56.5,52,20.4,284.9,0.97257525083612
"685",27053105500,72,76,36.5,15.3,199.8,0.951170568561873
"686",27053105600,86,23,10,21.3,140.3,0.915719063545151
"687",27053105700,66,32,15,17.1,130.1,0.905016722408027
"688",27053106000,179,36.5,31.75,17.8,265.05,0.967892976588629
"689",27053106200,128,49.5,38.5,12.3,228.3,0.959197324414716
"690",27053106400,27,35.5,33,22.8,118.3,0.888294314381271
"691",27053106500,41,44,27,13.6,125.6,0.901672240802676
"692",27053106600,109,67,15.5,5.5,197,0.950501672240803
"693",27053106700,213,56,19.75,15.9,304.65,0.976588628762542
"694",27053106900,119,29.5,28.5,19.7,196.7,0.949832775919732
"695",27053107000,183,58,39.5,10.1,290.6,0.973244147157191
"696",27053107400,271,65,9.5,3.1,348.6,0.983277591973244
"697",27053107500,327,83,30.5,8,448.5,0.993311036789298
"698",27053107600,35,10,14.5,5.4,64.9,0.774581939799331
"699",27053108000,111,28,14.5,8,161.5,0.927090301003344
"700",27053108600,49,34.5,31.5,20,135,0.911705685618729
"701",27053108700,150,66.5,12.75,8.9,238.15,0.961872909698997
"702",27053108800,226,35,25.5,10.5,297,0.974581939799331
"703",27053108900,54,17.5,9.25,18.2,98.95,0.860200668896321
"704",27053109000,1,7,7.25,2.5,17.75,0.403344481605351
"705",27053109100,61,21,36,11.9,129.9,0.904347826086957
"706",27053109200,10,22.5,15,14.7,62.2,0.765217391304348
"707",27053109300,71,13.5,10.75,17.2,112.45,0.880936454849498
"708",27053109400,29,23,4.75,8,64.75,0.77257525083612
"709",27053109700,36,2,7.75,4.5,50.25,0.709030100334448
"710",27053109800,49,7.5,13.25,0.2,69.95,0.793979933110368
"711",27053109900,68,13,4.25,9.2,94.45,0.851505016722408
"712",27053110000,23,1,12.5,2.8,39.3,0.634113712374582
"713",27053110100,34,2,0.75,6.3,43.05,0.665551839464883
"714",27053110200,73,11,6.5,5.4,95.9,0.853511705685619
"715",27053110400,59,15,11.5,4.1,89.6,0.841471571906354
"716",27053110500,94,8.5,10.5,1.6,114.6,0.883612040133779
"717",27053110800,15,21.5,5.25,4,45.75,0.681605351170569
"718",27053110900,28,1.5,1.5,3.4,34.4,0.591973244147157
"719",27053111100,88,16,0.75,6.4,111.15,0.877591973244147
"720",27053111200,33,21,6.25,1.7,61.95,0.761204013377926
"721",27053111300,36,7,3.75,5.9,52.65,0.723745819397993
"722",27053111400,75,8,1.5,4.3,88.8,0.840133779264214
"723",27053111500,94,21,6,1.4,122.4,0.896321070234114
"724",27053111600,24,11,2,0.3,37.3,0.611371237458194
"725",27053122500,258,26,20.75,3.4,308.15,0.977257525083612
"726",27053122600,179,33,7.25,6.8,226.05,0.957859531772575
"727",27053125500,380,22.5,8.75,1,412.25,0.991304347826087
"728",27053125600,532,88,36,21.4,677.4,0.998662207357859
"729",27053125700,20,15,10.25,6.6,51.85,0.716387959866221
"730",27053125800,176,47,30.25,7.7,260.95,0.967224080267559
"731",27053125900,245,116,26.75,9.8,397.55,0.990635451505017
"732",27053126000,159,88.5,15,20,282.5,0.97123745819398
"733",27053126101,187,65,48.5,16.7,317.2,0.979264214046823
"734",27053126102,541,114,57,24.6,736.6,0.99933110367893
"735",27053126201,427,80,60.75,28.7,596.45,0.997324414715719
"736",27053126202,263,103,53.75,26.7,446.45,0.992642140468227
"737",27053126300,422,72,39.75,20.9,554.65,0.996655518394649
"738",27053980000,76,37,9.25,5.4,127.65,0.902341137123746
"739",27053980100,38,17,4.75,2.3,62.05,0.763210702341137
"740",27055020100,0,NA,NA,NA,0,0
"741",27055020200,1,NA,0.5,NA,1.5,0.0795986622073579
"742",27055020300,3,NA,NA,0.1,3.1,0.135785953177258
"743",27055020500,40,NA,NA,NA,40,0.643478260869565
"744",27055020900,18,NA,NA,NA,18,0.406020066889632
"745",27057070100,5,NA,NA,NA,5,0.168561872909699
"746",27057070200,2,NA,NA,NA,2,0.0862876254180602
"747",27057070300,0,NA,NA,NA,0,0
"748",27057070400,0,NA,NA,NA,0,0
"749",27057070500,21,0.5,0.25,0.6,22.35,0.474247491638796
"750",27057070600,10,NA,NA,NA,10,0.270234113712375
"751",27057070700,0,0.5,NA,0.1,0.6,0.0421404682274247
"752",27059130100,7,NA,NA,0.1,7.1,0.214046822742475
"753",27059130200,3,NA,0.25,0.1,3.35,0.139799331103679
"754",27059130302,29,NA,0.5,NA,29.5,0.554515050167224
"755",27059130303,9,0.5,2.5,NA,12,0.31438127090301
"756",27059130304,11,8,0.25,NA,19.25,0.42876254180602
"757",27059130400,4,NA,NA,NA,4,0.150501672240803
"758",27059130501,22,NA,NA,NA,22,0.466220735785953
"759",27059130502,8,NA,NA,NA,8,0.232775919732441
"760",27059130600,4,NA,NA,NA,4,0.150501672240803
"761",27061480101,11,NA,NA,NA,11,0.291638795986622
"762",27061480102,2,NA,NA,NA,2,0.0862876254180602
"763",27061480301,4,NA,NA,NA,4,0.150501672240803
"764",27061480302,19,NA,2.25,NA,21.25,0.461538461538462
"765",27061480303,0,NA,NA,NA,0,0
"766",27061480401,2,NA,NA,NA,2,0.0862876254180602
"767",27061480402,2,NA,NA,NA,2,0.0862876254180602
"768",27061480403,10,NA,NA,NA,10,0.270234113712375
"769",27061480500,15,0.5,0.25,NA,15.75,0.377257525083612
"770",27061480600,22,NA,NA,NA,22,0.466220735785953
"771",27061480701,1,NA,NA,0.6,1.6,0.0822742474916388
"772",27061480702,2,0.5,0.5,NA,3,0.121070234113712
"773",27061480801,8,NA,NA,NA,8,0.232775919732441
"774",27061480803,5,8,1.75,1.5,16.25,0.385953177257525
"775",27061480804,7,NA,NA,0.1,7.1,0.214046822742475
"776",27061480805,40,1,0.75,0.1,41.85,0.65752508361204
"777",27061480901,30,5,0.25,0.1,35.35,0.59866220735786
"778",27061480902,43,0.5,NA,NA,43.5,0.670903010033445
"779",27061481001,17,NA,NA,NA,17,0.392642140468227
"780",27061481002,52,NA,NA,NA,52,0.717725752508361
"781",27061940000,11,5,NA,NA,16,0.380602006688963
"782",27063480100,13,NA,0.25,NA,13.25,0.338461538461538
"783",27063480200,3,NA,2.25,NA,5.25,0.175919732441472
"784",27063480300,9,NA,NA,NA,9,0.252173913043478
"785",27063480400,24,1,NA,NA,25,0.501003344481605
"786",27065480100,4,NA,NA,NA,4,0.150501672240803
"787",27065480200,1,NA,NA,NA,1,0.0481605351170569
"788",27065480300,7,0.5,NA,NA,7.5,0.223411371237458
"789",27065480400,5,3,NA,0.1,8.1,0.241471571906355
"790",27067770900,25,1.5,8.25,2.2,36.95,0.605351170568562
"791",27067780100,10,NA,NA,NA,10,0.270234113712375
"792",27067780200,2,NA,NA,NA,2,0.0862876254180602
"793",27067780300,2,NA,NA,NA,2,0.0862876254180602
"794",27067780400,17,3,1.5,NA,21.5,0.463545150501672
"795",27067780500,81,1,4.5,0.4,86.9,0.835451505016722
"796",27067780600,4,NA,0.25,1.6,5.85,0.185284280936455
"797",27067780700,46,NA,11.5,0.6,58.1,0.748494983277592
"798",27067780800,71,4,1.75,0.3,77.05,0.810033444816054
"799",27067781000,17,7.5,5.25,NA,29.75,0.558528428093645
"800",27067781100,21,NA,NA,NA,21,0.453511705685619
"801",27067781200,0,NA,NA,NA,0,0
"802",27069090100,8,NA,NA,NA,8,0.232775919732441
"803",27069090200,38,NA,NA,NA,38,0.619397993311037
"804",27071790100,13,0.5,2.75,0.2,16.45,0.387959866220736
"805",27071790201,6,0.5,0.75,1.1,8.35,0.244147157190635
"806",27071790202,37,NA,NA,NA,37,0.606688963210702
"807",27071790300,26,3.5,NA,0.1,29.6,0.555852842809365
"808",27071790500,27,NA,NA,NA,27,0.529765886287625
"809",27073180100,11,NA,NA,NA,11,0.291638795986622
"810",27073180200,0,NA,NA,NA,0,0
"811",27073180300,11,NA,0.25,NA,11.25,0.303678929765886
"812",27075370101,38,NA,NA,NA,38,0.619397993311037
"813",27075370102,38,1,NA,0.1,39.1,0.632775919732442
"814",27075370300,57,NA,NA,NA,57,0.7438127090301
"815",27075370400,27,1,NA,NA,28,0.539130434782609
"816",27077460300,22,NA,NA,NA,22,0.466220735785953
"817",27077460401,1,NA,NA,NA,1,0.0481605351170569
"818",27077460402,1,NA,2.25,1,4.25,0.158528428093645
"819",27079950101,7,NA,NA,0.1,7.1,0.214046822742475
"820",27079950102,1,NA,0.5,0.3,1.8,0.0849498327759197
"821",27079950200,20,NA,NA,NA,20,0.438127090301003
"822",27079950300,5,NA,NA,NA,5,0.168561872909699
"823",27079950400,19,NA,NA,NA,19,0.421404682274247
"824",27079950500,0,NA,NA,NA,0,0
"825",27079950600,15,2,1,0.4,18.4,0.414715719063545
"826",27081201001,1,3,NA,NA,4,0.150501672240803
"827",27081201002,2,NA,NA,NA,2,0.0862876254180602
"828",27083360100,1,NA,NA,NA,1,0.0481605351170569
"829",27083360200,11,3,1.5,NA,15.5,0.37123745819398
"830",27083360300,39,0.5,NA,0.2,39.7,0.640133779264214
"831",27083360400,25,5,NA,0.6,30.6,0.563210702341137
"832",27083360500,34,7,2.25,NA,43.25,0.666889632107023
"833",27083360600,3,NA,2.75,0.2,5.95,0.185953177257525
"834",27083360700,14,NA,NA,NA,14,0.34247491638796
"835",27085950100,19,4.5,0.25,NA,23.75,0.48628762541806
"836",27085950200,3,1,NA,0.3,4.3,0.160535117056856
"837",27085950301,22,10.5,0.75,NA,33.25,0.579264214046823
"838",27085950302,6,10.5,1,0.2,17.7,0.40066889632107
"839",27085950401,23,0.5,NA,0.7,24.2,0.493645484949833
"840",27085950402,26,NA,0.25,0.2,26.45,0.523076923076923
"841",27085950500,8,NA,NA,0.2,8.2,0.242809364548495
"842",27085950600,31,1.5,0.5,0.1,33.1,0.575250836120401
"843",27085950700,17,NA,1.5,NA,18.5,0.416722408026756
"844",27087940100,14,NA,NA,NA,14,0.34247491638796
"845",27087940300,0,1,NA,NA,1,0.0481605351170569
"846",27089080100,10,NA,NA,NA,10,0.270234113712375
"847",27089080200,11,NA,NA,NA,11,0.291638795986622
"848",27089080300,10,NA,NA,NA,10,0.270234113712375
"849",27089080400,11,NA,NA,NA,11,0.291638795986622
"850",27091790100,14,NA,NA,NA,14,0.34247491638796
"851",27091790200,13,3.5,NA,0.1,16.6,0.389966555183946
"852",27091790300,9,NA,NA,NA,9,0.252173913043478
"853",27091790400,8,NA,NA,NA,8,0.232775919732441
"854",27091790501,1,0.5,NA,0.7,2.2,0.107692307692308
"855",27091790502,2,NA,3.25,0.1,5.35,0.178595317725753
"856",27091790600,24,NA,NA,NA,24,0.488963210702341
"857",27093560100,13,NA,NA,NA,13,0.329096989966555
"858",27093560200,11,1,NA,NA,12,0.31438127090301
"859",27093560300,12,0.5,NA,NA,12.5,0.321739130434783
"860",27093560400,15,NA,0.5,0.2,15.7,0.376588628762542
"861",27093560500,7,NA,0.25,NA,7.25,0.217391304347826
"862",27093560600,13,NA,NA,NA,13,0.329096989966555
"863",27095170400,11,NA,NA,NA,11,0.291638795986622
"864",27095170500,20,NA,NA,NA,20,0.438127090301003
"865",27095170700,72,0.5,0.25,NA,72.75,0.802675585284281
"866",27095970100,21,NA,NA,NA,21,0.453511705685619
"867",27095970200,19,NA,NA,NA,19,0.421404682274247
"868",27095970300,7,0.5,NA,NA,7.5,0.223411371237458
"869",27097780100,2,NA,NA,0.1,2.1,0.105016722408027
"870",27097780200,10,NA,2,1.9,13.9,0.34180602006689
"871",27097780300,13,1,0.25,0.1,14.35,0.353177257525084
"872",27097780400,0,NA,NA,NA,0,0
"873",27097780500,13,NA,NA,NA,13,0.329096989966555
"874",27097780600,20,0.5,1.75,NA,22.25,0.471571906354515
"875",27097780700,15,NA,0.25,1,16.25,0.385953177257525
"876",27097780800,19,NA,NA,NA,19,0.421404682274247
"877",27099000100,9,4,5.5,1.6,20.1,0.442809364548495
"878",27099000200,2,0.5,NA,NA,2.5,0.11371237458194
"879",27099000300,34,NA,8,0.1,42.1,0.662207357859532
"880",27099000410,89,1,0.25,NA,90.25,0.842809364548495
"881",27099000600,1,7.5,4.25,3,15.75,0.377257525083612
"882",27099000800,10,1.5,NA,5.1,16.6,0.389966555183946
"883",27099000900,1,NA,NA,NA,1,0.0481605351170569
"884",27099001000,9,NA,NA,1.8,10.8,0.288963210702341
"885",27099001200,6,NA,NA,NA,6,0.186622073578595
"886",27099001300,33,NA,NA,NA,33,0.574581939799331
"887",27099001400,2,NA,NA,NA,2,0.0862876254180602
"888",27101900100,1,NA,NA,NA,1,0.0481605351170569
"889",27101900200,1,NA,NA,NA,1,0.0481605351170569
"890",27101900300,4,NA,NA,NA,4,0.150501672240803
"891",27103480100,13,5.5,2.25,0.9,21.65,0.464882943143813
"892",27103480200,8,1,4,0.2,13.2,0.337792642140468
"893",27103480300,16,1.5,0.25,0.3,18.05,0.411371237458194
"894",27103480400,11,0.5,0.5,0.8,12.8,0.325752508361204
"895",27103480501,31,24,10.25,0.6,65.85,0.781939799331104
"896",27103480502,1,9.5,2.25,2,14.75,0.360535117056856
"897",27103480600,75,31.5,4.75,1,112.25,0.880267558528428
"898",27105105100,9,NA,NA,NA,9,0.252173913043478
"899",27105105200,19,NA,NA,NA,19,0.421404682274247
"900",27105105300,2,NA,NA,NA,2,0.0862876254180602
"901",27105105400,16,4,6,1,27,0.529765886287625
"902",27105105500,44,4,NA,0.7,48.7,0.701672240802676
"903",27105105600,18,10.5,0.25,0.1,28.85,0.545819397993311
"904",27107960100,2,NA,NA,NA,2,0.0862876254180602
"905",27107960200,19,NA,NA,NA,19,0.421404682274247
"906",27107960300,11,NA,NA,NA,11,0.291638795986622
"907",27109000100,195,19,NA,4,218,0.955852842809365
"908",27109000200,19,33,25.5,3,80.5,0.822073578595318
"909",27109000300,83,34.5,14,2.6,134.1,0.909030100334448
"910",27109000400,114,21.5,24.25,4.5,164.25,0.928428093645485
"911",27109000500,116,50.5,16.25,3,185.75,0.94314381270903
"912",27109000600,186,5,14,2.8,207.8,0.954515050167224
"913",27109000901,9,NA,NA,0.1,9.1,0.260869565217391
"914",27109000902,3,6.5,NA,NA,9.5,0.264882943143813
"915",27109000903,33,NA,NA,0.6,33.6,0.581270903010033
"916",27109001000,44,0.5,5,2.6,52.1,0.718394648829431
"917",27109001100,18,5.5,8.5,2.5,34.5,0.592642140468227
"918",27109001201,26,NA,1.75,NA,27.75,0.537123745819398
"919",27109001202,12,6.5,0.25,NA,18.75,0.418729096989967
"920",27109001203,7,3,1.5,NA,11.5,0.308361204013378
"921",27109001301,53,1.5,8,1.1,63.6,0.768561872909699
"922",27109001401,76,1,6.5,2.5,86,0.834782608695652
"923",27109001403,26,1,2.25,3.6,32.85,0.573913043478261
"924",27109001404,23,NA,2.5,0.2,25.7,0.512374581939799
"925",27109001501,1,0.5,2.75,1.3,5.55,0.181270903010033
"926",27109001503,1,6.5,0.5,NA,8,0.232775919732441
"927",27109001601,14,5,3.5,0.3,22.8,0.477591973244147
"928",27109001602,1,0.5,0.25,NA,1.75,0.0842809364548495
"929",27109001603,4,0.5,0.25,NA,4.75,0.164548494983278
"930",27109001701,17,4.5,2.25,NA,23.75,0.48628762541806
"931",27109001702,3,NA,NA,1.5,4.5,0.161872909698997
"932",27109001703,23,NA,2.5,0.2,25.7,0.512374581939799
"933",27109001800,14,NA,NA,NA,14,0.34247491638796
"934",27109001901,1,NA,NA,0.1,1.1,0.0695652173913043
"935",27109001902,16,NA,NA,NA,16,0.380602006688963
"936",27109002000,1,NA,NA,NA,1,0.0481605351170569
"937",27109002100,23,NA,NA,NA,23,0.478260869565217
"938",27109002200,7,NA,NA,0.7,7.7,0.226755852842809
"939",27109002300,54,27,10.5,4.1,95.6,0.852842809364548
"940",27111960102,0,NA,NA,NA,0,0
"941",27111960103,1,NA,NA,NA,1,0.0481605351170569
"942",27111960300,0,NA,NA,NA,0,0
"943",27111960400,0,NA,NA,NA,0,0
"944",27111960500,20,NA,NA,NA,20,0.438127090301003
"945",27111960600,8,0.5,0.5,NA,9,0.252173913043478
"946",27111960700,0,NA,NA,NA,0,0
"947",27111960800,0,NA,NA,NA,0,0
"948",27111960900,28,NA,NA,NA,28,0.539130434782609
"949",27111961000,19,5.5,NA,NA,24.5,0.496321070234114
"950",27111961100,11,6.5,NA,1.1,18.6,0.417391304347826
"951",27111961200,22,1,NA,NA,23,0.478260869565217
"952",27111961300,0,0.5,NA,0.2,0.7,0.0434782608695652
"953",27111961400,9,NA,NA,NA,9,0.252173913043478
"954",27111961500,0,NA,NA,NA,0,0
"955",27111961600,18,3,NA,NA,21,0.453511705685619
"956",27111961700,0,NA,NA,0.2,0.2,0.0327759197324415
"957",27113090100,1,NA,2.75,NA,3.75,0.148494983277592
"958",27113090200,32,9,NA,0.1,41.1,0.651505016722408
"959",27113090300,20,NA,NA,0.1,20.1,0.442809364548495
"960",27113090400,23,0.5,3.75,0.3,27.55,0.536454849498328
"961",27113090500,18,4,3.75,1.7,27.45,0.534448160535117
"962",27115950100,14,NA,NA,NA,14,0.34247491638796
"963",27115950200,10,NA,0.25,NA,10.25,0.280267558528428
"964",27115950300,4,NA,NA,NA,4,0.150501672240803
"965",27115950401,9,NA,NA,NA,9,0.252173913043478
"966",27115950402,21,NA,NA,NA,21,0.453511705685619
"967",27115950500,14,NA,NA,NA,14,0.34247491638796
"968",27115950600,2,1,2.5,0.8,6.3,0.20133779264214
"969",27115950700,59,NA,NA,NA,59,0.751839464882943
"970",27115950800,1,1,NA,1,3,0.121070234113712
"971",27117460100,3,NA,NA,NA,3,0.121070234113712
"972",27117460200,26,NA,NA,NA,26,0.516387959866221
"973",27117460300,20,NA,NA,0.6,20.6,0.450167224080268
"974",27117460400,0,NA,NA,NA,0,0
"975",27117460500,0,NA,NA,NA,0,0
"976",27119020200,2,NA,NA,NA,2,0.0862876254180602
"977",27119020400,8,NA,NA,NA,8,0.232775919732441
"978",27119020500,3,NA,NA,NA,3,0.121070234113712
"979",27119020600,21,0.5,0.75,NA,22.25,0.471571906354515
"980",27119020700,11,6.5,NA,NA,17.5,0.39933110367893
"981",27119020800,1,NA,NA,NA,1,0.0481605351170569
"982",27119020900,18,NA,NA,NA,18,0.406020066889632
"983",27119021000,11,NA,NA,NA,11,0.291638795986622
"984",27121970100,6,NA,NA,0.1,6.1,0.196655518394649
"985",27121970200,9,NA,NA,NA,9,0.252173913043478
"986",27121970300,4,NA,NA,0.9,4.9,0.167892976588629
"987",27121970400,15,0.5,NA,NA,15.5,0.37123745819398
"988",27123030100,244,47,38.25,21.7,350.95,0.984615384615385
"989",27123030201,76,22,5.75,5.4,109.15,0.875585284280936
"990",27123030202,116,38.5,10.75,1.8,167.05,0.930434782608696
"991",27123030300,52,16,17.5,6.2,91.7,0.848160535117057
"992",27123030400,33,10.5,9.5,3.7,56.7,0.74247491638796
"993",27123030500,100,6,0.25,5.1,111.35,0.878260869565217
"994",27123030601,14,28,0.75,3.5,46.25,0.683612040133779
"995",27123030602,1,27,7.75,1.5,37.25,0.610702341137124
"996",27123030702,38,0.5,0.25,0.8,39.55,0.638795986622074
"997",27123030703,19,4,3.75,1.4,28.15,0.54180602006689
"998",27123030704,16,9,0.75,1.7,27.45,0.534448160535117
"999",27123030800,60,24.5,12,8,104.5,0.865551839464883
"1000",27123030900,38,27.5,5,7.9,78.4,0.818060200668896
"1001",27123031000,70,17,9.75,4,100.75,0.862207357859532
"1002",27123031100,37,7.5,9.25,5.5,59.25,0.754515050167224
"1003",27123031200,119,27,15.5,0.4,161.9,0.927759197324415
"1004",27123031300,169,24.5,7.25,2.2,202.95,0.953177257525084
"1005",27123031400,117,37.5,10.25,10.4,175.15,0.936454849498328
"1006",27123031500,105,30.5,20.25,8.7,164.45,0.929096989966555
"1007",27123031600,50,16,24.25,6.7,96.95,0.85752508361204
"1008",27123031701,46,15,4.5,6.6,72.1,0.8
"1009",27123031702,44,17.5,4.75,1.7,67.95,0.787290969899666
"1010",27123031801,50,0.5,1.75,2.5,54.75,0.731772575250836
"1011",27123031802,10,12,2.25,0.1,24.35,0.494314381270903
"1012",27123031900,787,68.5,41.25,19.8,916.55,1
"1013",27123032000,213,71.5,28.25,22.8,335.55,0.981270903010033
"1014",27123032100,135,60.5,23.5,14.2,233.2,0.960535117056856
"1015",27123032200,87,61,9.5,14.9,172.4,0.934448160535117
"1016",27123032300,80,22.5,23.5,10.2,136.2,0.91371237458194
"1017",27123032400,83,27.5,28.5,4.9,143.9,0.917725752508361
"1018",27123032500,68,23,16.75,7.9,115.65,0.88494983277592
"1019",27123032600,92,34.5,24.5,9.3,160.3,0.926421404682274
"1020",27123032700,155,26,11.25,8.1,200.35,0.951839464882943
"1021",27123033000,214,82.5,12.5,4.6,313.6,0.977926421404682
"1022",27123033100,152,23.5,6.75,9.3,191.55,0.946488294314381
"1023",27123033200,371,87,73.5,14.2,545.7,0.995986622073579
"1024",27123033300,27,53.5,46.75,18.3,145.55,0.919732441471572
"1025",27123033400,345,26.5,15.75,7,394.25,0.989297658862876
"1026",27123033500,95,38,5.5,10.2,148.7,0.921070234113712
"1027",27123033600,90,7.5,18.25,8.1,123.85,0.898327759197324
"1028",27123033700,70,14.5,16.25,23.9,124.65,0.898996655518395
"1029",27123033800,40,10.5,24,6.2,80.7,0.823411371237458
"1030",27123033900,83,14.5,15.75,2.8,116.05,0.88561872909699
"1031",27123034000,29,42,30,7.8,108.8,0.874247491638796
"1032",27123034201,220,65.5,39.25,11.1,335.85,0.981939799331104
"1033",27123034203,119,38,7.5,8.9,173.4,0.935117056856187
"1034",27123034204,90,51.5,21,9.2,171.7,0.933779264214047
"1035",27123034400,88,57,36.5,12,193.5,0.948494983277592
"1036",27123034500,46,15,13.25,6.8,81.05,0.824080267558528
"1037",27123034601,25,7.5,18,3.6,54.1,0.728428093645485
"1038",27123034602,40,7.5,12.25,1.5,61.25,0.759866220735786
"1039",27123034701,46,8,7.5,0.8,62.3,0.765886287625418
"1040",27123034702,3,5,4.75,2.6,15.35,0.369230769230769
"1041",27123034900,23,4.5,2.5,3.2,33.2,0.577926421404682
"1042",27123035000,85,15.5,7.25,13.4,121.15,0.894314381270903
"1043",27123035100,67,12,16,4.9,99.9,0.861538461538462
"1044",27123035200,153,8.5,9.5,11.5,182.5,0.94180602006689
"1045",27123035300,66,9.5,14.25,15.5,105.25,0.868227424749164
"1046",27123035500,80,22.5,21.25,5.7,129.45,0.903678929765886
"1047",27123035700,54,5,3.25,8.5,70.75,0.795986622073579
"1048",27123035800,65,61.5,17,10.1,153.6,0.922408026755853
"1049",27123035900,79,11.5,15.75,11.2,117.45,0.88695652173913
"1050",27123036000,158,80,19.75,14.1,271.85,0.968561872909699
"1051",27123036100,264,51,23,8.5,346.5,0.982608695652174
"1052",27123036300,63,5,7.5,3.5,79,0.819397993311037
"1053",27123036400,56,7,16,3.4,82.4,0.82809364548495
"1054",27123036500,72,6.5,3.75,1.6,83.85,0.830100334448161
"1055",27123036600,27,4,3.5,9.2,43.7,0.672240802675585
"1056",27123036700,27,16,18,4,65,0.776588628762542
"1057",27123036800,60,14,10.25,5,89.25,0.840802675585284
"1058",27123036900,77,22.5,11.25,7.6,118.35,0.888963210702341
"1059",27123037000,40,44.5,27.75,6.7,118.95,0.890969899665552
"1060",27123037100,216,64.5,35,12.1,327.6,0.980602006688963
"1061",27123037200,64,2,10.25,14.6,90.85,0.846153846153846
"1062",27123037402,25,7,5.5,1.8,39.3,0.634113712374582
"1063",27123037403,29,0.5,1,2.7,33.2,0.577926421404682
"1064",27123037500,64,11,0.5,2.6,78.1,0.816053511705686
"1065",27123037601,82,7.5,5,0.2,94.7,0.852173913043478
"1066",27123037603,31,5,1.75,NA,37.75,0.614715719063545
"1067",27123037604,28,8,1,2.5,39.5,0.636789297658863
"1068",27123040101,25,1.5,0.25,1.7,28.45,0.544481605351171
"1069",27123040102,12,0.5,2.75,NA,15.25,0.367892976588629
"1070",27123040200,39,4.5,2.5,0.4,46.4,0.68428093645485
"1071",27123040301,32,8.5,0.25,2.4,43.15,0.666220735785953
"1072",27123040302,46,0.5,2.25,0.6,49.35,0.705016722408027
"1073",27123040401,24,5,1.75,3,33.75,0.584615384615385
"1074",27123040402,59,0.5,0.75,0.2,60.45,0.758528428093646
"1075",27123040502,29,NA,1,1.4,31.4,0.567224080267559
"1076",27123040503,104,22,2.5,1.8,130.3,0.905685618729097
"1077",27123040504,39,16,4.75,2.2,61.95,0.761204013377926
"1078",27123040601,41,3,1,1.9,46.9,0.688294314381271
"1079",27123040603,29,11.5,0.75,2,43.25,0.666889632107023
"1080",27123040605,126,15.5,0.5,2.8,144.8,0.918394648829431
"1081",27123040606,43,4.5,1.75,0.8,50.05,0.708361204013378
"1082",27123040704,46,9,11,3.5,69.5,0.792642140468227
"1083",27123040705,11,1,3.75,0.4,16.15,0.383277591973244
"1084",27123040707,1,0.5,NA,NA,1.5,0.0795986622073579
"1085",27123040708,1,NA,0.25,1.8,3.05,0.133779264214047
"1086",27123040709,2,3.5,1,1.2,7.7,0.226755852842809
"1087",27123040801,110,11,13.5,0.6,135.1,0.912374581939799
"1088",27123040804,39,4.5,0.75,2.3,46.55,0.68494983277592
"1089",27123040805,41,37,22.25,8.4,108.65,0.873578595317726
"1090",27123040901,21,5.5,2,0.4,28.9,0.546488294314381
"1091",27123040902,58,0.5,5.75,0.5,64.75,0.77257525083612
"1092",27123041001,16,5,3,2.3,26.3,0.521070234113712
"1093",27123041002,12,7,3.25,2.1,24.35,0.494314381270903
"1094",27123041103,32,NA,2.75,3.9,38.65,0.62876254180602
"1095",27123041104,1,NA,0.5,0.3,1.8,0.0849498327759197
"1096",27123041105,104,9,7.5,2.9,123.4,0.897658862876254
"1097",27123041106,2,7.5,6.25,5.5,21.25,0.461538461538462
"1098",27123041107,100,18,13.5,3,134.5,0.910367892976589
"1099",27123041200,140,20.5,4,0.6,165.1,0.929765886287625
"1100",27123041301,31,11,14,8.1,64.1,0.769230769230769
"1101",27123041302,225,3.5,13,6.2,247.7,0.963879598662207
"1102",27123041400,51,10,5.25,2.9,69.15,0.791304347826087
"1103",27123041500,15,2.5,8,7.2,32.7,0.57257525083612
"1104",27123041601,34,3.5,13,14.4,64.9,0.774581939799331
"1105",27123041602,21,2,4.5,14.4,41.9,0.659531772575251
"1106",27123041700,20,11.5,3.5,3.6,38.6,0.62809364548495
"1107",27123041800,91,5,1,0.9,97.9,0.858862876254181
"1108",27123041900,34,11.5,2,2.4,49.9,0.707023411371237
"1109",27123042001,47,23.5,24.75,13.8,109.05,0.874916387959866
"1110",27123042002,116,15.5,9.5,14.1,155.1,0.923076923076923
"1111",27123042101,129,73,0.25,1.7,203.95,0.953846153846154
"1112",27123042102,2,1.5,6,15.1,24.6,0.497658862876254
"1113",27123042201,168,0.5,1,4.2,173.7,0.935785953177258
"1114",27123042202,40,1,36.75,2.6,80.35,0.821404682274247
"1115",27123042301,25,6,3,0.1,34.1,0.589297658862876
"1116",27123042302,63,0.5,3.5,1.9,68.9,0.790635451505017
"1117",27123042401,41,5.5,0.5,0.9,47.9,0.694983277591973
"1118",27123042402,35,15,5.75,1.9,57.65,0.746488294314381
"1119",27123042501,33,6.5,5.25,0.8,45.55,0.679598662207358
"1120",27123042503,11,1,NA,0.3,12.3,0.319063545150502
"1121",27123042504,53,3.5,1.75,1.2,59.45,0.755183946488294
"1122",27123042601,5,18.5,0.5,1.2,25.2,0.506354515050167
"1123",27123042602,38,0.5,1.25,NA,39.75,0.640802675585284
"1124",27123042700,24,13.5,2.5,2,42,0.660869565217391
"1125",27123042800,192,70,41.25,11.4,314.65,0.978595317725752
"1126",27123042900,107,9.5,5.25,3.8,125.55,0.901003344481605
"1127",27123043001,67,1,1.5,1,70.5,0.795317725752508
"1128",27123043002,2,40,24.5,11.9,78.4,0.818060200668896
"1129",27123980000,87,22.5,14.25,7.7,131.45,0.906354515050167
"1130",27125010100,37,NA,NA,NA,37,0.606688963210702
"1131",27125010200,0,NA,NA,NA,0,0
"1132",27127750100,25,NA,NA,NA,25,0.501003344481605
"1133",27127750200,13,0.5,0.25,NA,13.75,0.339799331103679
"1134",27127750300,7,NA,NA,0.6,7.6,0.226086956521739
"1135",27127750400,10,NA,NA,NA,10,0.270234113712375
"1136",27127750500,1,NA,NA,NA,1,0.0481605351170569
"1137",27127750600,5,NA,NA,NA,5,0.168561872909699
"1138",27129790100,12,NA,0.25,0.6,12.85,0.327090301003344
"1139",27129790200,13,NA,NA,NA,13,0.329096989966555
"1140",27129790300,19,NA,0.25,NA,19.25,0.42876254180602
"1141",27129790400,21,NA,NA,NA,21,0.453511705685619
"1142",27129790500,6,NA,NA,NA,6,0.186622073578595
"1143",27129790600,2,NA,NA,NA,2,0.0862876254180602
"1144",27131070101,8,3,3,NA,14,0.34247491638796
"1145",27131070102,12,NA,NA,NA,12,0.31438127090301
"1146",27131070200,24,NA,1.5,0.7,26.2,0.520401337792642
"1147",27131070300,17,7.5,NA,0.1,24.6,0.497658862876254
"1148",27131070400,15,7.5,0.25,1.8,24.55,0.496989966555184
"1149",27131070501,55,7,NA,0.1,62.1,0.763879598662207
"1150",27131070503,1,NA,6.5,2.2,9.7,0.268896321070234
"1151",27131070504,23,1.5,6.75,1.1,32.35,0.57123745819398
"1152",27131070601,65,NA,NA,1.2,66.2,0.783946488294314
"1153",27131070602,42,12.5,1.75,0.1,56.35,0.740468227424749
"1154",27131070701,14,4.5,3.25,0.8,22.55,0.475585284280936
"1155",27131070702,76,3.5,NA,1.8,81.3,0.824749163879599
"1156",27131070801,12,1.5,3.5,2.8,19.8,0.435451505016722
"1157",27131070802,16,11,3.25,4.1,34.35,0.591304347826087
"1158",27131070901,68,32,5,0.2,105.2,0.867558528428094
"1159",27131070902,73,9,5.25,0.9,88.15,0.838795986622074
"1160",27133570100,8,NA,0.25,2.2,10.45,0.283612040133779
"1161",27133570200,42,10,NA,0.2,52.2,0.719063545150502
"1162",27133570300,67,1,NA,0.1,68.1,0.788628762541806
"1163",27135970100,29,NA,NA,NA,29,0.547157190635452
"1164",27135970200,0,NA,NA,NA,0,0
"1165",27135970300,9,NA,NA,NA,9,0.252173913043478
"1166",27135970400,4,NA,NA,NA,4,0.150501672240803
"1167",27135970500,0,NA,NA,NA,0,0
"1168",27137000100,10,NA,0.75,NA,10.75,0.288294314381271
"1169",27137000200,0,NA,NA,NA,0,0
"1170",27137000301,24,6.5,12.75,12.5,55.75,0.737123745819398
"1171",27137000302,159,16.5,0.5,0.2,176.2,0.937123745819398
"1172",27137000400,44,1.5,4.25,1,50.75,0.711705685618729
"1173",27137000500,2,4,NA,0.6,6.6,0.203344481605351
"1174",27137000600,3,NA,NA,NA,3,0.121070234113712
"1175",27137000700,13,5,4.75,1.2,23.95,0.488294314381271
"1176",27137000900,22,6,22,6.1,56.1,0.738461538461539
"1177",27137001000,23,14.5,6.5,3.3,47.3,0.692307692307692
"1178",27137001100,34,7.5,5.75,0.7,47.95,0.695652173913043
"1179",27137001200,41,8.5,5.25,5.2,59.95,0.757190635451505
"1180",27137001300,41,14.5,2.5,1.7,59.7,0.756521739130435
"1181",27137001400,40,20.5,3.5,1,65,0.776588628762542
"1182",27137001600,45,28,9,3.7,85.7,0.834113712374582
"1183",27137001700,101,17.5,11.5,3,133,0.907692307692308
"1184",27137001800,50,17.5,10.75,3.2,81.45,0.825418060200669
"1185",27137001900,164,11,0.75,2.3,178.05,0.939130434782609
"1186",27137002000,62,28,14,7.5,111.5,0.878929765886288
"1187",27137002200,1,15,5,5.7,26.7,0.527759197324415
"1188",27137002400,0,12.5,18.5,2.8,33.8,0.585284280936455
"1189",27137002600,2,22,7.5,6.6,38.1,0.622742474916388
"1190",27137002900,19,NA,2.75,1.8,23.55,0.482943143812709
"1191",27137003300,18,9.5,14.5,7.2,49.2,0.704347826086957
"1192",27137003400,76,27.5,17.25,1.2,121.95,0.894983277591973
"1193",27137003600,38,4.5,NA,0.8,43.3,0.669565217391304
"1194",27137003700,26,12,0.25,1.4,39.65,0.639464882943144
"1195",27137003800,73,11,0.75,0.4,85.15,0.832775919732441
"1196",27137010100,55,NA,NA,NA,55,0.732441471571906
"1197",27137010200,29,8,0.25,1.1,38.35,0.626086956521739
"1198",27137010301,110,1,2,NA,113,0.881605351170569
"1199",27137010302,26,3,0.75,0.1,29.85,0.559197324414716
"1200",27137010400,8,NA,0.5,0.9,9.4,0.262876254180602
"1201",27137010500,6,NA,NA,NA,6,0.186622073578595
"1202",27137010601,0,NA,NA,NA,0,0
"1203",27137010602,3,NA,NA,0.2,3.2,0.137123745819398
"1204",27137011101,0,NA,NA,NA,0,0
"1205",27137011102,27,NA,NA,NA,27,0.529765886287625
"1206",27137011200,30,NA,NA,NA,30,0.559866220735786
"1207",27137011300,2,NA,NA,NA,2,0.0862876254180602
"1208",27137011401,2,NA,NA,NA,2,0.0862876254180602
"1209",27137011402,9,NA,NA,0.3,9.3,0.262207357859532
"1210",27137012100,74,9,0.75,0.8,84.55,0.832107023411371
"1211",27137012200,70,4,0.25,NA,74.25,0.806020066889632
"1212",27137012300,28,5.5,3,NA,36.5,0.602675585284281
"1213",27137012400,111,5,1.75,2.1,119.85,0.891638795986622
"1214",27137012500,46,0.5,3,5.6,55.1,0.735117056856187
"1215",27137012600,32,NA,NA,NA,32,0.568561872909699
"1216",27137012700,7,NA,NA,NA,7,0.205351170568562
"1217",27137012800,22,14.5,0.25,1.1,37.85,0.617391304347826
"1218",27137013000,94,9,NA,NA,103,0.863545150501672
"1219",27137013100,56,5.5,3,0.9,65.4,0.779933110367893
"1220",27137013200,164,12,2.25,0.4,178.65,0.939799331103679
"1221",27137013300,44,NA,NA,NA,44,0.672909698996656
"1222",27137013400,16,6,NA,0.2,22.2,0.470903010033445
"1223",27137013500,7,1.5,NA,NA,8.5,0.246153846153846
"1224",27137013600,53,NA,0.25,NA,53.25,0.726421404682274
"1225",27137013800,16,4.5,NA,NA,20.5,0.448829431438127
"1226",27137013900,44,4.5,3.25,0.1,51.85,0.716387959866221
"1227",27137014000,37,NA,NA,NA,37,0.606688963210702
"1228",27137014100,21,NA,NA,NA,21,0.453511705685619
"1229",27137015100,1,4.5,NA,2.3,7.8,0.230100334448161
"1230",27137015200,41,0.5,2.25,1.4,45.15,0.678260869565217
"1231",27137015300,42,6.5,NA,NA,48.5,0.698996655518395
"1232",27137015401,39,6,4.5,NA,49.5,0.706354515050167
"1233",27137015402,21,NA,NA,NA,21,0.453511705685619
"1234",27137015501,2,NA,NA,0.1,2.1,0.105016722408027
"1235",27137015502,17,0.5,0.25,NA,17.75,0.403344481605351
"1236",27137015503,15,NA,NA,0.6,15.6,0.373913043478261
"1237",27137015600,234,1.5,10.25,2.9,248.65,0.964548494983278
"1238",27137015700,12,13.5,10.75,0.9,37.15,0.610033444816053
"1239",27137015800,241,12,0.25,0.3,253.55,0.965217391304348
"1240",27139080100,47,2,2.25,NA,51.25,0.71371237458194
"1241",27139080201,77,1,NA,0.3,78.3,0.816722408026756
"1242",27139080202,3,NA,NA,NA,3,0.121070234113712
"1243",27139080204,3,0.5,NA,NA,3.5,0.141137123745819
"1244",27139080206,1,NA,1.75,0.1,2.85,0.119063545150502
"1245",27139080207,7,0.5,NA,0.2,7.7,0.226755852842809
"1246",27139080208,7,NA,NA,0.2,7.2,0.216053511705686
"1247",27139080209,7,NA,0.25,1.5,8.75,0.248829431438127
"1248",27139080303,29,7.5,0.25,1.2,37.95,0.618729096989967
"1249",27139080304,41,0.5,0.25,0.1,41.85,0.65752508361204
"1250",27139080305,26,NA,3,0.1,29.1,0.549163879598662
"1251",27139080307,3,0.5,NA,NA,3.5,0.141137123745819
"1252",27139080400,50,5.5,0.5,0.1,56.1,0.738461538461539
"1253",27139080500,49,NA,NA,NA,49,0.703678929765886
"1254",27139080600,1,NA,0.5,0.8,2.3,0.11304347826087
"1255",27139080700,27,1.5,2.5,2.7,33.7,0.583277591973244
"1256",27139080801,2,NA,NA,NA,2,0.0862876254180602
"1257",27139080802,6,NA,5.5,0.1,11.6,0.309698996655518
"1258",27139080903,2,1,NA,NA,3,0.121070234113712
"1259",27139080905,2,NA,0.25,NA,2.25,0.109698996655518
"1260",27139080906,2,NA,0.5,NA,2.5,0.11371237458194
"1261",27139080907,3,0.5,NA,NA,3.5,0.141137123745819
"1262",27139080908,3,NA,NA,NA,3,0.121070234113712
"1263",27139081001,10,0.5,0.25,0.1,10.85,0.289632107023411
"1264",27139081002,1,NA,NA,0.1,1.1,0.0695652173913043
"1265",27139081101,7,NA,NA,NA,7,0.205351170568562
"1266",27139081102,3,NA,0.25,0.2,3.45,0.140468227424749
"1267",27139081103,1,NA,NA,NA,1,0.0481605351170569
"1268",27139081200,8,NA,NA,NA,8,0.232775919732441
"1269",27139081301,4,NA,NA,NA,4,0.150501672240803
"1270",27139081302,1,NA,0.25,NA,1.25,0.0769230769230769
"1271",27141030103,36,3.5,NA,NA,39.5,0.636789297658863
"1272",27141030104,0,NA,NA,NA,0,0
"1273",27141030105,12,NA,NA,NA,12,0.31438127090301
"1274",27141030106,7,0.5,NA,NA,7.5,0.223411371237458
"1275",27141030201,2,NA,NA,NA,2,0.0862876254180602
"1276",27141030202,0,NA,NA,NA,0,0
"1277",27141030301,13,0.5,0.25,0.3,14.05,0.349163879598662
"1278",27141030302,0,9,2,0.1,11.1,0.301003344481605
"1279",27141030405,1,4.5,NA,NA,5.5,0.180602006688963
"1280",27141030406,0,NA,NA,0.1,0.1,0.0287625418060201
"1281",27141030407,2,13.5,0.25,0.1,15.85,0.379933110367893
"1282",27141030408,0,0.5,NA,NA,0.5,0.0394648829431438
"1283",27141030409,15,0.5,NA,0.3,15.8,0.378595317725753
"1284",27141030410,7,9,NA,0.2,16.2,0.384615384615385
"1285",27141030503,12,0.5,0.25,0.1,12.85,0.327090301003344
"1286",27141030504,1,0.5,0.5,NA,2,0.0862876254180602
"1287",27141030505,12,1.5,0.75,0.1,14.35,0.353177257525084
"1288",27141030506,6,NA,0.5,0.1,6.6,0.203344481605351
"1289",27141031500,9,7,5.25,5.4,26.65,0.525752508361204
"1290",27143170198,10,1,0.25,NA,11.25,0.303678929765886
"1291",27143170200,1,NA,NA,0.7,1.7,0.0836120401337793
"1292",27143170300,14,NA,NA,NA,14,0.34247491638796
"1293",27143170400,24,0.5,NA,1.5,26,0.516387959866221
"1294",27145000301,59,7,6.25,0.4,72.65,0.80066889632107
"1295",27145000303,43,14.5,1.25,0.4,59.15,0.753846153846154
"1296",27145000304,10,1.5,0.5,1.1,13.1,0.336454849498328
"1297",27145000401,4,5.5,1,0.2,10.7,0.287625418060201
"1298",27145000402,8,9.5,2.25,0.5,20.25,0.445484949832776
"1299",27145000501,116,6,3,0.1,125.1,0.900334448160535
"1300",27145000502,4,13,2.75,0.7,20.45,0.448160535117057
"1301",27145000601,38,11.5,7.75,0.9,58.15,0.749832775919732
"1302",27145000602,48,23,2.25,0.4,73.65,0.805351170568562
"1303",27145000701,92,6,5.5,1.4,104.9,0.866220735785953
"1304",27145000801,25,36,3.5,0.9,65.4,0.779933110367893
"1305",27145000901,14,0.5,NA,0.1,14.6,0.357190635451505
"1306",27145001002,10,21,2.5,1.5,35,0.595317725752508
"1307",27145001003,11,23.5,3.5,2.2,40.2,0.646153846153846
"1308",27145010101,11,NA,NA,0.1,11.1,0.301003344481605
"1309",27145010103,13,2.5,NA,0.1,15.6,0.373913043478261
"1310",27145010104,1,0.5,NA,NA,1.5,0.0795986622073579
"1311",27145010200,5,NA,0.25,NA,5.25,0.175919732441472
"1312",27145010401,24,NA,NA,NA,24,0.488963210702341
"1313",27145010402,4,NA,2,NA,6,0.186622073578595
"1314",27145010403,7,NA,NA,NA,7,0.205351170568562
"1315",27145010500,8,3.5,NA,1.1,12.6,0.323076923076923
"1316",27145010600,19,1,NA,NA,20,0.438127090301003
"1317",27145010900,13,NA,NA,NA,13,0.329096989966555
"1318",27145011000,15,NA,NA,NA,15,0.363210702341137
"1319",27145011101,1,1.5,0.5,NA,3,0.121070234113712
"1320",27145011102,6,NA,NA,NA,6,0.186622073578595
"1321",27145011201,16,NA,NA,NA,16,0.380602006688963
"1322",27145011202,8,0.5,0.25,NA,8.75,0.248829431438127
"1323",27145011302,31,NA,NA,NA,31,0.563879598662207
"1324",27145011305,0,NA,NA,NA,0,0
"1325",27145011306,2,NA,NA,NA,2,0.0862876254180602
"1326",27145011308,22,NA,0.25,NA,22.25,0.471571906354515
"1327",27145011400,35,0.5,NA,NA,35.5,0.59933110367893
"1328",27145011500,25,NA,NA,NA,25,0.501003344481605
"1329",27145011600,82,3,1.5,2.1,88.6,0.839464882943144
"1330",27147960100,29,3,0.5,1.1,33.6,0.581270903010033
"1331",27147960200,5,14.5,5.75,1.1,26.35,0.521739130434783
"1332",27147960300,14,9.5,9.5,0.9,33.9,0.586622073578595
"1333",27147960400,94,2,NA,0.3,96.3,0.855518394648829
"1334",27147960500,14,NA,NA,0.1,14.1,0.349832775919732
"1335",27147960600,15,0.5,7,2.2,24.7,0.498996655518395
"1336",27147960700,8,2,1.5,2,13.5,0.339130434782609
"1337",27147960800,37,NA,NA,NA,37,0.606688963210702
"1338",27149480100,16,0.5,NA,NA,16.5,0.388628762541806
"1339",27149480200,18,NA,NA,NA,18,0.406020066889632
"1340",27149480300,8,NA,NA,0.1,8.1,0.241471571906355
"1341",27151960100,9,NA,NA,NA,9,0.252173913043478
"1342",27151960200,18,NA,NA,NA,18,0.406020066889632
"1343",27151960300,2,NA,1.5,NA,3.5,0.141137123745819
"1344",27151960400,0,NA,NA,NA,0,0
"1345",27153790100,6,NA,0.25,NA,6.25,0.19933110367893
"1346",27153790200,2,NA,0.25,NA,2.25,0.109698996655518
"1347",27153790300,3,NA,NA,NA,3,0.121070234113712
"1348",27153790400,5,NA,NA,NA,5,0.168561872909699
"1349",27153790500,6,NA,3.5,1.5,11,0.291638795986622
"1350",27153790600,35,NA,NA,NA,35,0.595317725752508
"1351",27153790700,0,NA,NA,NA,0,0
"1352",27153790800,1,NA,NA,NA,1,0.0481605351170569
"1353",27155460100,17,NA,NA,NA,17,0.392642140468227
"1354",27155460200,1,NA,NA,NA,1,0.0481605351170569
"1355",27157490100,7,NA,NA,NA,7,0.205351170568562
"1356",27157490200,2,NA,NA,NA,2,0.0862876254180602
"1357",27157490300,15,NA,NA,NA,15,0.363210702341137
"1358",27157490400,2,NA,NA,NA,2,0.0862876254180602
"1359",27157490500,19,NA,NA,0.1,19.1,0.42742474916388
"1360",27157490600,6,NA,NA,NA,6,0.186622073578595
"1361",27159480100,18,NA,NA,NA,18,0.406020066889632
"1362",27159480200,13,NA,0.5,0.3,13.8,0.341137123745819
"1363",27159480300,9,1,0.25,0.6,10.85,0.289632107023411
"1364",27161790100,2,NA,NA,NA,2,0.0862876254180602
"1365",27161790200,7,NA,NA,NA,7,0.205351170568562
"1366",27161790300,6,5,1.5,0.6,13.1,0.336454849498328
"1367",27161790400,38,NA,0.25,0.1,38.35,0.626086956521739
"1368",27161790500,41,5,NA,0.6,46.6,0.68561872909699
"1369",27163070103,66,0.5,NA,0.7,67.2,0.785284280936455
"1370",27163070104,4,1,NA,0.2,5.2,0.175250836120401
"1371",27163070105,4,1.5,0.25,0.3,6.05,0.195986622073579
"1372",27163070107,27,NA,0.75,1.3,29.05,0.548494983277592
"1373",27163070108,0,NA,NA,0.1,0.1,0.0287625418060201
"1374",27163070204,10,NA,0.5,NA,10.5,0.28494983277592
"1375",27163070205,3,NA,NA,NA,3,0.121070234113712
"1376",27163070206,26,NA,NA,0.1,26.1,0.519732441471572
"1377",27163070207,2,0.5,0.25,NA,2.75,0.117056856187291
"1378",27163070208,2,NA,NA,NA,2,0.0862876254180602
"1379",27163070301,8,0.5,NA,NA,8.5,0.246153846153846
"1380",27163070303,2,1,0.25,2.3,5.55,0.181939799331104
"1381",27163070304,11,NA,NA,0.9,11.9,0.31371237458194
"1382",27163070403,15,NA,NA,0.1,15.1,0.367224080267559
"1383",27163070404,0,1,NA,NA,1,0.0481605351170569
"1384",27163070405,71,6,0.5,0.1,77.6,0.813377926421405
"1385",27163070406,92,1,NA,3.7,96.7,0.8561872909699
"1386",27163070501,34,0.5,0.25,3,37.75,0.614715719063545
"1387",27163070502,39,0.5,2.25,1.5,43.25,0.666889632107023
"1388",27163070602,46,2,1,2.2,51.2,0.71304347826087
"1389",27163070603,26,2.5,3.5,2.9,34.9,0.594648829431438
"1390",27163070604,36,0.5,NA,1,37.5,0.612040133779264
"1391",27163070703,16,8,0.75,2.4,27.15,0.532441471571906
"1392",27163070704,41,NA,NA,0.1,41.1,0.651505016722408
"1393",27163070705,14,6.5,NA,NA,20.5,0.448829431438127
"1394",27163070706,34,2,1,0.9,37.9,0.618060200668896
"1395",27163070801,3,0.5,3.25,1.3,8.05,0.240802675585284
"1396",27163070802,0,NA,3.75,NA,3.75,0.148494983277592
"1397",27163070906,46,2,0.75,3.5,52.25,0.719732441471572
"1398",27163070907,4,NA,6.25,1.1,11.35,0.305685618729097
"1399",27163070909,14,13.5,0.75,1.3,29.55,0.555183946488294
"1400",27163070910,53,1,3,0.9,57.9,0.747157190635451
"1401",27163070911,55,12,5.75,1.6,74.35,0.806688963210702
"1402",27163070912,27,0.5,7.5,0.1,35.1,0.596655518394649
"1403",27163071001,60,1.5,2.75,0.2,64.45,0.77056856187291
"1404",27163071003,47,19.5,6.5,4.8,77.8,0.814715719063545
"1405",27163071006,18,4.5,0.25,NA,22.75,0.476923076923077
"1406",27163071010,21,4.5,NA,0.2,25.7,0.512374581939799
"1407",27163071012,13,1.5,NA,0.1,14.6,0.357190635451505
"1408",27163071013,2,2,0.25,NA,4.25,0.158528428093645
"1409",27163071014,2,NA,0.25,NA,2.25,0.109698996655518
"1410",27163071016,1,NA,NA,0.1,1.1,0.0695652173913043
"1411",27163071019,40,NA,0.25,0.2,40.45,0.649498327759197
"1412",27163071020,30,NA,NA,NA,30,0.559866220735786
"1413",27163071021,9,10.5,NA,0.9,20.4,0.447491638795987
"1414",27163071101,18,NA,0.25,NA,18.25,0.414046822742475
"1415",27163071102,39,22.5,0.5,0.1,62.1,0.763879598662207
"1416",27163071207,1,7,3.25,0.1,11.35,0.305685618729097
"1417",27163071208,2,12,0.25,0.1,14.35,0.353177257525084
"1418",27163071209,11,0.5,NA,0.2,11.7,0.311036789297659
"1419",27163071210,2,11.5,0.5,0.1,14.1,0.349832775919732
"1420",27163071211,2,0.5,0.25,0.2,2.95,0.120401337792642
"1421",27163071300,40,2,4.75,2.2,48.95,0.703010033444816
"1422",27163071400,74,1,0.75,1.1,76.85,0.809364548494983
"1423",27165950100,7,NA,NA,NA,7,0.205351170568562
"1424",27165950200,18,NA,NA,NA,18,0.406020066889632
"1425",27165950300,0,NA,NA,0.5,0.5,0.0394648829431438
"1426",27167950100,13,NA,NA,NA,13,0.329096989966555
"1427",27167950200,3,NA,NA,NA,3,0.121070234113712
"1428",27169670101,3,NA,4.75,1.8,9.55,0.266889632107023
"1429",27169670102,1,NA,NA,NA,1,0.0481605351170569
"1430",27169670200,18,NA,3.25,0.8,22.05,0.468896321070234
"1431",27169670301,80,4,NA,0.1,84.1,0.831438127090301
"1432",27169670302,61,0.5,2.5,0.6,64.6,0.77190635451505
"1433",27169670400,42,11,10.75,0.7,64.45,0.77056856187291
"1434",27169670500,53,3.5,NA,0.1,56.6,0.74180602006689
"1435",27169670600,30,10.5,3,1.2,44.7,0.676254180602007
"1436",27169670700,41,3.5,NA,2.1,46.6,0.68561872909699
"1437",27169670801,7,NA,NA,NA,7,0.205351170568562
"1438",27169670802,21,0.5,NA,NA,21.5,0.463545150501672
"1439",27169670900,23,0.5,NA,NA,23.5,0.481605351170569
"1440",27169671000,6,NA,NA,NA,6,0.186622073578595
"1441",27171100101,2,3,0.25,NA,5.25,0.175919732441472
"1442",27171100102,13,1,0.5,NA,14.5,0.355183946488294
"1443",27171100202,4,NA,NA,1.8,5.8,0.183946488294314
"1444",27171100203,31,NA,NA,NA,31,0.563879598662207
"1445",27171100205,9,NA,0.5,0.1,9.6,0.268227424749164
"1446",27171100206,1,NA,0.25,1,2.25,0.109698996655518
"1447",27171100300,9,NA,NA,NA,9,0.252173913043478
"1448",27171100401,0,NA,NA,NA,0,0
"1449",27171100402,6,NA,NA,NA,6,0.186622073578595
"1450",27171100500,5,NA,NA,NA,5,0.168561872909699
"1451",27171100701,36,0.5,0.25,NA,36.75,0.604013377926421
"1452",27171100704,21,1,1,0.7,23.7,0.48561872909699
"1453",27171100705,16,0.5,0.5,1,18,0.406020066889632
"1454",27171100706,14,1,NA,0.4,15.4,0.37056856187291
"1455",27171100707,2,1,NA,NA,3,0.121070234113712
"1456",27171100803,39,4.5,3.25,0.1,46.85,0.687625418060201
"1457",27171100804,46,NA,2.25,0.1,48.35,0.697658862876254
"1458",27171100805,32,NA,NA,NA,32,0.568561872909699
"1459",27171100806,5,1.5,0.25,0.7,7.45,0.220066889632107
"1460",27171100807,6,6.5,NA,0.1,12.6,0.323076923076923
"1461",27171100900,1,NA,0.25,0.2,1.45,0.0789297658862876
"1462",27171101001,23,3,1,0.9,27.9,0.537792642140468
"1463",27171101002,43,NA,0.25,NA,43.25,0.666889632107023
"1464",27171101101,4,NA,NA,NA,4,0.150501672240803
"1465",27171101102,2,1,NA,0.1,3.1,0.135785953177258
"1466",27171101200,34,NA,NA,NA,34,0.587959866220736
"1467",27171101300,2,NA,NA,1.2,3.2,0.137123745819398
"1468",27173970100,4,NA,0.25,NA,4.25,0.158528428093645
"1469",27173970200,1,NA,NA,NA,1,0.0481605351170569
"1470",27173970300,6,NA,NA,NA,6,0.186622073578595
"1471",27173970400,7,NA,NA,NA,7,0.205351170568562
"1472",27003050238,NA,1,NA,0.2,1.2,0.0735785953177258
"1473",27003050240,NA,0.5,0.25,0.2,0.95,0.0468227424749164
"1474",27003050707,NA,2,6.5,0.3,8.8,0.251505016722408
"1475",27003050827,NA,0.5,0.25,0.2,0.95,0.0468227424749164
"1476",27053026025,NA,4.5,NA,0.1,4.6,0.162541806020067
"1477",27053026706,NA,0.5,NA,0.1,0.6,0.0421404682274247
"1478",27095170600,NA,4,NA,1.7,5.7,0.182608695652174
"1479",27119020300,NA,1,NA,NA,1,0.0481605351170569
"1480",27137003000,NA,13.5,8.5,3.8,25.8,0.51438127090301
"1481",27003050241,NA,NA,0.25,NA,0.25,0.0341137123745819
"1482",27037061005,NA,NA,0.25,0.2,0.45,0.0387959866220736
"1483",27037061401,NA,NA,0.75,NA,0.75,0.0448160535117057
"1484",27053025802,NA,NA,0.25,3.4,3.65,0.147157190635452
"1485",27053026013,NA,NA,0.5,0.3,0.8,0.0454849498327759
"1486",27053026826,NA,NA,0.5,0.2,0.7,0.0434782608695652
"1487",27109001302,NA,NA,0.25,NA,0.25,0.0341137123745819
"1488",27109001502,NA,NA,2.75,0.3,3.05,0.133779264214047
"1489",27145011307,NA,NA,0.25,NA,0.25,0.0341137123745819
"1490",27037060806,NA,NA,NA,0.1,0.1,0.0287625418060201
"1491",27037060816,NA,NA,NA,0.9,0.9,0.0461538461538462
"1492",27037060838,NA,NA,NA,1.2,1.2,0.0755852842809365
"1493",27119020100,NA,NA,NA,0.1,0.1,0.0287625418060201
"1494",27137002300,NA,NA,NA,0.1,0.1,0.0287625418060201
"1495",27163071022,NA,NA,NA,1.2,1.2,0.0755852842809365
"1496",27163071025,NA,NA,NA,0.1,0.1,0.0287625418060201
