"","geoid","score_250","score_500","score_750","score_1000","leak_site_points","groundwater_score","percentile_rank"
"1",27053126102,15,NA,NA,1.5,58,74.5,0.993852459016393
"2",27137003800,15,NA,NA,NA,19,34,0.889344262295082
"3",27003050109,10,NA,NA,NA,3,13,0.467213114754098
"4",27003050115,10,NA,NA,NA,6,16,0.55396174863388
"5",27003050220,10,NA,NA,NA,5,15,0.525956284153005
"6",27003050228,10,NA,NA,NA,21,31,0.861338797814208
"7",27003050816,10,NA,NA,NA,10,20,0.659153005464481
"8",27003051103,15,NA,NA,NA,20,35,0.898224043715847
"9",27003051206,75,NA,NA,NA,25,100,0.996584699453552
"10",27007450706,15,NA,NA,NA,9,24,0.745218579234973
"11",27009020202,0,NA,NA,NA,13,13,0.467213114754098
"12",27009020300,10,NA,NA,NA,6,16,0.55396174863388
"13",27013170300,15,NA,NA,NA,34,49,0.959699453551913
"14",27013170900,20,NA,NA,NA,20,40,0.931693989071038
"15",27017070300,15,NA,NA,NA,30,45,0.950136612021858
"16",27017070401,25,NA,NA,NA,31,56,0.976775956284153
"17",27017070502,10,NA,NA,NA,15,25,0.769808743169399
"18",27021940002,15,NA,NA,NA,29,44,0.947404371584699
"19",27021960301,10,NA,NA,NA,5,15,0.525956284153005
"20",27021960700,10,NA,NA,NA,14,24,0.745218579234973
"21",27023950300,10,NA,NA,NA,15,25,0.769808743169399
"22",27035950100,10,NA,NA,NA,8,18,0.60655737704918
"23",27035950702,10,NA,NA,NA,18,28,0.824453551912568
"24",27035951000,15,7.5,NA,NA,21,43.5,0.94603825136612
"25",27035951100,15,7.5,NA,NA,49,71.5,0.991803278688525
"26",27035951301,15,NA,NA,NA,22,37,0.913251366120219
"27",27037060302,15,NA,NA,NA,5,20,0.659153005464481
"28",27037060508,10,NA,NA,NA,15,25,0.769808743169399
"29",27037060710,10,NA,NA,NA,38,48,0.958333333333333
"30",27037060904,15,NA,NA,NA,25,40,0.931693989071038
"31",27037061109,15,NA,NA,NA,24,39,0.92896174863388
"32",27037061111,15,NA,NA,NA,4,19,0.633879781420765
"33",27037061402,10,NA,NA,NA,20,30,0.849726775956284
"34",27043460500,10,NA,NA,NA,27,37,0.913251366120219
"35",27045960300,10,NA,NA,NA,23,33,0.877732240437158
"36",27053000601,15,NA,NA,NA,16,31,0.861338797814208
"37",27053007801,15,NA,NA,NA,5,20,0.659153005464481
"38",27053020301,15,NA,NA,NA,9,24,0.745218579234973
"39",27053020400,15,NA,NA,1.5,23,39.5,0.931010928961749
"40",27053020500,15,NA,11.25,NA,5,31.25,0.869535519125683
"41",27053021602,15,NA,NA,NA,48,63,0.987704918032787
"42",27053022802,15,NA,NA,1.5,18,34.5,0.896857923497268
"43",27053023000,30,NA,3.75,1.5,34,69.25,0.991120218579235
"44",27053023401,10,NA,NA,NA,5,15,0.525956284153005
"45",27053024100,15,NA,NA,NA,14,29,0.838114754098361
"46",27053024904,15,NA,NA,NA,11,26,0.790300546448087
"47",27053026028,10,NA,NA,NA,12,22,0.702868852459016
"48",27053026202,15,NA,NA,NA,8,23,0.726092896174863
"49",27053026811,15,NA,NA,1.5,7,23.5,0.741803278688525
"50",27053027101,10,NA,NA,NA,48,58,0.98292349726776
"51",27053027203,15,NA,NA,1.5,43,59.5,0.984289617486339
"52",27053027602,15,7.5,NA,NA,21,43.5,0.94603825136612
"53",27053101800,15,7.5,NA,NA,11,33.5,0.887978142076503
"54",27053102600,15,7.5,3.75,NA,20,46.25,0.954918032786885
"55",27053103600,15,NA,NA,1.5,10,26.5,0.806010928961749
"56",27053104002,15,7.5,NA,1.5,85,109,0.998633879781421
"57",27053104100,30,NA,NA,NA,27,57,0.978825136612022
"58",27053106700,15,NA,NA,1.5,20,36.5,0.911885245901639
"59",27053107500,15,NA,NA,NA,21,36,0.906420765027322
"60",27053111400,15,NA,NA,NA,17,32,0.871584699453552
"61",27053122500,15,15,NA,NA,3,33,0.877732240437158
"62",27053125500,15,NA,NA,NA,73,88,0.995218579234973
"63",27053126300,15,NA,NA,NA,29,44,0.947404371584699
"64",27053980000,15,7.5,NA,NA,44,66.5,0.989071038251366
"65",27055020500,15,NA,NA,NA,20,35,0.898224043715847
"66",27057070500,10,NA,NA,NA,4,14,0.49931693989071
"67",27059130400,10,NA,NA,NA,3,13,0.467213114754098
"68",27059130600,15,NA,NA,NA,4,19,0.633879781420765
"69",27061480301,10,NA,NA,NA,16,26,0.790300546448087
"70",27067780700,15,NA,NA,NA,28,43,0.943306010928962
"71",27071790300,15,NA,NA,NA,34,49,0.959699453551913
"72",27071790500,15,NA,NA,NA,26,41,0.937158469945355
"73",27075370101,15,NA,NA,NA,30,45,0.950136612021858
"74",27075370300,15,NA,NA,NA,75,90,0.995901639344262
"75",27079950200,10,NA,NA,NA,17,27,0.809426229508197
"76",27079950300,10,NA,NA,NA,27,37,0.913251366120219
"77",27079950600,10,NA,NA,NA,20,30,0.849726775956284
"78",27091790200,10,NA,NA,NA,14,24,0.745218579234973
"79",27093560200,10,NA,NA,NA,18,28,0.824453551912568
"80",27101900200,10,NA,NA,NA,27,37,0.913251366120219
"81",27105105500,15,NA,NA,NA,30,45,0.950136612021858
"82",27109000500,15,NA,3.75,NA,20,38.75,0.92827868852459
"83",27109001201,15,NA,NA,NA,3,18,0.60655737704918
"84",27109001800,15,NA,NA,NA,18,33,0.877732240437158
"85",27109001902,10,NA,NA,NA,18,28,0.824453551912568
"86",27111960500,25,NA,NA,NA,20,45,0.950136612021858
"87",27115950402,15,NA,NA,NA,21,36,0.906420765027322
"88",27115950700,10,NA,NA,NA,33,43,0.943306010928962
"89",27123030100,15,NA,NA,NA,19,34,0.889344262295082
"90",27123031100,15,NA,NA,NA,14,29,0.838114754098361
"91",27123033100,15,NA,NA,NA,23,38,0.922131147540984
"92",27123033400,15,NA,NA,NA,57,72,0.992486338797814
"93",27123036900,15,NA,NA,NA,12,27,0.809426229508197
"94",27123040504,15,NA,NA,1.5,4,20.5,0.677595628415301
"95",27123040601,15,7.5,NA,NA,14,36.5,0.911885245901639
"96",27123040801,15,NA,NA,NA,27,42,0.941256830601093
"97",27123041200,30,NA,NA,NA,30,60,0.985655737704918
"98",27123041800,15,NA,NA,NA,23,38,0.922131147540984
"99",27123980000,30,NA,NA,NA,21,51,0.96379781420765
"100",27131070200,15,NA,NA,NA,11,26,0.790300546448087
"101",27137000302,25,15,NA,NA,74,114,1
"102",27137000400,15,5,NA,NA,24,44,0.947404371584699
"103",27137001900,15,NA,NA,NA,41,56,0.976775956284153
"104",27137010301,15,NA,NA,NA,43,58,0.98292349726776
"105",27137012100,15,7.5,NA,NA,46,68.5,0.989754098360656
"106",27137012500,15,NA,3.75,NA,17,35.75,0.905054644808743
"107",27137013600,15,NA,NA,NA,19,34,0.889344262295082
"108",27137013900,10,NA,NA,NA,24,34,0.889344262295082
"109",27137015100,0,NA,NA,NA,27,27,0.809426229508197
"110",27137015401,15,NA,NA,NA,22,37,0.913251366120219
"111",27137015800,30,NA,NA,NA,74,104,0.997267759562842
"112",27139080201,15,NA,NA,NA,22,37,0.913251366120219
"113",27139080304,15,NA,NA,NA,16,31,0.861338797814208
"114",27139080700,10,NA,NA,NA,15,25,0.769808743169399
"115",27145000501,15,15,NA,NA,24,54,0.971311475409836
"116",27145000701,30,7.5,NA,NA,10,47.5,0.957650273224044
"117",27145011000,10,NA,NA,NA,23,33,0.877732240437158
"118",27147960400,15,NA,NA,NA,67,82,0.994535519125683
"119",27149480300,10,NA,NA,NA,27,37,0.913251366120219
"120",27153790600,15,NA,NA,NA,25,40,0.931693989071038
"121",27159480100,15,NA,NA,NA,8,23,0.726092896174863
"122",27159480300,10,NA,NA,NA,40,50,0.961748633879781
"123",27163070405,10,7.5,NA,NA,10,27.5,0.823087431693989
"124",27163070406,15,NA,NA,1,19,35,0.898224043715847
"125",27163070906,15,NA,NA,NA,15,30,0.849726775956284
"126",27163071019,30,NA,NA,NA,6,36,0.906420765027322
"127",27163071101,15,NA,NA,NA,9,24,0.745218579234973
"128",27163071300,15,NA,NA,NA,9,24,0.745218579234973
"129",27163071400,15,NA,NA,NA,19,34,0.889344262295082
"130",27165950300,10,NA,NA,NA,26,36,0.906420765027322
"131",27167950100,10,NA,NA,NA,21,31,0.861338797814208
"132",27169670101,10,NA,NA,NA,15,25,0.769808743169399
"133",27169670302,15,NA,NA,NA,10,25,0.769808743169399
"134",27169670802,10,NA,NA,NA,15,25,0.769808743169399
"135",27171100500,10,NA,NA,NA,5,15,0.525956284153005
"136",27053003801,NA,7.5,NA,3,11,21.5,0.698087431693989
"137",27053003802,NA,7.5,NA,1.5,3,12,0.435792349726776
"138",27053103700,NA,15,3.75,NA,16,34.75,0.897540983606557
"139",27053104802,NA,7.5,NA,NA,18,25.5,0.78551912568306
"140",27053104901,NA,7.5,NA,1.5,15,24,0.745218579234973
"141",27137003700,NA,7.5,NA,NA,11,18.5,0.628415300546448
"142",27003050222,NA,5,NA,NA,NA,5,0.152322404371585
"143",27003050227,NA,5,NA,NA,5,10,0.354508196721311
"144",27003050238,NA,5,NA,NA,5,10,0.354508196721311
"145",27003051304,NA,7.5,3.75,NA,6,17.25,0.602459016393443
"146",27007450102,NA,7.5,NA,NA,6,13.5,0.495901639344262
"147",27017070100,NA,7.5,NA,NA,52,59.5,0.984289617486339
"148",27017070501,NA,5,NA,NA,35,40,0.931693989071038
"149",27017940000,NA,5,NA,NA,14,19,0.633879781420765
"150",27021960600,NA,5,NA,NA,22,27,0.809426229508197
"151",27027030202,NA,5,NA,NA,21,26,0.790300546448087
"152",27035950204,NA,5,NA,NA,8,13,0.467213114754098
"153",27035950701,NA,5,NA,NA,12,17,0.577868852459016
"154",27035951200,NA,15,NA,1.5,36,52.5,0.968579234972678
"155",27035951303,NA,15,NA,NA,2,17,0.577868852459016
"156",27035951304,NA,7.5,NA,NA,7,14.5,0.522540983606557
"157",27037060301,NA,7.5,NA,NA,44,51.5,0.965846994535519
"158",27037060605,NA,7.5,NA,NA,15,22.5,0.721994535519126
"159",27037060748,NA,5,NA,NA,17,22,0.702868852459016
"160",27037061102,NA,7.5,NA,NA,11,18.5,0.628415300546448
"161",27037061105,NA,7.5,NA,NA,9,16.5,0.569672131147541
"162",27053002200,NA,7.5,NA,NA,5,12.5,0.461748633879781
"163",27053006800,NA,15,NA,NA,11,26,0.790300546448087
"164",27053007700,NA,7.5,NA,1.5,38,47,0.955601092896175
"165",27053012001,NA,7.5,NA,1.5,7,16,0.55396174863388
"166",27053020201,NA,7.5,NA,NA,30,37.5,0.920081967213115
"167",27053020302,NA,7.5,NA,NA,14,21.5,0.698087431693989
"168",27053020303,NA,7.5,NA,NA,3,10.5,0.390710382513661
"169",27053020304,NA,7.5,NA,1.5,8,17,0.577868852459016
"170",27053020600,NA,7.5,11.25,NA,2,20.75,0.681010928961749
"171",27053020700,NA,7.5,NA,NA,16,23.5,0.741803278688525
"172",27053021002,NA,7.5,NA,NA,4,11.5,0.431693989071038
"173",27053022700,NA,15,NA,NA,10,25,0.769808743169399
"174",27053022801,NA,7.5,NA,NA,5,12.5,0.461748633879781
"175",27053023202,NA,7.5,NA,NA,23,30.5,0.85724043715847
"176",27053023300,NA,5,NA,NA,48,53,0.969262295081967
"177",27053023402,NA,7.5,NA,NA,15,22.5,0.721994535519126
"178",27053024005,NA,7.5,NA,NA,10,17.5,0.603142076502732
"179",27053024200,NA,7.5,NA,NA,2,9.5,0.349726775956284
"180",27053024700,NA,7.5,NA,NA,12,19.5,0.655737704918033
"181",27053025100,NA,7.5,NA,NA,21,28.5,0.836748633879781
"182",27053025401,NA,7.5,NA,NA,18,25.5,0.78551912568306
"183",27053025403,NA,7.5,NA,NA,9,16.5,0.569672131147541
"184",27053025805,NA,5,NA,NA,6,11,0.396857923497268
"185",27053026103,NA,5,NA,NA,10,15,0.525956284153005
"186",27053026104,NA,5,NA,NA,6,11,0.396857923497268
"187",27053026302,NA,7.5,NA,NA,13,20.5,0.677595628415301
"188",27053026822,NA,7.5,NA,NA,8,15.5,0.550546448087432
"189",27053026828,NA,7.5,NA,NA,2,9.5,0.349726775956284
"190",27053027204,NA,7.5,NA,NA,19,26.5,0.806010928961749
"191",27053027601,NA,7.5,3.75,NA,16,27.25,0.82172131147541
"192",27053100500,NA,7.5,NA,NA,17,24.5,0.76707650273224
"193",27053101600,NA,7.5,NA,NA,19,26.5,0.806010928961749
"194",27053101900,NA,7.5,NA,1.5,4,13,0.467213114754098
"195",27053102500,NA,15,NA,1.5,16,32.5,0.876366120218579
"196",27053103000,NA,7.5,3.75,NA,15,26.25,0.805327868852459
"197",27053103100,NA,15,NA,1.5,3,19.5,0.655737704918033
"198",27053103400,NA,15,NA,NA,11,26,0.790300546448087
"199",27053104001,NA,15,NA,NA,18,33,0.877732240437158
"200",27053105100,NA,15,NA,NA,16,31,0.861338797814208
"201",27053105500,NA,15,3.75,NA,19,37.75,0.921448087431694
"202",27053106600,NA,7.5,NA,NA,13,20.5,0.677595628415301
"203",27053106900,NA,7.5,NA,NA,14,21.5,0.698087431693989
"204",27053107000,NA,7.5,3.75,NA,14,25.25,0.784836065573771
"205",27053107400,NA,7.5,NA,NA,14,21.5,0.698087431693989
"206",27053108600,NA,7.5,NA,NA,7,14.5,0.522540983606557
"207",27053108700,NA,7.5,NA,NA,9,16.5,0.569672131147541
"208",27053108800,NA,7.5,NA,NA,21,28.5,0.836748633879781
"209",27053111500,NA,7.5,NA,NA,23,30.5,0.85724043715847
"210",27053122600,NA,15,NA,1.5,15,31.5,0.870218579234973
"211",27053125900,NA,7.5,NA,NA,18,25.5,0.78551912568306
"212",27053126000,NA,7.5,NA,NA,26,33.5,0.887978142076503
"213",27059130501,NA,7.5,NA,NA,7,14.5,0.522540983606557
"214",27067780500,NA,7.5,NA,NA,23,30.5,0.85724043715847
"215",27091790100,NA,5,NA,NA,37,42,0.941256830601093
"216",27105105600,NA,7.5,NA,NA,8,15.5,0.550546448087432
"217",27109000600,NA,7.5,NA,NA,34,41.5,0.940573770491803
"218",27109001301,NA,7.5,3.75,NA,7,18.25,0.627732240437158
"219",27111960600,NA,5,2.5,NA,24,31.5,0.870218579234973
"220",27115950600,NA,5,NA,NA,8,13,0.467213114754098
"221",27123030201,NA,7.5,NA,NA,10,17.5,0.603142076502732
"222",27123030202,NA,7.5,NA,NA,8,15.5,0.550546448087432
"223",27123030300,NA,7.5,NA,NA,3,10.5,0.390710382513661
"224",27123030602,NA,7.5,NA,NA,5,12.5,0.461748633879781
"225",27123031000,NA,7.5,NA,NA,16,23.5,0.741803278688525
"226",27123031500,NA,7.5,NA,1.5,8,17,0.577868852459016
"227",27123031900,NA,7.5,NA,NA,61,68.5,0.989754098360656
"228",27123032100,NA,7.5,NA,NA,16,23.5,0.741803278688525
"229",27123032200,NA,7.5,NA,NA,7,14.5,0.522540983606557
"230",27123033000,NA,7.5,NA,NA,25,32.5,0.876366120218579
"231",27123034400,NA,7.5,NA,NA,13,20.5,0.677595628415301
"232",27123034500,NA,7.5,NA,NA,3,10.5,0.390710382513661
"233",27123036000,NA,7.5,NA,NA,15,22.5,0.721994535519126
"234",27123037000,NA,7.5,NA,NA,10,17.5,0.603142076502732
"235",27123037402,NA,7.5,3.75,NA,11,22.25,0.721311475409836
"236",27123040101,NA,7.5,NA,1.5,7,16,0.55396174863388
"237",27123040603,NA,7.5,NA,NA,4,11.5,0.431693989071038
"238",27123040805,NA,7.5,3.75,NA,9,20.25,0.676912568306011
"239",27123041002,NA,7.5,NA,NA,NA,7.5,0.270491803278689
"240",27123041107,NA,7.5,3.75,NA,22,33.25,0.887295081967213
"241",27123041700,NA,7.5,NA,NA,12,19.5,0.655737704918033
"242",27123041900,NA,7.5,NA,NA,9,16.5,0.569672131147541
"243",27137001600,NA,7.5,NA,NA,12,19.5,0.655737704918033
"244",27137001800,NA,7.5,NA,NA,2,9.5,0.349726775956284
"245",27137002000,NA,7.5,NA,NA,8,15.5,0.550546448087432
"246",27137003400,NA,15,NA,NA,23,38,0.922131147540984
"247",27137012400,NA,15,NA,NA,42,57,0.978825136612022
"248",27137013800,NA,5,NA,NA,17,22,0.702868852459016
"249",27137015300,NA,7.5,NA,NA,46,53.5,0.970628415300546
"250",27139080100,NA,7.5,NA,NA,11,18.5,0.628415300546448
"251",27139080303,NA,7.5,NA,NA,6,13.5,0.495901639344262
"252",27145001002,NA,15,NA,NA,3,18,0.60655737704918
"253",27145001003,NA,7.5,3.75,1.5,8,20.75,0.681010928961749
"254",27147960600,NA,7.5,NA,NA,17,24.5,0.76707650273224
"255",27163070911,NA,7.5,NA,NA,9,16.5,0.569672131147541
"256",27163071102,NA,7.5,NA,NA,20,27.5,0.823087431693989
"257",27169670301,NA,7.5,NA,NA,22,29.5,0.846994535519126
"258",27053103900,NA,NA,3.75,1.5,6,11.25,0.431010928961749
"259",27053104801,NA,NA,3.75,NA,6,9.75,0.353142076502732
"260",27003050819,NA,NA,2.5,NA,3,5.5,0.181693989071038
"261",27003051201,NA,NA,3.75,1.5,22,27.25,0.82172131147541
"262",27003051202,NA,NA,3.75,1.5,19,24.25,0.766393442622951
"263",27007450704,NA,NA,3.75,NA,32,35.75,0.905054644808743
"264",27013170400,NA,NA,3.75,NA,21,24.75,0.769125683060109
"265",27017070200,NA,NA,3.75,NA,27,30.75,0.859972677595628
"266",27035951700,NA,NA,2.5,NA,11,13.5,0.495901639344262
"267",27037060202,NA,NA,3.75,NA,13,16.75,0.577185792349727
"268",27037060401,NA,NA,3.75,NA,2,5.75,0.183060109289617
"269",27037060503,NA,NA,3.75,NA,5,8.75,0.312158469945355
"270",27037060506,NA,NA,3.75,NA,4,7.75,0.271857923497268
"271",27037060603,NA,NA,3.75,NA,9,12.75,0.46379781420765
"272",27037060725,NA,NA,3.75,NA,18,21.75,0.702185792349727
"273",27037060905,NA,NA,3.75,NA,7,10.75,0.396174863387978
"274",27037061106,NA,NA,3.75,NA,2,5.75,0.183060109289617
"275",27043460100,NA,NA,2.5,NA,15,17.5,0.603142076502732
"276",27053001100,NA,NA,3.75,1.5,4,9.25,0.349043715846995
"277",27053001700,NA,NA,7.5,1.5,13,22,0.702868852459016
"278",27053002400,NA,NA,7.5,NA,13,20.5,0.677595628415301
"279",27053003300,NA,NA,3.75,1.5,2,7.25,0.269808743169399
"280",27053008300,NA,NA,3.75,NA,4,7.75,0.271857923497268
"281",27053012003,NA,NA,3.75,NA,27,30.75,0.859972677595628
"282",27053021100,NA,NA,3.75,NA,9,12.75,0.46379781420765
"283",27053021200,NA,NA,3.75,NA,6,9.75,0.353142076502732
"284",27053022302,NA,NA,7.5,NA,19,26.5,0.806010928961749
"285",27053022901,NA,NA,7.5,NA,30,37.5,0.920081967213115
"286",27053025907,NA,NA,3.75,NA,4,7.75,0.271857923497268
"287",27053026823,NA,NA,3.75,NA,4,7.75,0.271857923497268
"288",27053105600,NA,NA,3.75,1.5,10,15.25,0.549863387978142
"289",27053106500,NA,NA,3.75,1.5,24,29.25,0.846311475409836
"290",27053125600,NA,NA,3.75,NA,51,54.75,0.974043715846995
"291",27053126201,NA,NA,3.75,1.5,56,61.25,0.986338797814208
"292",27059130302,NA,NA,2.5,NA,23,25.5,0.78551912568306
"293",27093560400,NA,NA,2.5,NA,19,21.5,0.698087431693989
"294",27105105400,NA,NA,3.75,NA,42,45.75,0.953551912568306
"295",27109000400,NA,NA,3.75,1.5,18,23.25,0.741120218579235
"296",27123031600,NA,NA,3.75,1.5,5,10.25,0.390027322404372
"297",27123032000,NA,NA,3.75,NA,10,13.75,0.498633879781421
"298",27123032300,NA,NA,3.75,NA,9,12.75,0.46379781420765
"299",27123034601,NA,NA,3.75,NA,2,5.75,0.183060109289617
"300",27123034602,NA,NA,3.75,NA,5,8.75,0.312158469945355
"301",27123034701,NA,NA,3.75,NA,15,18.75,0.633196721311475
"302",27123036800,NA,NA,3.75,NA,9,12.75,0.46379781420765
"303",27137000900,NA,NA,3.75,NA,11,14.75,0.525273224043716
"304",27137001700,NA,NA,3.75,NA,22,25.75,0.789617486338798
"305",27137010400,NA,NA,2.5,NA,27,29.5,0.846994535519126
"306",27145000601,NA,NA,3.75,NA,20,23.75,0.744535519125683
"307",27147960200,NA,NA,3.75,NA,9,12.75,0.46379781420765
"308",27147960700,NA,NA,3.75,NA,2,5.75,0.183060109289617
"309",27153790500,NA,NA,3.75,NA,8,11.75,0.435109289617486
"310",27163071207,NA,NA,3.75,NA,1,4.75,0.151639344262295
"311",27169670400,NA,NA,3.75,NA,26,29.75,0.849043715846995
"312",27053126101,NA,NA,NA,3,10,13,0.467213114754098
"313",27003050208,NA,NA,NA,1,9,10,0.354508196721311
"314",27003050239,NA,NA,NA,1,1,2,0.0327868852459016
"315",27003050240,NA,NA,NA,1,NA,1,0
"316",27003051001,NA,NA,NA,1.5,21,22.5,0.721994535519126
"317",27003051102,NA,NA,NA,1.5,17,18.5,0.628415300546448
"318",27003051305,NA,NA,NA,3,4,7,0.230874316939891
"319",27007450705,NA,NA,NA,1.5,1,2.5,0.0689890710382514
"320",27013170200,NA,NA,NA,1.5,15,16.5,0.569672131147541
"321",27025110100,NA,NA,NA,1,5,6,0.185792349726776
"322",27037060201,NA,NA,NA,1.5,NA,1.5,0.032103825136612
"323",27037060502,NA,NA,NA,1.5,15,16.5,0.569672131147541
"324",27037060509,NA,NA,NA,1,5,6,0.185792349726776
"325",27037061112,NA,NA,NA,1.5,2,3.5,0.108606557377049
"326",27053000101,NA,NA,NA,1.5,9,10.5,0.390710382513661
"327",27053000102,NA,NA,NA,6,11,17,0.577868852459016
"328",27053005902,NA,NA,NA,1.5,7,8.5,0.309426229508197
"329",27053008200,NA,NA,NA,1.5,9,10.5,0.390710382513661
"330",27053008400,NA,NA,NA,1.5,3,4.5,0.150273224043716
"331",27053008500,NA,NA,NA,1.5,5,6.5,0.228825136612022
"332",27053011704,NA,NA,NA,1.5,2,3.5,0.108606557377049
"333",27053021505,NA,NA,NA,1.5,18,19.5,0.655737704918033
"334",27053021700,NA,NA,NA,1.5,12,13.5,0.495901639344262
"335",27053022400,NA,NA,NA,1.5,5,6.5,0.228825136612022
"336",27053022902,NA,NA,NA,1.5,1,2.5,0.0689890710382514
"337",27053023802,NA,NA,NA,1.5,3,4.5,0.150273224043716
"338",27053024004,NA,NA,NA,1.5,7,8.5,0.309426229508197
"339",27053024801,NA,NA,NA,1.5,1,2.5,0.0689890710382514
"340",27053025301,NA,NA,NA,1,3,4,0.110655737704918
"341",27053025601,NA,NA,NA,1.5,16,17.5,0.603142076502732
"342",27053025702,NA,NA,NA,1.5,14,15.5,0.550546448087432
"343",27053025801,NA,NA,NA,1,6,7,0.230874316939891
"344",27053026201,NA,NA,NA,1.5,9,10.5,0.390710382513661
"345",27053026827,NA,NA,NA,1.5,17,18.5,0.628415300546448
"346",27053101200,NA,NA,NA,1.5,20,21.5,0.698087431693989
"347",27053102100,NA,NA,NA,1.5,10,11.5,0.431693989071038
"348",27053105201,NA,NA,NA,3,11,14,0.49931693989071
"349",27053105700,NA,NA,NA,1.5,9,10.5,0.390710382513661
"350",27053106200,NA,NA,NA,1.5,15,16.5,0.569672131147541
"351",27053111300,NA,NA,NA,1.5,7,8.5,0.309426229508197
"352",27053125800,NA,NA,NA,1.5,15,16.5,0.569672131147541
"353",27053126202,NA,NA,NA,1.5,25,26.5,0.806010928961749
"354",27067770900,NA,NA,NA,1.5,17,18.5,0.628415300546448
"355",27067780800,NA,NA,NA,1.5,37,38.5,0.927595628415301
"356",27109000100,NA,NA,NA,1.5,28,29.5,0.846994535519126
"357",27109001401,NA,NA,NA,1.5,24,25.5,0.78551912568306
"358",27123030601,NA,NA,NA,1.5,9,10.5,0.390710382513661
"359",27123030900,NA,NA,NA,1.5,5,6.5,0.228825136612022
"360",27123031701,NA,NA,NA,1.5,8,9.5,0.349726775956284
"361",27123033200,NA,NA,NA,1.5,72,73.5,0.993169398907104
"362",27123033300,NA,NA,NA,1.5,6,7.5,0.270491803278689
"363",27123035000,NA,NA,NA,1.5,7,8.5,0.309426229508197
"364",27123035200,NA,NA,NA,1.5,15,16.5,0.569672131147541
"365",27123035300,NA,NA,NA,1.5,4,5.5,0.181693989071038
"366",27123036100,NA,NA,NA,1.5,54,55.5,0.976092896174863
"367",27123036700,NA,NA,NA,1.5,21,22.5,0.721994535519126
"368",27123037403,NA,NA,NA,1.5,10,11.5,0.431693989071038
"369",27123040503,NA,NA,NA,1.5,21,22.5,0.721994535519126
"370",27123041105,NA,NA,NA,1.5,24,25.5,0.78551912568306
"371",27123041106,NA,NA,NA,1.5,2,3.5,0.108606557377049
"372",27123042002,NA,NA,NA,1.5,10,11.5,0.431693989071038
"373",27123042402,NA,NA,NA,1.5,29,30.5,0.85724043715847
"374",27137000301,NA,NA,NA,1.5,56,57.5,0.98224043715847
"375",27137002200,NA,NA,NA,1.5,15,16.5,0.569672131147541
"376",27137003300,NA,NA,NA,1.5,17,18.5,0.628415300546448
"377",27137015600,NA,NA,NA,1.5,111,112.5,0.99931693989071
"378",27163070909,NA,NA,NA,1.5,8,9.5,0.349726775956284
"379",27163071003,NA,NA,NA,1.5,23,24.5,0.76707650273224
"380",27163071022,NA,NA,NA,1.5,1,2.5,0.0689890710382514
"381",27169670600,NA,NA,NA,1,17,18,0.60655737704918
"382",27001770100,NA,NA,NA,NA,11,11,0.396857923497268
"383",27001770200,NA,NA,NA,NA,14,14,0.49931693989071
"384",27001770300,NA,NA,NA,NA,49,49,0.959699453551913
"385",27001770401,NA,NA,NA,NA,10,10,0.354508196721311
"386",27001770402,NA,NA,NA,NA,24,24,0.745218579234973
"387",27001790501,NA,NA,NA,NA,13,13,0.467213114754098
"388",27001790503,NA,NA,NA,NA,7,7,0.230874316939891
"389",27001790504,NA,NA,NA,NA,5,5,0.152322404371585
"390",27003050107,NA,NA,NA,NA,10,10,0.354508196721311
"391",27003050108,NA,NA,NA,NA,10,10,0.354508196721311
"392",27003050110,NA,NA,NA,NA,5,5,0.152322404371585
"393",27003050111,NA,NA,NA,NA,5,5,0.152322404371585
"394",27003050114,NA,NA,NA,NA,1,1,0
"395",27003050116,NA,NA,NA,NA,11,11,0.396857923497268
"396",27003050210,NA,NA,NA,NA,17,17,0.577868852459016
"397",27003050215,NA,NA,NA,NA,8,8,0.274590163934426
"398",27003050216,NA,NA,NA,NA,9,9,0.313524590163934
"399",27003050217,NA,NA,NA,NA,6,6,0.185792349726776
"400",27003050218,NA,NA,NA,NA,1,1,0
"401",27003050219,NA,NA,NA,NA,2,2,0.0327868852459016
"402",27003050223,NA,NA,NA,NA,2,2,0.0327868852459016
"403",27003050224,NA,NA,NA,NA,2,2,0.0327868852459016
"404",27003050226,NA,NA,NA,NA,4,4,0.110655737704918
"405",27003050229,NA,NA,NA,NA,7,7,0.230874316939891
"406",27003050230,NA,NA,NA,NA,4,4,0.110655737704918
"407",27003050232,NA,NA,NA,NA,14,14,0.49931693989071
"408",27003050233,NA,NA,NA,NA,12,12,0.435792349726776
"409",27003050234,NA,NA,NA,NA,2,2,0.0327868852459016
"410",27003050235,NA,NA,NA,NA,11,11,0.396857923497268
"411",27003050236,NA,NA,NA,NA,3,3,0.0717213114754098
"412",27003050237,NA,NA,NA,NA,4,4,0.110655737704918
"413",27003050241,NA,NA,NA,NA,9,9,0.313524590163934
"414",27003050401,NA,NA,NA,NA,30,30,0.849726775956284
"415",27003050402,NA,NA,NA,NA,17,17,0.577868852459016
"416",27003050501,NA,NA,NA,NA,24,24,0.745218579234973
"417",27003050504,NA,NA,NA,NA,7,7,0.230874316939891
"418",27003050505,NA,NA,NA,NA,21,21,0.682377049180328
"419",27003050602,NA,NA,NA,NA,4,4,0.110655737704918
"420",27003050605,NA,NA,NA,NA,8,8,0.274590163934426
"421",27003050606,NA,NA,NA,NA,2,2,0.0327868852459016
"422",27003050607,NA,NA,NA,NA,13,13,0.467213114754098
"423",27003050608,NA,NA,NA,NA,8,8,0.274590163934426
"424",27003050609,NA,NA,NA,NA,7,7,0.230874316939891
"425",27003050611,NA,NA,NA,NA,7,7,0.230874316939891
"426",27003050702,NA,NA,NA,NA,3,3,0.0717213114754098
"427",27003050704,NA,NA,NA,NA,6,6,0.185792349726776
"428",27003050706,NA,NA,NA,NA,5,5,0.152322404371585
"429",27003050709,NA,NA,NA,NA,3,3,0.0717213114754098
"430",27003050710,NA,NA,NA,NA,7,7,0.230874316939891
"431",27003050711,NA,NA,NA,NA,2,2,0.0327868852459016
"432",27003050712,NA,NA,NA,NA,4,4,0.110655737704918
"433",27003050807,NA,NA,NA,NA,1,1,0
"434",27003050808,NA,NA,NA,NA,7,7,0.230874316939891
"435",27003050810,NA,NA,NA,NA,3,3,0.0717213114754098
"436",27003050811,NA,NA,NA,NA,12,12,0.435792349726776
"437",27003050818,NA,NA,NA,NA,5,5,0.152322404371585
"438",27003050820,NA,NA,NA,NA,2,2,0.0327868852459016
"439",27003050821,NA,NA,NA,NA,9,9,0.313524590163934
"440",27003050822,NA,NA,NA,NA,1,1,0
"441",27003050823,NA,NA,NA,NA,7,7,0.230874316939891
"442",27003050824,NA,NA,NA,NA,2,2,0.0327868852459016
"443",27003050826,NA,NA,NA,NA,6,6,0.185792349726776
"444",27003050827,NA,NA,NA,NA,1,1,0
"445",27003050828,NA,NA,NA,NA,12,12,0.435792349726776
"446",27003050829,NA,NA,NA,NA,34,34,0.889344262295082
"447",27003050901,NA,NA,NA,NA,4,4,0.110655737704918
"448",27003050902,NA,NA,NA,NA,3,3,0.0717213114754098
"449",27003051002,NA,NA,NA,NA,7,7,0.230874316939891
"450",27003051101,NA,NA,NA,NA,25,25,0.769808743169399
"451",27003051203,NA,NA,NA,NA,13,13,0.467213114754098
"452",27003051302,NA,NA,NA,NA,11,11,0.396857923497268
"453",27003051400,NA,NA,NA,NA,19,19,0.633879781420765
"454",27003051501,NA,NA,NA,NA,10,10,0.354508196721311
"455",27003051502,NA,NA,NA,NA,2,2,0.0327868852459016
"456",27003051600,NA,NA,NA,NA,3,3,0.0717213114754098
"457",27005450100,NA,NA,NA,NA,6,6,0.185792349726776
"458",27005450200,NA,NA,NA,NA,6,6,0.185792349726776
"459",27005450300,NA,NA,NA,NA,11,11,0.396857923497268
"460",27005450400,NA,NA,NA,NA,17,17,0.577868852459016
"461",27005450500,NA,NA,NA,NA,34,34,0.889344262295082
"462",27005450600,NA,NA,NA,NA,15,15,0.525956284153005
"463",27005450700,NA,NA,NA,NA,8,8,0.274590163934426
"464",27005450800,NA,NA,NA,NA,11,11,0.396857923497268
"465",27005450900,NA,NA,NA,NA,16,16,0.55396174863388
"466",27005940000,NA,NA,NA,NA,21,21,0.682377049180328
"467",27007450101,NA,NA,NA,NA,10,10,0.354508196721311
"468",27007450201,NA,NA,NA,NA,4,4,0.110655737704918
"469",27007450202,NA,NA,NA,NA,11,11,0.396857923497268
"470",27007450300,NA,NA,NA,NA,8,8,0.274590163934426
"471",27007450400,NA,NA,NA,NA,27,27,0.809426229508197
"472",27007450500,NA,NA,NA,NA,15,15,0.525956284153005
"473",27007450600,NA,NA,NA,NA,18,18,0.60655737704918
"474",27007450703,NA,NA,NA,NA,13,13,0.467213114754098
"475",27007940001,NA,NA,NA,NA,11,11,0.396857923497268
"476",27007940002,NA,NA,NA,NA,8,8,0.274590163934426
"477",27009020100,NA,NA,NA,NA,24,24,0.745218579234973
"478",27009020203,NA,NA,NA,NA,6,6,0.185792349726776
"479",27009020205,NA,NA,NA,NA,7,7,0.230874316939891
"480",27009020206,NA,NA,NA,NA,4,4,0.110655737704918
"481",27009021102,NA,NA,NA,NA,20,20,0.659153005464481
"482",27009021103,NA,NA,NA,NA,11,11,0.396857923497268
"483",27009021104,NA,NA,NA,NA,5,5,0.152322404371585
"484",27009021201,NA,NA,NA,NA,48,48,0.958333333333333
"485",27011950100,NA,NA,NA,NA,11,11,0.396857923497268
"486",27011950200,NA,NA,NA,NA,19,19,0.633879781420765
"487",27011950300,NA,NA,NA,NA,32,32,0.871584699453552
"488",27013170100,NA,NA,NA,NA,9,9,0.313524590163934
"489",27013170500,NA,NA,NA,NA,25,25,0.769808743169399
"490",27013170600,NA,NA,NA,NA,10,10,0.354508196721311
"491",27013170700,NA,NA,NA,NA,29,29,0.838114754098361
"492",27013170800,NA,NA,NA,NA,7,7,0.230874316939891
"493",27013171000,NA,NA,NA,NA,20,20,0.659153005464481
"494",27013171101,NA,NA,NA,NA,7,7,0.230874316939891
"495",27013171202,NA,NA,NA,NA,2,2,0.0327868852459016
"496",27013171300,NA,NA,NA,NA,15,15,0.525956284153005
"497",27013171400,NA,NA,NA,NA,26,26,0.790300546448087
"498",27013171500,NA,NA,NA,NA,18,18,0.60655737704918
"499",27013171600,NA,NA,NA,NA,2,2,0.0327868852459016
"500",27015960101,NA,NA,NA,NA,26,26,0.790300546448087
"501",27015960102,NA,NA,NA,NA,10,10,0.354508196721311
"502",27015960200,NA,NA,NA,NA,8,8,0.274590163934426
"503",27015960300,NA,NA,NA,NA,3,3,0.0717213114754098
"504",27015960400,NA,NA,NA,NA,24,24,0.745218579234973
"505",27015960500,NA,NA,NA,NA,28,28,0.824453551912568
"506",27015960600,NA,NA,NA,NA,24,24,0.745218579234973
"507",27015960700,NA,NA,NA,NA,17,17,0.577868852459016
"508",27017070402,NA,NA,NA,NA,28,28,0.824453551912568
"509",27017070600,NA,NA,NA,NA,29,29,0.838114754098361
"510",27019090101,NA,NA,NA,NA,6,6,0.185792349726776
"511",27019090102,NA,NA,NA,NA,21,21,0.682377049180328
"512",27019090200,NA,NA,NA,NA,18,18,0.60655737704918
"513",27019090302,NA,NA,NA,NA,10,10,0.354508196721311
"514",27019090303,NA,NA,NA,NA,22,22,0.702868852459016
"515",27019090304,NA,NA,NA,NA,10,10,0.354508196721311
"516",27019090401,NA,NA,NA,NA,8,8,0.274590163934426
"517",27019090402,NA,NA,NA,NA,14,14,0.49931693989071
"518",27019090501,NA,NA,NA,NA,14,14,0.49931693989071
"519",27019090502,NA,NA,NA,NA,2,2,0.0327868852459016
"520",27019090503,NA,NA,NA,NA,3,3,0.0717213114754098
"521",27019090601,NA,NA,NA,NA,16,16,0.55396174863388
"522",27019090602,NA,NA,NA,NA,3,3,0.0717213114754098
"523",27019090702,NA,NA,NA,NA,7,7,0.230874316939891
"524",27019090703,NA,NA,NA,NA,9,9,0.313524590163934
"525",27019090704,NA,NA,NA,NA,6,6,0.185792349726776
"526",27019090801,NA,NA,NA,NA,3,3,0.0717213114754098
"527",27019090901,NA,NA,NA,NA,1,1,0
"528",27019090902,NA,NA,NA,NA,8,8,0.274590163934426
"529",27019091001,NA,NA,NA,NA,11,11,0.396857923497268
"530",27019091002,NA,NA,NA,NA,6,6,0.185792349726776
"531",27019091100,NA,NA,NA,NA,11,11,0.396857923497268
"532",27019091201,NA,NA,NA,NA,29,29,0.838114754098361
"533",27019091202,NA,NA,NA,NA,14,14,0.49931693989071
"534",27021940001,NA,NA,NA,NA,41,41,0.937158469945355
"535",27021960100,NA,NA,NA,NA,24,24,0.745218579234973
"536",27021960200,NA,NA,NA,NA,13,13,0.467213114754098
"537",27021960302,NA,NA,NA,NA,5,5,0.152322404371585
"538",27021960801,NA,NA,NA,NA,14,14,0.49931693989071
"539",27021960803,NA,NA,NA,NA,10,10,0.354508196721311
"540",27021960804,NA,NA,NA,NA,2,2,0.0327868852459016
"541",27023950400,NA,NA,NA,NA,11,11,0.396857923497268
"542",27023950500,NA,NA,NA,NA,19,19,0.633879781420765
"543",27023950601,NA,NA,NA,NA,17,17,0.577868852459016
"544",27023950602,NA,NA,NA,NA,22,22,0.702868852459016
"545",27025110201,NA,NA,NA,NA,17,17,0.577868852459016
"546",27025110202,NA,NA,NA,NA,17,17,0.577868852459016
"547",27025110301,NA,NA,NA,NA,15,15,0.525956284153005
"548",27025110302,NA,NA,NA,NA,10,10,0.354508196721311
"549",27025110402,NA,NA,NA,NA,8,8,0.274590163934426
"550",27025110403,NA,NA,NA,NA,6,6,0.185792349726776
"551",27025110404,NA,NA,NA,NA,8,8,0.274590163934426
"552",27025110501,NA,NA,NA,NA,28,28,0.824453551912568
"553",27025110503,NA,NA,NA,NA,12,12,0.435792349726776
"554",27025110504,NA,NA,NA,NA,7,7,0.230874316939891
"555",27025110600,NA,NA,NA,NA,4,4,0.110655737704918
"556",27025110700,NA,NA,NA,NA,26,26,0.790300546448087
"557",27027020300,NA,NA,NA,NA,46,46,0.954234972677596
"558",27027020400,NA,NA,NA,NA,10,10,0.354508196721311
"559",27027020500,NA,NA,NA,NA,14,14,0.49931693989071
"560",27027020600,NA,NA,NA,NA,23,23,0.726092896174863
"561",27027020700,NA,NA,NA,NA,13,13,0.467213114754098
"562",27027030106,NA,NA,NA,NA,15,15,0.525956284153005
"563",27027030107,NA,NA,NA,NA,9,9,0.313524590163934
"564",27027030108,NA,NA,NA,NA,7,7,0.230874316939891
"565",27027030109,NA,NA,NA,NA,2,2,0.0327868852459016
"566",27027030110,NA,NA,NA,NA,10,10,0.354508196721311
"567",27027030111,NA,NA,NA,NA,19,19,0.633879781420765
"568",27027030112,NA,NA,NA,NA,14,14,0.49931693989071
"569",27027030201,NA,NA,NA,NA,39,39,0.92896174863388
"570",27027030300,NA,NA,NA,NA,17,17,0.577868852459016
"571",27027030400,NA,NA,NA,NA,12,12,0.435792349726776
"572",27029000100,NA,NA,NA,NA,30,30,0.849726775956284
"573",27029000200,NA,NA,NA,NA,8,8,0.274590163934426
"574",27029000300,NA,NA,NA,NA,19,19,0.633879781420765
"575",27031480101,NA,NA,NA,NA,13,13,0.467213114754098
"576",27031480102,NA,NA,NA,NA,41,41,0.937158469945355
"577",27031480200,NA,NA,NA,NA,41,41,0.937158469945355
"578",27033270100,NA,NA,NA,NA,27,27,0.809426229508197
"579",27033270200,NA,NA,NA,NA,27,27,0.809426229508197
"580",27033270300,NA,NA,NA,NA,5,5,0.152322404371585
"581",27033270400,NA,NA,NA,NA,22,22,0.702868852459016
"582",27035950401,NA,NA,NA,NA,8,8,0.274590163934426
"583",27035950402,NA,NA,NA,NA,3,3,0.0717213114754098
"584",27035950501,NA,NA,NA,NA,10,10,0.354508196721311
"585",27035950502,NA,NA,NA,NA,16,16,0.55396174863388
"586",27035950801,NA,NA,NA,NA,7,7,0.230874316939891
"587",27035950802,NA,NA,NA,NA,9,9,0.313524590163934
"588",27035950901,NA,NA,NA,NA,7,7,0.230874316939891
"589",27035950902,NA,NA,NA,NA,7,7,0.230874316939891
"590",27035951400,NA,NA,NA,NA,10,10,0.354508196721311
"591",27035951600,NA,NA,NA,NA,19,19,0.633879781420765
"592",27037060101,NA,NA,NA,NA,4,4,0.110655737704918
"593",27037060102,NA,NA,NA,NA,7,7,0.230874316939891
"594",27037060103,NA,NA,NA,NA,5,5,0.152322404371585
"595",27037060104,NA,NA,NA,NA,20,20,0.659153005464481
"596",27037060105,NA,NA,NA,NA,25,25,0.769808743169399
"597",27037060402,NA,NA,NA,NA,20,20,0.659153005464481
"598",27037060505,NA,NA,NA,NA,27,27,0.809426229508197
"599",27037060507,NA,NA,NA,NA,5,5,0.152322404371585
"600",27037060604,NA,NA,NA,NA,7,7,0.230874316939891
"601",27037060606,NA,NA,NA,NA,3,3,0.0717213114754098
"602",27037060709,NA,NA,NA,NA,4,4,0.110655737704918
"603",27037060711,NA,NA,NA,NA,15,15,0.525956284153005
"604",27037060713,NA,NA,NA,NA,3,3,0.0717213114754098
"605",27037060714,NA,NA,NA,NA,4,4,0.110655737704918
"606",27037060716,NA,NA,NA,NA,9,9,0.313524590163934
"607",27037060717,NA,NA,NA,NA,37,37,0.913251366120219
"608",27037060721,NA,NA,NA,NA,12,12,0.435792349726776
"609",27037060726,NA,NA,NA,NA,10,10,0.354508196721311
"610",27037060727,NA,NA,NA,NA,4,4,0.110655737704918
"611",27037060729,NA,NA,NA,NA,7,7,0.230874316939891
"612",27037060732,NA,NA,NA,NA,2,2,0.0327868852459016
"613",27037060733,NA,NA,NA,NA,2,2,0.0327868852459016
"614",27037060735,NA,NA,NA,NA,10,10,0.354508196721311
"615",27037060737,NA,NA,NA,NA,4,4,0.110655737704918
"616",27037060738,NA,NA,NA,NA,7,7,0.230874316939891
"617",27037060739,NA,NA,NA,NA,10,10,0.354508196721311
"618",27037060743,NA,NA,NA,NA,1,1,0
"619",27037060744,NA,NA,NA,NA,5,5,0.152322404371585
"620",27037060745,NA,NA,NA,NA,17,17,0.577868852459016
"621",27037060746,NA,NA,NA,NA,3,3,0.0717213114754098
"622",27037060747,NA,NA,NA,NA,3,3,0.0717213114754098
"623",27037060750,NA,NA,NA,NA,5,5,0.152322404371585
"624",27037060751,NA,NA,NA,NA,1,1,0
"625",27037060753,NA,NA,NA,NA,1,1,0
"626",27037060754,NA,NA,NA,NA,2,2,0.0327868852459016
"627",27037060806,NA,NA,NA,NA,1,1,0
"628",27037060811,NA,NA,NA,NA,13,13,0.467213114754098
"629",27037060812,NA,NA,NA,NA,6,6,0.185792349726776
"630",27037060814,NA,NA,NA,NA,7,7,0.230874316939891
"631",27037060815,NA,NA,NA,NA,4,4,0.110655737704918
"632",27037060819,NA,NA,NA,NA,1,1,0
"633",27037060822,NA,NA,NA,NA,3,3,0.0717213114754098
"634",27037060823,NA,NA,NA,NA,9,9,0.313524590163934
"635",27037060824,NA,NA,NA,NA,2,2,0.0327868852459016
"636",27037060828,NA,NA,NA,NA,3,3,0.0717213114754098
"637",27037060829,NA,NA,NA,NA,1,1,0
"638",27037060830,NA,NA,NA,NA,2,2,0.0327868852459016
"639",27037060832,NA,NA,NA,NA,2,2,0.0327868852459016
"640",27037060834,NA,NA,NA,NA,5,5,0.152322404371585
"641",27037060835,NA,NA,NA,NA,11,11,0.396857923497268
"642",27037060836,NA,NA,NA,NA,20,20,0.659153005464481
"643",27037060837,NA,NA,NA,NA,9,9,0.313524590163934
"644",27037060838,NA,NA,NA,NA,4,4,0.110655737704918
"645",27037060839,NA,NA,NA,NA,2,2,0.0327868852459016
"646",27037060840,NA,NA,NA,NA,1,1,0
"647",27037060841,NA,NA,NA,NA,5,5,0.152322404371585
"648",27037060902,NA,NA,NA,NA,5,5,0.152322404371585
"649",27037060906,NA,NA,NA,NA,1,1,0
"650",27037060907,NA,NA,NA,NA,2,2,0.0327868852459016
"651",27037061001,NA,NA,NA,NA,22,22,0.702868852459016
"652",27037061003,NA,NA,NA,NA,17,17,0.577868852459016
"653",27037061005,NA,NA,NA,NA,5,5,0.152322404371585
"654",27037061007,NA,NA,NA,NA,4,4,0.110655737704918
"655",27037061008,NA,NA,NA,NA,11,11,0.396857923497268
"656",27037061009,NA,NA,NA,NA,2,2,0.0327868852459016
"657",27037061011,NA,NA,NA,NA,1,1,0
"658",27037061110,NA,NA,NA,NA,1,1,0
"659",27037061401,NA,NA,NA,NA,2,2,0.0327868852459016
"660",27037061501,NA,NA,NA,NA,8,8,0.274590163934426
"661",27037061502,NA,NA,NA,NA,9,9,0.313524590163934
"662",27039950100,NA,NA,NA,NA,9,9,0.313524590163934
"663",27039950200,NA,NA,NA,NA,22,22,0.702868852459016
"664",27039950300,NA,NA,NA,NA,13,13,0.467213114754098
"665",27039950400,NA,NA,NA,NA,17,17,0.577868852459016
"666",27039950500,NA,NA,NA,NA,17,17,0.577868852459016
"667",27041450100,NA,NA,NA,NA,13,13,0.467213114754098
"668",27041450200,NA,NA,NA,NA,31,31,0.861338797814208
"669",27041450500,NA,NA,NA,NA,15,15,0.525956284153005
"670",27041450601,NA,NA,NA,NA,23,23,0.726092896174863
"671",27041450602,NA,NA,NA,NA,4,4,0.110655737704918
"672",27041450702,NA,NA,NA,NA,31,31,0.861338797814208
"673",27041450703,NA,NA,NA,NA,27,27,0.809426229508197
"674",27041450704,NA,NA,NA,NA,18,18,0.60655737704918
"675",27041450800,NA,NA,NA,NA,19,19,0.633879781420765
"676",27041450900,NA,NA,NA,NA,9,9,0.313524590163934
"677",27041451000,NA,NA,NA,NA,16,16,0.55396174863388
"678",27043460200,NA,NA,NA,NA,28,28,0.824453551912568
"679",27043460300,NA,NA,NA,NA,15,15,0.525956284153005
"680",27043460400,NA,NA,NA,NA,47,47,0.955601092896175
"681",27043460600,NA,NA,NA,NA,31,31,0.861338797814208
"682",27045960100,NA,NA,NA,NA,21,21,0.682377049180328
"683",27045960200,NA,NA,NA,NA,12,12,0.435792349726776
"684",27045960400,NA,NA,NA,NA,23,23,0.726092896174863
"685",27045960500,NA,NA,NA,NA,20,20,0.659153005464481
"686",27045960600,NA,NA,NA,NA,16,16,0.55396174863388
"687",27047180100,NA,NA,NA,NA,13,13,0.467213114754098
"688",27047180200,NA,NA,NA,NA,22,22,0.702868852459016
"689",27047180300,NA,NA,NA,NA,18,18,0.60655737704918
"690",27047180400,NA,NA,NA,NA,3,3,0.0717213114754098
"691",27047180500,NA,NA,NA,NA,11,11,0.396857923497268
"692",27047180600,NA,NA,NA,NA,50,50,0.961748633879781
"693",27047180700,NA,NA,NA,NA,23,23,0.726092896174863
"694",27047180800,NA,NA,NA,NA,17,17,0.577868852459016
"695",27047180900,NA,NA,NA,NA,18,18,0.60655737704918
"696",27047181000,NA,NA,NA,NA,12,12,0.435792349726776
"697",27049080101,NA,NA,NA,NA,13,13,0.467213114754098
"698",27049080102,NA,NA,NA,NA,6,6,0.185792349726776
"699",27049080201,NA,NA,NA,NA,29,29,0.838114754098361
"700",27049080202,NA,NA,NA,NA,24,24,0.745218579234973
"701",27049080300,NA,NA,NA,NA,9,9,0.313524590163934
"702",27049080400,NA,NA,NA,NA,14,14,0.49931693989071
"703",27049080500,NA,NA,NA,NA,13,13,0.467213114754098
"704",27049080600,NA,NA,NA,NA,25,25,0.769808743169399
"705",27049080700,NA,NA,NA,NA,19,19,0.633879781420765
"706",27049080800,NA,NA,NA,NA,22,22,0.702868852459016
"707",27049080900,NA,NA,NA,NA,28,28,0.824453551912568
"708",27051070100,NA,NA,NA,NA,20,20,0.659153005464481
"709",27051070200,NA,NA,NA,NA,33,33,0.877732240437158
"710",27053000300,NA,NA,NA,NA,1,1,0
"711",27053000603,NA,NA,NA,NA,6,6,0.185792349726776
"712",27053002700,NA,NA,NA,NA,5,5,0.152322404371585
"713",27053003200,NA,NA,NA,NA,2,2,0.0327868852459016
"714",27053005901,NA,NA,NA,NA,3,3,0.0717213114754098
"715",27053008100,NA,NA,NA,NA,9,9,0.313524590163934
"716",27053009500,NA,NA,NA,NA,10,10,0.354508196721311
"717",27053009600,NA,NA,NA,NA,4,4,0.110655737704918
"718",27053010600,NA,NA,NA,NA,8,8,0.274590163934426
"719",27053010700,NA,NA,NA,NA,4,4,0.110655737704918
"720",27053011000,NA,NA,NA,NA,11,11,0.396857923497268
"721",27053011703,NA,NA,NA,NA,5,5,0.152322404371585
"722",27053011800,NA,NA,NA,NA,5,5,0.152322404371585
"723",27053011998,NA,NA,NA,NA,13,13,0.467213114754098
"724",27053012102,NA,NA,NA,NA,18,18,0.60655737704918
"725",27053020101,NA,NA,NA,NA,6,6,0.185792349726776
"726",27053020102,NA,NA,NA,NA,23,23,0.726092896174863
"727",27053020202,NA,NA,NA,NA,12,12,0.435792349726776
"728",27053020801,NA,NA,NA,NA,1,1,0
"729",27053020804,NA,NA,NA,NA,12,12,0.435792349726776
"730",27053020902,NA,NA,NA,NA,4,4,0.110655737704918
"731",27053020903,NA,NA,NA,NA,5,5,0.152322404371585
"732",27053021001,NA,NA,NA,NA,18,18,0.60655737704918
"733",27053021300,NA,NA,NA,NA,22,22,0.702868852459016
"734",27053021400,NA,NA,NA,NA,5,5,0.152322404371585
"735",27053021501,NA,NA,NA,NA,9,9,0.313524590163934
"736",27053021502,NA,NA,NA,NA,13,13,0.467213114754098
"737",27053021503,NA,NA,NA,NA,22,22,0.702868852459016
"738",27053021504,NA,NA,NA,NA,18,18,0.60655737704918
"739",27053021601,NA,NA,NA,NA,18,18,0.60655737704918
"740",27053021800,NA,NA,NA,NA,9,9,0.313524590163934
"741",27053021900,NA,NA,NA,NA,51,51,0.96379781420765
"742",27053022000,NA,NA,NA,NA,12,12,0.435792349726776
"743",27053022101,NA,NA,NA,NA,18,18,0.60655737704918
"744",27053022102,NA,NA,NA,NA,6,6,0.185792349726776
"745",27053022200,NA,NA,NA,NA,12,12,0.435792349726776
"746",27053023201,NA,NA,NA,NA,7,7,0.230874316939891
"747",27053023501,NA,NA,NA,NA,12,12,0.435792349726776
"748",27053023502,NA,NA,NA,NA,21,21,0.682377049180328
"749",27053023600,NA,NA,NA,NA,52,52,0.966530054644809
"750",27053023700,NA,NA,NA,NA,13,13,0.467213114754098
"751",27053023801,NA,NA,NA,NA,12,12,0.435792349726776
"752",27053023901,NA,NA,NA,NA,3,3,0.0717213114754098
"753",27053023902,NA,NA,NA,NA,2,2,0.0327868852459016
"754",27053023903,NA,NA,NA,NA,17,17,0.577868852459016
"755",27053024003,NA,NA,NA,NA,13,13,0.467213114754098
"756",27053024006,NA,NA,NA,NA,2,2,0.0327868852459016
"757",27053024300,NA,NA,NA,NA,13,13,0.467213114754098
"758",27053024400,NA,NA,NA,NA,18,18,0.60655737704918
"759",27053024500,NA,NA,NA,NA,4,4,0.110655737704918
"760",27053024600,NA,NA,NA,NA,17,17,0.577868852459016
"761",27053024802,NA,NA,NA,NA,5,5,0.152322404371585
"762",27053024903,NA,NA,NA,NA,4,4,0.110655737704918
"763",27053025201,NA,NA,NA,NA,9,9,0.313524590163934
"764",27053025205,NA,NA,NA,NA,12,12,0.435792349726776
"765",27053025302,NA,NA,NA,NA,10,10,0.354508196721311
"766",27053025603,NA,NA,NA,NA,6,6,0.185792349726776
"767",27053025605,NA,NA,NA,NA,25,25,0.769808743169399
"768",27053025703,NA,NA,NA,NA,4,4,0.110655737704918
"769",27053025704,NA,NA,NA,NA,6,6,0.185792349726776
"770",27053025802,NA,NA,NA,NA,1,1,0
"771",27053025803,NA,NA,NA,NA,9,9,0.313524590163934
"772",27053025905,NA,NA,NA,NA,3,3,0.0717213114754098
"773",27053025906,NA,NA,NA,NA,3,3,0.0717213114754098
"774",27053025908,NA,NA,NA,NA,7,7,0.230874316939891
"775",27053025909,NA,NA,NA,NA,3,3,0.0717213114754098
"776",27053026005,NA,NA,NA,NA,4,4,0.110655737704918
"777",27053026006,NA,NA,NA,NA,2,2,0.0327868852459016
"778",27053026007,NA,NA,NA,NA,30,30,0.849726775956284
"779",27053026013,NA,NA,NA,NA,1,1,0
"780",27053026014,NA,NA,NA,NA,3,3,0.0717213114754098
"781",27053026015,NA,NA,NA,NA,16,16,0.55396174863388
"782",27053026019,NA,NA,NA,NA,9,9,0.313524590163934
"783",27053026020,NA,NA,NA,NA,11,11,0.396857923497268
"784",27053026021,NA,NA,NA,NA,2,2,0.0327868852459016
"785",27053026023,NA,NA,NA,NA,8,8,0.274590163934426
"786",27053026024,NA,NA,NA,NA,1,1,0
"787",27053026025,NA,NA,NA,NA,2,2,0.0327868852459016
"788",27053026026,NA,NA,NA,NA,1,1,0
"789",27053026027,NA,NA,NA,NA,1,1,0
"790",27053026101,NA,NA,NA,NA,4,4,0.110655737704918
"791",27053026205,NA,NA,NA,NA,3,3,0.0717213114754098
"792",27053026206,NA,NA,NA,NA,7,7,0.230874316939891
"793",27053026207,NA,NA,NA,NA,4,4,0.110655737704918
"794",27053026208,NA,NA,NA,NA,11,11,0.396857923497268
"795",27053026301,NA,NA,NA,NA,20,20,0.659153005464481
"796",27053026403,NA,NA,NA,NA,13,13,0.467213114754098
"797",27053026404,NA,NA,NA,NA,25,25,0.769808743169399
"798",27053026405,NA,NA,NA,NA,7,7,0.230874316939891
"799",27053026406,NA,NA,NA,NA,8,8,0.274590163934426
"800",27053026505,NA,NA,NA,NA,1,1,0
"801",27053026507,NA,NA,NA,NA,26,26,0.790300546448087
"802",27053026508,NA,NA,NA,NA,12,12,0.435792349726776
"803",27053026509,NA,NA,NA,NA,1,1,0
"804",27053026510,NA,NA,NA,NA,13,13,0.467213114754098
"805",27053026511,NA,NA,NA,NA,14,14,0.49931693989071
"806",27053026514,NA,NA,NA,NA,38,38,0.922131147540984
"807",27053026515,NA,NA,NA,NA,1,1,0
"808",27053026516,NA,NA,NA,NA,21,21,0.682377049180328
"809",27053026605,NA,NA,NA,NA,8,8,0.274590163934426
"810",27053026606,NA,NA,NA,NA,5,5,0.152322404371585
"811",27053026609,NA,NA,NA,NA,4,4,0.110655737704918
"812",27053026610,NA,NA,NA,NA,9,9,0.313524590163934
"813",27053026611,NA,NA,NA,NA,2,2,0.0327868852459016
"814",27053026614,NA,NA,NA,NA,5,5,0.152322404371585
"815",27053026615,NA,NA,NA,NA,3,3,0.0717213114754098
"816",27053026616,NA,NA,NA,NA,7,7,0.230874316939891
"817",27053026617,NA,NA,NA,NA,4,4,0.110655737704918
"818",27053026702,NA,NA,NA,NA,22,22,0.702868852459016
"819",27053026707,NA,NA,NA,NA,5,5,0.152322404371585
"820",27053026708,NA,NA,NA,NA,7,7,0.230874316939891
"821",27053026711,NA,NA,NA,NA,1,1,0
"822",27053026712,NA,NA,NA,NA,3,3,0.0717213114754098
"823",27053026713,NA,NA,NA,NA,4,4,0.110655737704918
"824",27053026717,NA,NA,NA,NA,5,5,0.152322404371585
"825",27053026718,NA,NA,NA,NA,1,1,0
"826",27053026719,NA,NA,NA,NA,6,6,0.185792349726776
"827",27053026720,NA,NA,NA,NA,1,1,0
"828",27053026721,NA,NA,NA,NA,1,1,0
"829",27053026722,NA,NA,NA,NA,5,5,0.152322404371585
"830",27053026723,NA,NA,NA,NA,7,7,0.230874316939891
"831",27053026724,NA,NA,NA,NA,11,11,0.396857923497268
"832",27053026725,NA,NA,NA,NA,1,1,0
"833",27053026726,NA,NA,NA,NA,26,26,0.790300546448087
"834",27053026807,NA,NA,NA,NA,21,21,0.682377049180328
"835",27053026809,NA,NA,NA,NA,8,8,0.274590163934426
"836",27053026812,NA,NA,NA,NA,8,8,0.274590163934426
"837",27053026814,NA,NA,NA,NA,6,6,0.185792349726776
"838",27053026815,NA,NA,NA,NA,5,5,0.152322404371585
"839",27053026816,NA,NA,NA,NA,14,14,0.49931693989071
"840",27053026818,NA,NA,NA,NA,12,12,0.435792349726776
"841",27053026819,NA,NA,NA,NA,7,7,0.230874316939891
"842",27053026824,NA,NA,NA,NA,1,1,0
"843",27053026826,NA,NA,NA,NA,1,1,0
"844",27053026903,NA,NA,NA,NA,11,11,0.396857923497268
"845",27053026906,NA,NA,NA,NA,4,4,0.110655737704918
"846",27053026907,NA,NA,NA,NA,3,3,0.0717213114754098
"847",27053026908,NA,NA,NA,NA,2,2,0.0327868852459016
"848",27053026910,NA,NA,NA,NA,14,14,0.49931693989071
"849",27053026911,NA,NA,NA,NA,11,11,0.396857923497268
"850",27053026912,NA,NA,NA,NA,28,28,0.824453551912568
"851",27053027001,NA,NA,NA,NA,15,15,0.525956284153005
"852",27053027002,NA,NA,NA,NA,23,23,0.726092896174863
"853",27053027102,NA,NA,NA,NA,20,20,0.659153005464481
"854",27053027202,NA,NA,NA,NA,21,21,0.682377049180328
"855",27053027205,NA,NA,NA,NA,28,28,0.824453551912568
"856",27053027300,NA,NA,NA,NA,57,57,0.978825136612022
"857",27053027400,NA,NA,NA,NA,15,15,0.525956284153005
"858",27053027501,NA,NA,NA,NA,57,57,0.978825136612022
"859",27053027503,NA,NA,NA,NA,33,33,0.877732240437158
"860",27053027504,NA,NA,NA,NA,7,7,0.230874316939891
"861",27053027701,NA,NA,NA,NA,11,11,0.396857923497268
"862",27053027702,NA,NA,NA,NA,7,7,0.230874316939891
"863",27053027703,NA,NA,NA,NA,14,14,0.49931693989071
"864",27053100200,NA,NA,NA,NA,9,9,0.313524590163934
"865",27053100400,NA,NA,NA,NA,9,9,0.313524590163934
"866",27053100700,NA,NA,NA,NA,6,6,0.185792349726776
"867",27053100800,NA,NA,NA,NA,10,10,0.354508196721311
"868",27053100900,NA,NA,NA,NA,9,9,0.313524590163934
"869",27053101300,NA,NA,NA,NA,10,10,0.354508196721311
"870",27053102000,NA,NA,NA,NA,6,6,0.185792349726776
"871",27053102800,NA,NA,NA,NA,14,14,0.49931693989071
"872",27053104400,NA,NA,NA,NA,33,33,0.877732240437158
"873",27053104902,NA,NA,NA,NA,21,21,0.682377049180328
"874",27053105204,NA,NA,NA,NA,12,12,0.435792349726776
"875",27053105400,NA,NA,NA,NA,24,24,0.745218579234973
"876",27053106000,NA,NA,NA,NA,7,7,0.230874316939891
"877",27053106400,NA,NA,NA,NA,6,6,0.185792349726776
"878",27053107600,NA,NA,NA,NA,11,11,0.396857923497268
"879",27053108000,NA,NA,NA,NA,14,14,0.49931693989071
"880",27053108900,NA,NA,NA,NA,6,6,0.185792349726776
"881",27053109000,NA,NA,NA,NA,6,6,0.185792349726776
"882",27053109100,NA,NA,NA,NA,23,23,0.726092896174863
"883",27053109200,NA,NA,NA,NA,11,11,0.396857923497268
"884",27053109300,NA,NA,NA,NA,11,11,0.396857923497268
"885",27053109400,NA,NA,NA,NA,2,2,0.0327868852459016
"886",27053109700,NA,NA,NA,NA,4,4,0.110655737704918
"887",27053109800,NA,NA,NA,NA,13,13,0.467213114754098
"888",27053109900,NA,NA,NA,NA,21,21,0.682377049180328
"889",27053110000,NA,NA,NA,NA,3,3,0.0717213114754098
"890",27053110100,NA,NA,NA,NA,6,6,0.185792349726776
"891",27053110200,NA,NA,NA,NA,6,6,0.185792349726776
"892",27053110400,NA,NA,NA,NA,8,8,0.274590163934426
"893",27053110500,NA,NA,NA,NA,17,17,0.577868852459016
"894",27053110800,NA,NA,NA,NA,9,9,0.313524590163934
"895",27053110900,NA,NA,NA,NA,9,9,0.313524590163934
"896",27053111100,NA,NA,NA,NA,4,4,0.110655737704918
"897",27053111200,NA,NA,NA,NA,9,9,0.313524590163934
"898",27053111600,NA,NA,NA,NA,5,5,0.152322404371585
"899",27053125700,NA,NA,NA,NA,8,8,0.274590163934426
"900",27053980100,NA,NA,NA,NA,35,35,0.898224043715847
"901",27055020100,NA,NA,NA,NA,20,20,0.659153005464481
"902",27055020200,NA,NA,NA,NA,9,9,0.313524590163934
"903",27055020300,NA,NA,NA,NA,12,12,0.435792349726776
"904",27055020900,NA,NA,NA,NA,18,18,0.60655737704918
"905",27057070100,NA,NA,NA,NA,8,8,0.274590163934426
"906",27057070200,NA,NA,NA,NA,15,15,0.525956284153005
"907",27057070300,NA,NA,NA,NA,3,3,0.0717213114754098
"908",27057070400,NA,NA,NA,NA,11,11,0.396857923497268
"909",27057070600,NA,NA,NA,NA,28,28,0.824453551912568
"910",27057070700,NA,NA,NA,NA,4,4,0.110655737704918
"911",27059130100,NA,NA,NA,NA,13,13,0.467213114754098
"912",27059130200,NA,NA,NA,NA,24,24,0.745218579234973
"913",27059130303,NA,NA,NA,NA,7,7,0.230874316939891
"914",27059130304,NA,NA,NA,NA,18,18,0.60655737704918
"915",27059130502,NA,NA,NA,NA,9,9,0.313524590163934
"916",27061480101,NA,NA,NA,NA,24,24,0.745218579234973
"917",27061480102,NA,NA,NA,NA,6,6,0.185792349726776
"918",27061480302,NA,NA,NA,NA,25,25,0.769808743169399
"919",27061480303,NA,NA,NA,NA,2,2,0.0327868852459016
"920",27061480401,NA,NA,NA,NA,18,18,0.60655737704918
"921",27061480402,NA,NA,NA,NA,9,9,0.313524590163934
"922",27061480403,NA,NA,NA,NA,2,2,0.0327868852459016
"923",27061480500,NA,NA,NA,NA,33,33,0.877732240437158
"924",27061480600,NA,NA,NA,NA,16,16,0.55396174863388
"925",27061480701,NA,NA,NA,NA,7,7,0.230874316939891
"926",27061480702,NA,NA,NA,NA,11,11,0.396857923497268
"927",27061480801,NA,NA,NA,NA,7,7,0.230874316939891
"928",27061480803,NA,NA,NA,NA,27,27,0.809426229508197
"929",27061480804,NA,NA,NA,NA,7,7,0.230874316939891
"930",27061480805,NA,NA,NA,NA,31,31,0.861338797814208
"931",27061480901,NA,NA,NA,NA,8,8,0.274590163934426
"932",27061480902,NA,NA,NA,NA,53,53,0.969262295081967
"933",27061481001,NA,NA,NA,NA,14,14,0.49931693989071
"934",27061481002,NA,NA,NA,NA,32,32,0.871584699453552
"935",27061940000,NA,NA,NA,NA,17,17,0.577868852459016
"936",27063480100,NA,NA,NA,NA,12,12,0.435792349726776
"937",27063480200,NA,NA,NA,NA,17,17,0.577868852459016
"938",27063480300,NA,NA,NA,NA,22,22,0.702868852459016
"939",27063480400,NA,NA,NA,NA,28,28,0.824453551912568
"940",27065480100,NA,NA,NA,NA,3,3,0.0717213114754098
"941",27065480200,NA,NA,NA,NA,8,8,0.274590163934426
"942",27065480300,NA,NA,NA,NA,27,27,0.809426229508197
"943",27065480400,NA,NA,NA,NA,10,10,0.354508196721311
"944",27067780100,NA,NA,NA,NA,8,8,0.274590163934426
"945",27067780200,NA,NA,NA,NA,11,11,0.396857923497268
"946",27067780300,NA,NA,NA,NA,20,20,0.659153005464481
"947",27067780400,NA,NA,NA,NA,26,26,0.790300546448087
"948",27067780600,NA,NA,NA,NA,13,13,0.467213114754098
"949",27067781000,NA,NA,NA,NA,38,38,0.922131147540984
"950",27067781100,NA,NA,NA,NA,20,20,0.659153005464481
"951",27067781200,NA,NA,NA,NA,16,16,0.55396174863388
"952",27069090100,NA,NA,NA,NA,28,28,0.824453551912568
"953",27069090200,NA,NA,NA,NA,40,40,0.931693989071038
"954",27071790100,NA,NA,NA,NA,19,19,0.633879781420765
"955",27071790201,NA,NA,NA,NA,4,4,0.110655737704918
"956",27071790202,NA,NA,NA,NA,55,55,0.974726775956284
"957",27073180100,NA,NA,NA,NA,33,33,0.877732240437158
"958",27073180200,NA,NA,NA,NA,10,10,0.354508196721311
"959",27073180300,NA,NA,NA,NA,26,26,0.790300546448087
"960",27075370102,NA,NA,NA,NA,25,25,0.769808743169399
"961",27075370400,NA,NA,NA,NA,57,57,0.978825136612022
"962",27077460300,NA,NA,NA,NA,40,40,0.931693989071038
"963",27077460401,NA,NA,NA,NA,5,5,0.152322404371585
"964",27077460402,NA,NA,NA,NA,13,13,0.467213114754098
"965",27079950101,NA,NA,NA,NA,10,10,0.354508196721311
"966",27079950102,NA,NA,NA,NA,2,2,0.0327868852459016
"967",27079950400,NA,NA,NA,NA,27,27,0.809426229508197
"968",27079950500,NA,NA,NA,NA,17,17,0.577868852459016
"969",27081201001,NA,NA,NA,NA,23,23,0.726092896174863
"970",27081201002,NA,NA,NA,NA,29,29,0.838114754098361
"971",27083360100,NA,NA,NA,NA,26,26,0.790300546448087
"972",27083360200,NA,NA,NA,NA,8,8,0.274590163934426
"973",27083360300,NA,NA,NA,NA,19,19,0.633879781420765
"974",27083360400,NA,NA,NA,NA,23,23,0.726092896174863
"975",27083360500,NA,NA,NA,NA,32,32,0.871584699453552
"976",27083360600,NA,NA,NA,NA,20,20,0.659153005464481
"977",27083360700,NA,NA,NA,NA,38,38,0.922131147540984
"978",27085950100,NA,NA,NA,NA,26,26,0.790300546448087
"979",27085950200,NA,NA,NA,NA,9,9,0.313524590163934
"980",27085950301,NA,NA,NA,NA,21,21,0.682377049180328
"981",27085950302,NA,NA,NA,NA,6,6,0.185792349726776
"982",27085950401,NA,NA,NA,NA,19,19,0.633879781420765
"983",27085950402,NA,NA,NA,NA,15,15,0.525956284153005
"984",27085950500,NA,NA,NA,NA,21,21,0.682377049180328
"985",27085950600,NA,NA,NA,NA,21,21,0.682377049180328
"986",27085950700,NA,NA,NA,NA,45,45,0.950136612021858
"987",27087940100,NA,NA,NA,NA,39,39,0.92896174863388
"988",27087940300,NA,NA,NA,NA,11,11,0.396857923497268
"989",27089080100,NA,NA,NA,NA,12,12,0.435792349726776
"990",27089080200,NA,NA,NA,NA,12,12,0.435792349726776
"991",27089080300,NA,NA,NA,NA,22,22,0.702868852459016
"992",27089080400,NA,NA,NA,NA,24,24,0.745218579234973
"993",27091790300,NA,NA,NA,NA,18,18,0.60655737704918
"994",27091790400,NA,NA,NA,NA,10,10,0.354508196721311
"995",27091790501,NA,NA,NA,NA,9,9,0.313524590163934
"996",27091790502,NA,NA,NA,NA,12,12,0.435792349726776
"997",27091790600,NA,NA,NA,NA,54,54,0.971311475409836
"998",27093560100,NA,NA,NA,NA,16,16,0.55396174863388
"999",27093560300,NA,NA,NA,NA,12,12,0.435792349726776
"1000",27093560500,NA,NA,NA,NA,9,9,0.313524590163934
"1001",27093560600,NA,NA,NA,NA,21,21,0.682377049180328
"1002",27095170400,NA,NA,NA,NA,16,16,0.55396174863388
"1003",27095170500,NA,NA,NA,NA,35,35,0.898224043715847
"1004",27095170600,NA,NA,NA,NA,2,2,0.0327868852459016
"1005",27095170700,NA,NA,NA,NA,25,25,0.769808743169399
"1006",27095970100,NA,NA,NA,NA,15,15,0.525956284153005
"1007",27095970200,NA,NA,NA,NA,32,32,0.871584699453552
"1008",27095970300,NA,NA,NA,NA,13,13,0.467213114754098
"1009",27097780100,NA,NA,NA,NA,28,28,0.824453551912568
"1010",27097780200,NA,NA,NA,NA,34,34,0.889344262295082
"1011",27097780300,NA,NA,NA,NA,15,15,0.525956284153005
"1012",27097780400,NA,NA,NA,NA,17,17,0.577868852459016
"1013",27097780500,NA,NA,NA,NA,25,25,0.769808743169399
"1014",27097780600,NA,NA,NA,NA,29,29,0.838114754098361
"1015",27097780700,NA,NA,NA,NA,12,12,0.435792349726776
"1016",27097780800,NA,NA,NA,NA,30,30,0.849726775956284
"1017",27099000100,NA,NA,NA,NA,23,23,0.726092896174863
"1018",27099000200,NA,NA,NA,NA,5,5,0.152322404371585
"1019",27099000300,NA,NA,NA,NA,24,24,0.745218579234973
"1020",27099000410,NA,NA,NA,NA,43,43,0.943306010928962
"1021",27099000600,NA,NA,NA,NA,6,6,0.185792349726776
"1022",27099000800,NA,NA,NA,NA,7,7,0.230874316939891
"1023",27099000900,NA,NA,NA,NA,10,10,0.354508196721311
"1024",27099001000,NA,NA,NA,NA,23,23,0.726092896174863
"1025",27099001200,NA,NA,NA,NA,13,13,0.467213114754098
"1026",27099001300,NA,NA,NA,NA,21,21,0.682377049180328
"1027",27099001400,NA,NA,NA,NA,15,15,0.525956284153005
"1028",27101900100,NA,NA,NA,NA,4,4,0.110655737704918
"1029",27101900300,NA,NA,NA,NA,26,26,0.790300546448087
"1030",27103480100,NA,NA,NA,NA,15,15,0.525956284153005
"1031",27103480200,NA,NA,NA,NA,20,20,0.659153005464481
"1032",27103480300,NA,NA,NA,NA,12,12,0.435792349726776
"1033",27103480400,NA,NA,NA,NA,19,19,0.633879781420765
"1034",27103480501,NA,NA,NA,NA,12,12,0.435792349726776
"1035",27103480502,NA,NA,NA,NA,7,7,0.230874316939891
"1036",27103480600,NA,NA,NA,NA,16,16,0.55396174863388
"1037",27105105100,NA,NA,NA,NA,21,21,0.682377049180328
"1038",27105105200,NA,NA,NA,NA,27,27,0.809426229508197
"1039",27105105300,NA,NA,NA,NA,17,17,0.577868852459016
"1040",27107960100,NA,NA,NA,NA,23,23,0.726092896174863
"1041",27107960200,NA,NA,NA,NA,27,27,0.809426229508197
"1042",27107960300,NA,NA,NA,NA,40,40,0.931693989071038
"1043",27109000200,NA,NA,NA,NA,11,11,0.396857923497268
"1044",27109000300,NA,NA,NA,NA,14,14,0.49931693989071
"1045",27109000901,NA,NA,NA,NA,9,9,0.313524590163934
"1046",27109000902,NA,NA,NA,NA,9,9,0.313524590163934
"1047",27109000903,NA,NA,NA,NA,16,16,0.55396174863388
"1048",27109001000,NA,NA,NA,NA,32,32,0.871584699453552
"1049",27109001100,NA,NA,NA,NA,19,19,0.633879781420765
"1050",27109001202,NA,NA,NA,NA,10,10,0.354508196721311
"1051",27109001203,NA,NA,NA,NA,11,11,0.396857923497268
"1052",27109001302,NA,NA,NA,NA,3,3,0.0717213114754098
"1053",27109001403,NA,NA,NA,NA,8,8,0.274590163934426
"1054",27109001404,NA,NA,NA,NA,1,1,0
"1055",27109001501,NA,NA,NA,NA,6,6,0.185792349726776
"1056",27109001502,NA,NA,NA,NA,4,4,0.110655737704918
"1057",27109001601,NA,NA,NA,NA,10,10,0.354508196721311
"1058",27109001602,NA,NA,NA,NA,4,4,0.110655737704918
"1059",27109001603,NA,NA,NA,NA,6,6,0.185792349726776
"1060",27109001701,NA,NA,NA,NA,8,8,0.274590163934426
"1061",27109001702,NA,NA,NA,NA,3,3,0.0717213114754098
"1062",27109001703,NA,NA,NA,NA,8,8,0.274590163934426
"1063",27109001901,NA,NA,NA,NA,4,4,0.110655737704918
"1064",27109002000,NA,NA,NA,NA,19,19,0.633879781420765
"1065",27109002100,NA,NA,NA,NA,33,33,0.877732240437158
"1066",27109002200,NA,NA,NA,NA,17,17,0.577868852459016
"1067",27109002300,NA,NA,NA,NA,6,6,0.185792349726776
"1068",27111960102,NA,NA,NA,NA,2,2,0.0327868852459016
"1069",27111960103,NA,NA,NA,NA,6,6,0.185792349726776
"1070",27111960300,NA,NA,NA,NA,15,15,0.525956284153005
"1071",27111960400,NA,NA,NA,NA,1,1,0
"1072",27111960700,NA,NA,NA,NA,12,12,0.435792349726776
"1073",27111960800,NA,NA,NA,NA,11,11,0.396857923497268
"1074",27111960900,NA,NA,NA,NA,47,47,0.955601092896175
"1075",27111961000,NA,NA,NA,NA,35,35,0.898224043715847
"1076",27111961100,NA,NA,NA,NA,10,10,0.354508196721311
"1077",27111961200,NA,NA,NA,NA,22,22,0.702868852459016
"1078",27111961300,NA,NA,NA,NA,8,8,0.274590163934426
"1079",27111961400,NA,NA,NA,NA,9,9,0.313524590163934
"1080",27111961500,NA,NA,NA,NA,15,15,0.525956284153005
"1081",27111961600,NA,NA,NA,NA,7,7,0.230874316939891
"1082",27111961700,NA,NA,NA,NA,14,14,0.49931693989071
"1083",27113090100,NA,NA,NA,NA,4,4,0.110655737704918
"1084",27113090200,NA,NA,NA,NA,14,14,0.49931693989071
"1085",27113090300,NA,NA,NA,NA,11,11,0.396857923497268
"1086",27113090400,NA,NA,NA,NA,38,38,0.922131147540984
"1087",27113090500,NA,NA,NA,NA,7,7,0.230874316939891
"1088",27115950100,NA,NA,NA,NA,10,10,0.354508196721311
"1089",27115950200,NA,NA,NA,NA,6,6,0.185792349726776
"1090",27115950300,NA,NA,NA,NA,18,18,0.60655737704918
"1091",27115950401,NA,NA,NA,NA,11,11,0.396857923497268
"1092",27115950500,NA,NA,NA,NA,24,24,0.745218579234973
"1093",27115950800,NA,NA,NA,NA,8,8,0.274590163934426
"1094",27117460100,NA,NA,NA,NA,10,10,0.354508196721311
"1095",27117460200,NA,NA,NA,NA,51,51,0.96379781420765
"1096",27117460300,NA,NA,NA,NA,23,23,0.726092896174863
"1097",27117460400,NA,NA,NA,NA,6,6,0.185792349726776
"1098",27117460500,NA,NA,NA,NA,6,6,0.185792349726776
"1099",27119020100,NA,NA,NA,NA,62,62,0.987021857923497
"1100",27119020200,NA,NA,NA,NA,65,65,0.988387978142076
"1101",27119020300,NA,NA,NA,NA,24,24,0.745218579234973
"1102",27119020400,NA,NA,NA,NA,12,12,0.435792349726776
"1103",27119020500,NA,NA,NA,NA,18,18,0.60655737704918
"1104",27119020600,NA,NA,NA,NA,30,30,0.849726775956284
"1105",27119020700,NA,NA,NA,NA,36,36,0.906420765027322
"1106",27119020800,NA,NA,NA,NA,13,13,0.467213114754098
"1107",27119020900,NA,NA,NA,NA,34,34,0.889344262295082
"1108",27119021000,NA,NA,NA,NA,29,29,0.838114754098361
"1109",27121970100,NA,NA,NA,NA,7,7,0.230874316939891
"1110",27121970200,NA,NA,NA,NA,18,18,0.60655737704918
"1111",27121970300,NA,NA,NA,NA,16,16,0.55396174863388
"1112",27121970400,NA,NA,NA,NA,36,36,0.906420765027322
"1113",27123030400,NA,NA,NA,NA,10,10,0.354508196721311
"1114",27123030500,NA,NA,NA,NA,15,15,0.525956284153005
"1115",27123030702,NA,NA,NA,NA,11,11,0.396857923497268
"1116",27123030703,NA,NA,NA,NA,6,6,0.185792349726776
"1117",27123030704,NA,NA,NA,NA,3,3,0.0717213114754098
"1118",27123030800,NA,NA,NA,NA,8,8,0.274590163934426
"1119",27123031200,NA,NA,NA,NA,7,7,0.230874316939891
"1120",27123031300,NA,NA,NA,NA,24,24,0.745218579234973
"1121",27123031400,NA,NA,NA,NA,10,10,0.354508196721311
"1122",27123031702,NA,NA,NA,NA,6,6,0.185792349726776
"1123",27123031801,NA,NA,NA,NA,10,10,0.354508196721311
"1124",27123031802,NA,NA,NA,NA,4,4,0.110655737704918
"1125",27123032400,NA,NA,NA,NA,7,7,0.230874316939891
"1126",27123032500,NA,NA,NA,NA,10,10,0.354508196721311
"1127",27123032600,NA,NA,NA,NA,2,2,0.0327868852459016
"1128",27123032700,NA,NA,NA,NA,11,11,0.396857923497268
"1129",27123033500,NA,NA,NA,NA,6,6,0.185792349726776
"1130",27123033600,NA,NA,NA,NA,7,7,0.230874316939891
"1131",27123033700,NA,NA,NA,NA,5,5,0.152322404371585
"1132",27123033800,NA,NA,NA,NA,4,4,0.110655737704918
"1133",27123033900,NA,NA,NA,NA,4,4,0.110655737704918
"1134",27123034000,NA,NA,NA,NA,6,6,0.185792349726776
"1135",27123034201,NA,NA,NA,NA,21,21,0.682377049180328
"1136",27123034203,NA,NA,NA,NA,10,10,0.354508196721311
"1137",27123034204,NA,NA,NA,NA,20,20,0.659153005464481
"1138",27123034702,NA,NA,NA,NA,4,4,0.110655737704918
"1139",27123034900,NA,NA,NA,NA,17,17,0.577868852459016
"1140",27123035100,NA,NA,NA,NA,12,12,0.435792349726776
"1141",27123035500,NA,NA,NA,NA,4,4,0.110655737704918
"1142",27123035700,NA,NA,NA,NA,4,4,0.110655737704918
"1143",27123035800,NA,NA,NA,NA,6,6,0.185792349726776
"1144",27123035900,NA,NA,NA,NA,17,17,0.577868852459016
"1145",27123036300,NA,NA,NA,NA,10,10,0.354508196721311
"1146",27123036400,NA,NA,NA,NA,9,9,0.313524590163934
"1147",27123036500,NA,NA,NA,NA,15,15,0.525956284153005
"1148",27123036600,NA,NA,NA,NA,8,8,0.274590163934426
"1149",27123037100,NA,NA,NA,NA,18,18,0.60655737704918
"1150",27123037200,NA,NA,NA,NA,8,8,0.274590163934426
"1151",27123037500,NA,NA,NA,NA,22,22,0.702868852459016
"1152",27123037601,NA,NA,NA,NA,14,14,0.49931693989071
"1153",27123037603,NA,NA,NA,NA,7,7,0.230874316939891
"1154",27123037604,NA,NA,NA,NA,6,6,0.185792349726776
"1155",27123040102,NA,NA,NA,NA,14,14,0.49931693989071
"1156",27123040200,NA,NA,NA,NA,20,20,0.659153005464481
"1157",27123040301,NA,NA,NA,NA,3,3,0.0717213114754098
"1158",27123040302,NA,NA,NA,NA,11,11,0.396857923497268
"1159",27123040401,NA,NA,NA,NA,8,8,0.274590163934426
"1160",27123040402,NA,NA,NA,NA,17,17,0.577868852459016
"1161",27123040502,NA,NA,NA,NA,12,12,0.435792349726776
"1162",27123040605,NA,NA,NA,NA,9,9,0.313524590163934
"1163",27123040606,NA,NA,NA,NA,17,17,0.577868852459016
"1164",27123040704,NA,NA,NA,NA,36,36,0.906420765027322
"1165",27123040705,NA,NA,NA,NA,6,6,0.185792349726776
"1166",27123040706,NA,NA,NA,NA,2,2,0.0327868852459016
"1167",27123040707,NA,NA,NA,NA,15,15,0.525956284153005
"1168",27123040709,NA,NA,NA,NA,6,6,0.185792349726776
"1169",27123040804,NA,NA,NA,NA,14,14,0.49931693989071
"1170",27123040901,NA,NA,NA,NA,4,4,0.110655737704918
"1171",27123040902,NA,NA,NA,NA,22,22,0.702868852459016
"1172",27123041001,NA,NA,NA,NA,9,9,0.313524590163934
"1173",27123041103,NA,NA,NA,NA,17,17,0.577868852459016
"1174",27123041104,NA,NA,NA,NA,5,5,0.152322404371585
"1175",27123041301,NA,NA,NA,NA,14,14,0.49931693989071
"1176",27123041302,NA,NA,NA,NA,108,108,0.997950819672131
"1177",27123041400,NA,NA,NA,NA,12,12,0.435792349726776
"1178",27123041500,NA,NA,NA,NA,6,6,0.185792349726776
"1179",27123041601,NA,NA,NA,NA,10,10,0.354508196721311
"1180",27123041602,NA,NA,NA,NA,7,7,0.230874316939891
"1181",27123042001,NA,NA,NA,NA,21,21,0.682377049180328
"1182",27123042101,NA,NA,NA,NA,31,31,0.861338797814208
"1183",27123042102,NA,NA,NA,NA,11,11,0.396857923497268
"1184",27123042201,NA,NA,NA,NA,8,8,0.274590163934426
"1185",27123042202,NA,NA,NA,NA,6,6,0.185792349726776
"1186",27123042301,NA,NA,NA,NA,8,8,0.274590163934426
"1187",27123042302,NA,NA,NA,NA,14,14,0.49931693989071
"1188",27123042401,NA,NA,NA,NA,14,14,0.49931693989071
"1189",27123042501,NA,NA,NA,NA,19,19,0.633879781420765
"1190",27123042503,NA,NA,NA,NA,3,3,0.0717213114754098
"1191",27123042504,NA,NA,NA,NA,9,9,0.313524590163934
"1192",27123042601,NA,NA,NA,NA,4,4,0.110655737704918
"1193",27123042602,NA,NA,NA,NA,20,20,0.659153005464481
"1194",27123042700,NA,NA,NA,NA,16,16,0.55396174863388
"1195",27123042800,NA,NA,NA,NA,18,18,0.60655737704918
"1196",27123042900,NA,NA,NA,NA,14,14,0.49931693989071
"1197",27123043001,NA,NA,NA,NA,14,14,0.49931693989071
"1198",27123043002,NA,NA,NA,NA,11,11,0.396857923497268
"1199",27125010100,NA,NA,NA,NA,22,22,0.702868852459016
"1200",27125010200,NA,NA,NA,NA,17,17,0.577868852459016
"1201",27127750100,NA,NA,NA,NA,23,23,0.726092896174863
"1202",27127750200,NA,NA,NA,NA,24,24,0.745218579234973
"1203",27127750300,NA,NA,NA,NA,23,23,0.726092896174863
"1204",27127750400,NA,NA,NA,NA,19,19,0.633879781420765
"1205",27127750500,NA,NA,NA,NA,27,27,0.809426229508197
"1206",27127750600,NA,NA,NA,NA,26,26,0.790300546448087
"1207",27129790100,NA,NA,NA,NA,36,36,0.906420765027322
"1208",27129790200,NA,NA,NA,NA,6,6,0.185792349726776
"1209",27129790300,NA,NA,NA,NA,5,5,0.152322404371585
"1210",27129790400,NA,NA,NA,NA,19,19,0.633879781420765
"1211",27129790500,NA,NA,NA,NA,28,28,0.824453551912568
"1212",27129790600,NA,NA,NA,NA,24,24,0.745218579234973
"1213",27131070101,NA,NA,NA,NA,9,9,0.313524590163934
"1214",27131070102,NA,NA,NA,NA,8,8,0.274590163934426
"1215",27131070300,NA,NA,NA,NA,22,22,0.702868852459016
"1216",27131070400,NA,NA,NA,NA,11,11,0.396857923497268
"1217",27131070501,NA,NA,NA,NA,10,10,0.354508196721311
"1218",27131070504,NA,NA,NA,NA,8,8,0.274590163934426
"1219",27131070601,NA,NA,NA,NA,15,15,0.525956284153005
"1220",27131070602,NA,NA,NA,NA,11,11,0.396857923497268
"1221",27131070701,NA,NA,NA,NA,6,6,0.185792349726776
"1222",27131070702,NA,NA,NA,NA,25,25,0.769808743169399
"1223",27131070801,NA,NA,NA,NA,7,7,0.230874316939891
"1224",27131070802,NA,NA,NA,NA,9,9,0.313524590163934
"1225",27131070901,NA,NA,NA,NA,35,35,0.898224043715847
"1226",27131070902,NA,NA,NA,NA,19,19,0.633879781420765
"1227",27133570100,NA,NA,NA,NA,17,17,0.577868852459016
"1228",27133570200,NA,NA,NA,NA,22,22,0.702868852459016
"1229",27133570300,NA,NA,NA,NA,26,26,0.790300546448087
"1230",27135970100,NA,NA,NA,NA,33,33,0.877732240437158
"1231",27135970200,NA,NA,NA,NA,13,13,0.467213114754098
"1232",27135970300,NA,NA,NA,NA,52,52,0.966530054644809
"1233",27135970400,NA,NA,NA,NA,3,3,0.0717213114754098
"1234",27135970500,NA,NA,NA,NA,20,20,0.659153005464481
"1235",27137000100,NA,NA,NA,NA,16,16,0.55396174863388
"1236",27137000200,NA,NA,NA,NA,28,28,0.824453551912568
"1237",27137000500,NA,NA,NA,NA,9,9,0.313524590163934
"1238",27137000600,NA,NA,NA,NA,18,18,0.60655737704918
"1239",27137000700,NA,NA,NA,NA,19,19,0.633879781420765
"1240",27137001000,NA,NA,NA,NA,8,8,0.274590163934426
"1241",27137001100,NA,NA,NA,NA,23,23,0.726092896174863
"1242",27137001200,NA,NA,NA,NA,3,3,0.0717213114754098
"1243",27137001300,NA,NA,NA,NA,7,7,0.230874316939891
"1244",27137001400,NA,NA,NA,NA,10,10,0.354508196721311
"1245",27137002300,NA,NA,NA,NA,10,10,0.354508196721311
"1246",27137002400,NA,NA,NA,NA,3,3,0.0717213114754098
"1247",27137002600,NA,NA,NA,NA,3,3,0.0717213114754098
"1248",27137002900,NA,NA,NA,NA,6,6,0.185792349726776
"1249",27137003000,NA,NA,NA,NA,7,7,0.230874316939891
"1250",27137003600,NA,NA,NA,NA,8,8,0.274590163934426
"1251",27137010100,NA,NA,NA,NA,30,30,0.849726775956284
"1252",27137010200,NA,NA,NA,NA,22,22,0.702868852459016
"1253",27137010302,NA,NA,NA,NA,24,24,0.745218579234973
"1254",27137010500,NA,NA,NA,NA,29,29,0.838114754098361
"1255",27137010601,NA,NA,NA,NA,9,9,0.313524590163934
"1256",27137010602,NA,NA,NA,NA,26,26,0.790300546448087
"1257",27137011101,NA,NA,NA,NA,9,9,0.313524590163934
"1258",27137011102,NA,NA,NA,NA,24,24,0.745218579234973
"1259",27137011200,NA,NA,NA,NA,43,43,0.943306010928962
"1260",27137011300,NA,NA,NA,NA,35,35,0.898224043715847
"1261",27137011401,NA,NA,NA,NA,14,14,0.49931693989071
"1262",27137011402,NA,NA,NA,NA,20,20,0.659153005464481
"1263",27137012200,NA,NA,NA,NA,33,33,0.877732240437158
"1264",27137012300,NA,NA,NA,NA,25,25,0.769808743169399
"1265",27137012600,NA,NA,NA,NA,42,42,0.941256830601093
"1266",27137012700,NA,NA,NA,NA,26,26,0.790300546448087
"1267",27137012800,NA,NA,NA,NA,54,54,0.971311475409836
"1268",27137013000,NA,NA,NA,NA,34,34,0.889344262295082
"1269",27137013100,NA,NA,NA,NA,22,22,0.702868852459016
"1270",27137013200,NA,NA,NA,NA,55,55,0.974726775956284
"1271",27137013300,NA,NA,NA,NA,50,50,0.961748633879781
"1272",27137013400,NA,NA,NA,NA,33,33,0.877732240437158
"1273",27137013500,NA,NA,NA,NA,21,21,0.682377049180328
"1274",27137014000,NA,NA,NA,NA,22,22,0.702868852459016
"1275",27137014100,NA,NA,NA,NA,17,17,0.577868852459016
"1276",27137015200,NA,NA,NA,NA,56,56,0.976775956284153
"1277",27137015402,NA,NA,NA,NA,26,26,0.790300546448087
"1278",27137015501,NA,NA,NA,NA,23,23,0.726092896174863
"1279",27137015502,NA,NA,NA,NA,22,22,0.702868852459016
"1280",27137015503,NA,NA,NA,NA,25,25,0.769808743169399
"1281",27137015700,NA,NA,NA,NA,21,21,0.682377049180328
"1282",27139080204,NA,NA,NA,NA,3,3,0.0717213114754098
"1283",27139080207,NA,NA,NA,NA,1,1,0
"1284",27139080208,NA,NA,NA,NA,3,3,0.0717213114754098
"1285",27139080209,NA,NA,NA,NA,2,2,0.0327868852459016
"1286",27139080305,NA,NA,NA,NA,1,1,0
"1287",27139080400,NA,NA,NA,NA,13,13,0.467213114754098
"1288",27139080500,NA,NA,NA,NA,16,16,0.55396174863388
"1289",27139080801,NA,NA,NA,NA,16,16,0.55396174863388
"1290",27139080802,NA,NA,NA,NA,4,4,0.110655737704918
"1291",27139080903,NA,NA,NA,NA,5,5,0.152322404371585
"1292",27139080905,NA,NA,NA,NA,2,2,0.0327868852459016
"1293",27139080906,NA,NA,NA,NA,12,12,0.435792349726776
"1294",27139080907,NA,NA,NA,NA,4,4,0.110655737704918
"1295",27139080908,NA,NA,NA,NA,4,4,0.110655737704918
"1296",27139081001,NA,NA,NA,NA,1,1,0
"1297",27139081002,NA,NA,NA,NA,3,3,0.0717213114754098
"1298",27139081101,NA,NA,NA,NA,2,2,0.0327868852459016
"1299",27139081102,NA,NA,NA,NA,3,3,0.0717213114754098
"1300",27139081103,NA,NA,NA,NA,8,8,0.274590163934426
"1301",27139081200,NA,NA,NA,NA,16,16,0.55396174863388
"1302",27139081301,NA,NA,NA,NA,10,10,0.354508196721311
"1303",27139081302,NA,NA,NA,NA,11,11,0.396857923497268
"1304",27141030103,NA,NA,NA,NA,5,5,0.152322404371585
"1305",27141030104,NA,NA,NA,NA,1,1,0
"1306",27141030105,NA,NA,NA,NA,3,3,0.0717213114754098
"1307",27141030106,NA,NA,NA,NA,8,8,0.274590163934426
"1308",27141030201,NA,NA,NA,NA,6,6,0.185792349726776
"1309",27141030202,NA,NA,NA,NA,2,2,0.0327868852459016
"1310",27141030301,NA,NA,NA,NA,3,3,0.0717213114754098
"1311",27141030302,NA,NA,NA,NA,9,9,0.313524590163934
"1312",27141030405,NA,NA,NA,NA,2,2,0.0327868852459016
"1313",27141030406,NA,NA,NA,NA,1,1,0
"1314",27141030407,NA,NA,NA,NA,10,10,0.354508196721311
"1315",27141030408,NA,NA,NA,NA,3,3,0.0717213114754098
"1316",27141030409,NA,NA,NA,NA,5,5,0.152322404371585
"1317",27141030410,NA,NA,NA,NA,9,9,0.313524590163934
"1318",27141030503,NA,NA,NA,NA,21,21,0.682377049180328
"1319",27141030504,NA,NA,NA,NA,1,1,0
"1320",27141030505,NA,NA,NA,NA,18,18,0.60655737704918
"1321",27141030506,NA,NA,NA,NA,19,19,0.633879781420765
"1322",27141031500,NA,NA,NA,NA,9,9,0.313524590163934
"1323",27143170198,NA,NA,NA,NA,19,19,0.633879781420765
"1324",27143170200,NA,NA,NA,NA,35,35,0.898224043715847
"1325",27143170300,NA,NA,NA,NA,23,23,0.726092896174863
"1326",27143170400,NA,NA,NA,NA,24,24,0.745218579234973
"1327",27145000301,NA,NA,NA,NA,5,5,0.152322404371585
"1328",27145000303,NA,NA,NA,NA,5,5,0.152322404371585
"1329",27145000304,NA,NA,NA,NA,10,10,0.354508196721311
"1330",27145000401,NA,NA,NA,NA,8,8,0.274590163934426
"1331",27145000402,NA,NA,NA,NA,9,9,0.313524590163934
"1332",27145000502,NA,NA,NA,NA,3,3,0.0717213114754098
"1333",27145000602,NA,NA,NA,NA,12,12,0.435792349726776
"1334",27145000801,NA,NA,NA,NA,4,4,0.110655737704918
"1335",27145000901,NA,NA,NA,NA,12,12,0.435792349726776
"1336",27145010101,NA,NA,NA,NA,2,2,0.0327868852459016
"1337",27145010103,NA,NA,NA,NA,5,5,0.152322404371585
"1338",27145010104,NA,NA,NA,NA,1,1,0
"1339",27145010200,NA,NA,NA,NA,15,15,0.525956284153005
"1340",27145010401,NA,NA,NA,NA,13,13,0.467213114754098
"1341",27145010402,NA,NA,NA,NA,31,31,0.861338797814208
"1342",27145010403,NA,NA,NA,NA,18,18,0.60655737704918
"1343",27145010500,NA,NA,NA,NA,28,28,0.824453551912568
"1344",27145010600,NA,NA,NA,NA,18,18,0.60655737704918
"1345",27145010900,NA,NA,NA,NA,30,30,0.849726775956284
"1346",27145011101,NA,NA,NA,NA,8,8,0.274590163934426
"1347",27145011102,NA,NA,NA,NA,19,19,0.633879781420765
"1348",27145011201,NA,NA,NA,NA,13,13,0.467213114754098
"1349",27145011202,NA,NA,NA,NA,6,6,0.185792349726776
"1350",27145011302,NA,NA,NA,NA,27,27,0.809426229508197
"1351",27145011305,NA,NA,NA,NA,3,3,0.0717213114754098
"1352",27145011306,NA,NA,NA,NA,9,9,0.313524590163934
"1353",27145011307,NA,NA,NA,NA,1,1,0
"1354",27145011308,NA,NA,NA,NA,20,20,0.659153005464481
"1355",27145011400,NA,NA,NA,NA,21,21,0.682377049180328
"1356",27145011500,NA,NA,NA,NA,38,38,0.922131147540984
"1357",27145011600,NA,NA,NA,NA,20,20,0.659153005464481
"1358",27147960100,NA,NA,NA,NA,26,26,0.790300546448087
"1359",27147960300,NA,NA,NA,NA,5,5,0.152322404371585
"1360",27147960500,NA,NA,NA,NA,19,19,0.633879781420765
"1361",27147960800,NA,NA,NA,NA,31,31,0.861338797814208
"1362",27149480100,NA,NA,NA,NA,15,15,0.525956284153005
"1363",27149480200,NA,NA,NA,NA,41,41,0.937158469945355
"1364",27151960100,NA,NA,NA,NA,23,23,0.726092896174863
"1365",27151960200,NA,NA,NA,NA,37,37,0.913251366120219
"1366",27151960300,NA,NA,NA,NA,7,7,0.230874316939891
"1367",27151960400,NA,NA,NA,NA,22,22,0.702868852459016
"1368",27153790100,NA,NA,NA,NA,34,34,0.889344262295082
"1369",27153790200,NA,NA,NA,NA,6,6,0.185792349726776
"1370",27153790300,NA,NA,NA,NA,15,15,0.525956284153005
"1371",27153790400,NA,NA,NA,NA,12,12,0.435792349726776
"1372",27153790700,NA,NA,NA,NA,7,7,0.230874316939891
"1373",27153790800,NA,NA,NA,NA,18,18,0.60655737704918
"1374",27155460100,NA,NA,NA,NA,37,37,0.913251366120219
"1375",27155460200,NA,NA,NA,NA,15,15,0.525956284153005
"1376",27157490100,NA,NA,NA,NA,14,14,0.49931693989071
"1377",27157490200,NA,NA,NA,NA,9,9,0.313524590163934
"1378",27157490300,NA,NA,NA,NA,20,20,0.659153005464481
"1379",27157490400,NA,NA,NA,NA,23,23,0.726092896174863
"1380",27157490500,NA,NA,NA,NA,13,13,0.467213114754098
"1381",27157490600,NA,NA,NA,NA,11,11,0.396857923497268
"1382",27159480200,NA,NA,NA,NA,28,28,0.824453551912568
"1383",27161790100,NA,NA,NA,NA,20,20,0.659153005464481
"1384",27161790200,NA,NA,NA,NA,29,29,0.838114754098361
"1385",27161790300,NA,NA,NA,NA,13,13,0.467213114754098
"1386",27161790400,NA,NA,NA,NA,14,14,0.49931693989071
"1387",27161790500,NA,NA,NA,NA,44,44,0.947404371584699
"1388",27163070103,NA,NA,NA,NA,40,40,0.931693989071038
"1389",27163070104,NA,NA,NA,NA,8,8,0.274590163934426
"1390",27163070105,NA,NA,NA,NA,6,6,0.185792349726776
"1391",27163070107,NA,NA,NA,NA,4,4,0.110655737704918
"1392",27163070108,NA,NA,NA,NA,6,6,0.185792349726776
"1393",27163070204,NA,NA,NA,NA,4,4,0.110655737704918
"1394",27163070205,NA,NA,NA,NA,10,10,0.354508196721311
"1395",27163070206,NA,NA,NA,NA,15,15,0.525956284153005
"1396",27163070207,NA,NA,NA,NA,2,2,0.0327868852459016
"1397",27163070208,NA,NA,NA,NA,6,6,0.185792349726776
"1398",27163070301,NA,NA,NA,NA,18,18,0.60655737704918
"1399",27163070303,NA,NA,NA,NA,11,11,0.396857923497268
"1400",27163070304,NA,NA,NA,NA,27,27,0.809426229508197
"1401",27163070403,NA,NA,NA,NA,27,27,0.809426229508197
"1402",27163070404,NA,NA,NA,NA,10,10,0.354508196721311
"1403",27163070501,NA,NA,NA,NA,4,4,0.110655737704918
"1404",27163070502,NA,NA,NA,NA,32,32,0.871584699453552
"1405",27163070602,NA,NA,NA,NA,15,15,0.525956284153005
"1406",27163070603,NA,NA,NA,NA,8,8,0.274590163934426
"1407",27163070604,NA,NA,NA,NA,2,2,0.0327868852459016
"1408",27163070703,NA,NA,NA,NA,19,19,0.633879781420765
"1409",27163070704,NA,NA,NA,NA,11,11,0.396857923497268
"1410",27163070705,NA,NA,NA,NA,8,8,0.274590163934426
"1411",27163070706,NA,NA,NA,NA,16,16,0.55396174863388
"1412",27163070801,NA,NA,NA,NA,2,2,0.0327868852459016
"1413",27163070802,NA,NA,NA,NA,1,1,0
"1414",27163070907,NA,NA,NA,NA,11,11,0.396857923497268
"1415",27163070910,NA,NA,NA,NA,7,7,0.230874316939891
"1416",27163070912,NA,NA,NA,NA,1,1,0
"1417",27163071001,NA,NA,NA,NA,9,9,0.313524590163934
"1418",27163071006,NA,NA,NA,NA,8,8,0.274590163934426
"1419",27163071010,NA,NA,NA,NA,4,4,0.110655737704918
"1420",27163071012,NA,NA,NA,NA,5,5,0.152322404371585
"1421",27163071013,NA,NA,NA,NA,6,6,0.185792349726776
"1422",27163071016,NA,NA,NA,NA,2,2,0.0327868852459016
"1423",27163071020,NA,NA,NA,NA,2,2,0.0327868852459016
"1424",27163071021,NA,NA,NA,NA,1,1,0
"1425",27163071208,NA,NA,NA,NA,6,6,0.185792349726776
"1426",27163071211,NA,NA,NA,NA,4,4,0.110655737704918
"1427",27165950100,NA,NA,NA,NA,19,19,0.633879781420765
"1428",27165950200,NA,NA,NA,NA,52,52,0.966530054644809
"1429",27167950200,NA,NA,NA,NA,54,54,0.971311475409836
"1430",27169670102,NA,NA,NA,NA,21,21,0.682377049180328
"1431",27169670200,NA,NA,NA,NA,19,19,0.633879781420765
"1432",27169670500,NA,NA,NA,NA,24,24,0.745218579234973
"1433",27169670700,NA,NA,NA,NA,30,30,0.849726775956284
"1434",27169670801,NA,NA,NA,NA,13,13,0.467213114754098
"1435",27169670900,NA,NA,NA,NA,24,24,0.745218579234973
"1436",27169671000,NA,NA,NA,NA,13,13,0.467213114754098
"1437",27171100101,NA,NA,NA,NA,3,3,0.0717213114754098
"1438",27171100102,NA,NA,NA,NA,3,3,0.0717213114754098
"1439",27171100203,NA,NA,NA,NA,19,19,0.633879781420765
"1440",27171100205,NA,NA,NA,NA,6,6,0.185792349726776
"1441",27171100206,NA,NA,NA,NA,10,10,0.354508196721311
"1442",27171100300,NA,NA,NA,NA,15,15,0.525956284153005
"1443",27171100401,NA,NA,NA,NA,3,3,0.0717213114754098
"1444",27171100402,NA,NA,NA,NA,24,24,0.745218579234973
"1445",27171100701,NA,NA,NA,NA,29,29,0.838114754098361
"1446",27171100704,NA,NA,NA,NA,12,12,0.435792349726776
"1447",27171100705,NA,NA,NA,NA,10,10,0.354508196721311
"1448",27171100706,NA,NA,NA,NA,6,6,0.185792349726776
"1449",27171100707,NA,NA,NA,NA,14,14,0.49931693989071
"1450",27171100803,NA,NA,NA,NA,8,8,0.274590163934426
"1451",27171100804,NA,NA,NA,NA,3,3,0.0717213114754098
"1452",27171100805,NA,NA,NA,NA,15,15,0.525956284153005
"1453",27171100806,NA,NA,NA,NA,3,3,0.0717213114754098
"1454",27171100807,NA,NA,NA,NA,2,2,0.0327868852459016
"1455",27171100900,NA,NA,NA,NA,6,6,0.185792349726776
"1456",27171101001,NA,NA,NA,NA,11,11,0.396857923497268
"1457",27171101002,NA,NA,NA,NA,17,17,0.577868852459016
"1458",27171101101,NA,NA,NA,NA,14,14,0.49931693989071
"1459",27171101102,NA,NA,NA,NA,7,7,0.230874316939891
"1460",27171101200,NA,NA,NA,NA,19,19,0.633879781420765
"1461",27171101300,NA,NA,NA,NA,19,19,0.633879781420765
"1462",27173970100,NA,NA,NA,NA,35,35,0.898224043715847
"1463",27173970200,NA,NA,NA,NA,24,24,0.745218579234973
"1464",27173970300,NA,NA,NA,NA,25,25,0.769808743169399
"1465",27173970400,NA,NA,NA,NA,6,6,0.185792349726776
