"","GEOID","enf_points","insp_points","hw_points","percentile_rank"
"1",27027020400,3.5,1,4.5,66.3557628247835
"2",27055020300,5,1,6,71.9520319786809
"3",27067780800,3,1,4,63.5576282478348
"4",27047180600,41,5,46,99.0672884743504
"5",27053025802,NA,NA,0,0
"6",27053020600,NA,NA,0,0
"7",27053026809,6.5,NA,6.5,73.217854763491
"8",27053000101,2,NA,2,50.7661558960693
"9",27053003300,NA,NA,0,0
"10",27053101300,NA,NA,0,0
"11",27053104400,4,NA,4,63.5576282478348
"12",27053026005,0.5,NA,0.5,35.8427714856762
"13",27053026706,NA,NA,0,0
"14",27053108600,NA,NA,0,0
"15",27053025302,NA,NA,0,0
"16",27053108900,0.5,1,1.5,45.9027315123251
"17",27053011000,NA,NA,0,0
"18",27053008200,2,NA,2,50.7661558960693
"19",27053008400,NA,NA,0,0
"20",27053106400,NA,NA,0,0
"21",27053026511,0.5,NA,0.5,35.8427714856762
"22",27053024100,NA,NA,0,0
"23",27003050110,1.5,NA,1.5,45.9027315123251
"24",27003050233,NA,NA,0,0
"25",27003050224,1,NA,1,40.7728181212525
"26",27013170600,1,NA,1,40.7728181212525
"27",27013171101,6.5,NA,6.5,73.217854763491
"28",27015960300,4,NA,4,63.5576282478348
"29",27083360400,2.5,NA,2.5,55.0966022651566
"30",27099000300,1.5,NA,1.5,45.9027315123251
"31",27103480100,3.5,NA,3.5,61.4923384410393
"32",27117460300,1.5,NA,1.5,45.9027315123251
"33",27161790400,0.5,NA,0.5,35.8427714856762
"34",27163070910,NA,NA,0,0
"35",27167950100,1,NA,1,40.7728181212525
"36",27123032400,8,1,9,78.8141239173884
"37",27123030500,6.5,NA,6.5,73.217854763491
"38",27123033900,NA,NA,0,0
"39",27123033400,17.5,2,19.5,92.4050632911392
"40",27123030100,2.5,NA,2.5,55.0966022651566
"41",27123041200,17,1,18,91.4057295136576
"42",27123041602,NA,NA,0,0
"43",27123034400,NA,NA,0,0
"44",27165950100,3,1,4,63.5576282478348
"45",27109000200,2.5,NA,2.5,55.0966022651566
"46",27109000400,2,2,4,63.5576282478348
"47",27145000701,28.5,2,30.5,97.001998667555
"48",27089080300,NA,NA,0,0
"49",27137003700,0.5,1,1.5,45.9027315123251
"50",27137001300,3.5,NA,3.5,61.4923384410393
"51",27139080600,NA,NA,0,0
"52",27021940002,NA,NA,0,0
"53",27071790500,8,NA,8,76.8820786142572
"54",27037060811,NA,NA,0,0
"55",27037060721,NA,NA,0,0
"56",27037060302,NA,NA,0,0
"57",27037060902,4,NA,4,63.5576282478348
"58",27061940000,1.5,NA,1.5,45.9027315123251
"59",27157490200,4.5,NA,4.5,66.3557628247835
"60",27005450600,1,NA,1,40.7728181212525
"61",27103480502,8,1,9,78.8141239173884
"62",27025110301,8.5,4,12.5,85.0766155896069
"63",27037060747,NA,NA,0,0
"64",27163070911,NA,NA,0,0
"65",27003050820,NA,NA,0,0
"66",27053024006,NA,NA,0,0
"67",27141030301,11,2,13,85.742838107928
"68",27137015501,3.5,2,5.5,69.8201199200533
"69",27059130304,5,NA,5,67.9546968687542
"70",27009021201,19.5,1,20.5,93.2711525649567
"71",27009021104,12,1,13,85.742838107928
"72",27041450601,7.5,1,8.5,77.8147901399067
"73",27085950402,5,NA,5,67.9546968687542
"74",27123040102,0.5,NA,0.5,35.8427714856762
"75",27163071211,NA,NA,0,0
"76",27163070603,0.5,NA,0.5,35.8427714856762
"77",27145010103,11,1,12,84.2105263157895
"78",27031480101,NA,NA,0,0
"79",27139081103,3.5,2,5.5,69.8201199200533
"80",27169670301,5.5,1,6.5,73.217854763491
"81",27027030109,NA,NA,0,0
"82",27061481002,0.5,NA,0.5,35.8427714856762
"83",27003050238,NA,NA,0,0
"84",27003050824,1,NA,1,40.7728181212525
"85",27037060832,NA,NA,0,0
"86",27037060834,NA,NA,0,0
"87",27053026720,NA,NA,0,0
"88",27053003802,NA,NA,0,0
"89",27053026717,NA,NA,0,0
"90",27053023401,1.5,NA,1.5,45.9027315123251
"91",27053026617,NA,NA,0,0
"92",27027030300,9,2,11,82.5449700199867
"93",27027020600,6.5,1,7.5,75.616255829447
"94",27055020500,2,NA,2,50.7661558960693
"95",27067780500,13.5,NA,13.5,86.5423051299134
"96",27039950500,NA,NA,0,0
"97",27047180500,3.5,1,4.5,66.3557628247835
"98",27053025803,3,NA,3,58.2278481012658
"99",27053100500,30.5,1,31.5,97.2018654230513
"100",27053103400,NA,NA,0,0
"101",27053110900,NA,NA,0,0
"102",27053102500,2,3,5,67.9546968687542
"103",27053002200,NA,NA,0,0
"104",27053002700,NA,NA,0,0
"105",27053026906,NA,NA,0,0
"106",27053020902,NA,NA,0,0
"107",27053026006,2,NA,2,50.7661558960693
"108",27053023802,NA,NA,0,0
"109",27053026606,NA,NA,0,0
"110",27053026508,10,NA,10,81.0126582278481
"111",27053125800,NA,1,1,40.7728181212525
"112",27053025205,NA,NA,0,0
"113",27053025403,NA,NA,0,0
"114",27053109400,NA,NA,0,0
"115",27053009600,NA,NA,0,0
"116",27053110400,NA,NA,0,0
"117",27053026403,NA,NA,0,0
"118",27053021501,1.5,NA,1.5,45.9027315123251
"119",27053011998,NA,NA,0,0
"120",27053022902,NA,NA,0,0
"121",27053105700,NA,NA,0,0
"122",27053026510,NA,1,1,40.7728181212525
"123",27053024300,2,NA,2,50.7661558960693
"124",27053024903,NA,NA,0,0
"125",27053022000,3,NA,3,58.2278481012658
"126",27069090200,1,NA,1,40.7728181212525
"127",27129790500,4,NA,4,63.5576282478348
"128",27133570200,2.5,1,3.5,61.4923384410393
"129",27003051103,13.5,2,15.5,89.0073284477015
"130",27003051202,NA,NA,0,0
"131",27003050712,NA,NA,0,0
"132",27003050501,NA,NA,0,0
"133",27003051304,1.5,1,2.5,55.0966022651566
"134",27049080101,3.5,1,4.5,66.3557628247835
"135",27013170700,7,1,8,76.8820786142572
"136",27015960400,18.5,1,19.5,92.4050632911392
"137",27015960101,13,NA,13,85.742838107928
"138",27079950500,17.5,NA,17.5,90.473017988008
"139",27019090501,NA,NA,0,0
"140",27163070104,NA,NA,0,0
"141",27163070909,NA,NA,0,0
"142",27103480400,4.5,NA,4.5,66.3557628247835
"143",27107960300,5.5,3,8.5,77.8147901399067
"144",27107960200,NA,NA,0,0
"145",27123030400,NA,NA,0,0
"146",27123031000,NA,NA,0,0
"147",27123034702,NA,NA,0,0
"148",27123031100,NA,NA,0,0
"149",27123041104,NA,NA,0,0
"150",27123037200,0.5,NA,0.5,35.8427714856762
"151",27123041002,NA,NA,0,0
"152",27123036800,NA,NA,0,0
"153",27123040502,NA,NA,0,0
"154",27123041601,NA,NA,0,0
"155",27123031801,NA,NA,0,0
"156",27123042001,16,3,19,92.1385742838108
"157",27123042504,0.5,NA,0.5,35.8427714856762
"158",27139081200,10,4,14,87.1419053964024
"159",27109001800,3.5,NA,3.5,61.4923384410393
"160",27109002100,24,3,27,96.3357761492338
"161",27109000500,2.5,NA,2.5,55.0966022651566
"162",27109001701,12,3,15,88.4077281812125
"163",27109001503,NA,NA,0,0
"164",27145000801,8,1,9,78.8141239173884
"165",27113090400,14,2,16,89.4736842105263
"166",27125010200,0.5,NA,0.5,35.8427714856762
"167",27137013500,NA,NA,0,0
"168",27137012500,1,NA,1,40.7728181212525
"169",27137012600,25,1,26,96.0026648900733
"170",27137001200,NA,NA,0,0
"171",27137002300,NA,NA,0,0
"172",27131070300,2,1,3,58.2278481012658
"173",27007450300,15,NA,15,88.4077281812125
"174",27037060812,NA,NA,0,0
"175",27037060713,NA,NA,0,0
"176",27037060733,NA,NA,0,0
"177",27037060750,NA,NA,0,0
"178",27037060604,NA,NA,0,0
"179",27037060401,NA,NA,0,0
"180",27037060743,NA,NA,0,0
"181",27001770100,1,NA,1,40.7728181212525
"182",27021960100,NA,NA,0,0
"183",27057070600,13.5,NA,13.5,86.5423051299134
"184",27071790300,4,1,5,67.9546968687542
"185",27119020100,NA,NA,0,0
"186",27127750300,3.5,NA,3.5,61.4923384410393
"187",27131070501,4,NA,4,63.5576282478348
"188",27131070504,2.5,2,4.5,66.3557628247835
"189",27145000402,8,NA,8,76.8820786142572
"190",27025110302,7,NA,7,74.4836775483011
"191",27019090602,NA,NA,0,0
"192",27037061009,NA,NA,0,0
"193",27037060738,NA,NA,0,0
"194",27037060906,NA,NA,0,0
"195",27037061005,NA,NA,0,0
"196",27163070912,NA,NA,0,0
"197",27139080100,7.5,1,8.5,77.8147901399067
"198",27171100701,1,NA,1,40.7728181212525
"199",27053026015,5,NA,5,67.9546968687542
"200",27053105201,NA,NA,0,0
"201",27017070401,17,3,20,92.871419053964
"202",27141030202,NA,NA,0,0
"203",27009021103,0.5,NA,0.5,35.8427714856762
"204",27131070801,NA,NA,0,0
"205",27145001003,7,NA,7,74.4836775483011
"206",27171100705,2.5,NA,2.5,55.0966022651566
"207",27123040708,1,NA,1,40.7728181212525
"208",27123040709,2,NA,2,50.7661558960693
"209",27123037604,6,NA,6,71.9520319786809
"210",27123034203,22.5,NA,22.5,94.3371085942705
"211",27053023202,1.5,NA,1.5,45.9027315123251
"212",27053026515,NA,NA,0,0
"213",27037060751,NA,NA,0,0
"214",27061480803,4.5,1,5.5,69.8201199200533
"215",27061480901,NA,NA,0,0
"216",27003050611,NA,NA,0,0
"217",27003050823,NA,NA,0,0
"218",27053026406,NA,NA,0,0
"219",27053126101,NA,NA,0,0
"220",27053024904,2.5,NA,2.5,55.0966022651566
"221",27053026024,NA,NA,0,0
"222",27031480102,1.5,NA,1.5,45.9027315123251
"223",27139080801,1.5,NA,1.5,45.9027315123251
"224",27139081101,NA,NA,0,0
"225",27019090303,NA,NA,0,0
"226",27075370102,1,NA,1,40.7728181212525
"227",27003051201,13,NA,13,85.742838107928
"228",27003051002,NA,NA,0,0
"229",27003050807,NA,NA,0,0
"230",27003050608,NA,NA,0,0
"231",27013170900,54.5,3,57.5,99.6002664890073
"232",27019091201,0.5,NA,0.5,35.8427714856762
"233",27083360600,2,NA,2,50.7661558960693
"234",27123030602,NA,NA,0,0
"235",27123042501,3,NA,3,58.2278481012658
"236",27123042201,NA,NA,0,0
"237",27045960400,0.5,NA,0.5,35.8427714856762
"238",27063480400,50.5,2,52.5,99.3337774816789
"239",27053026807,28,3,31,97.0686209193871
"240",27053000300,NA,NA,0,0
"241",27053002400,3,NA,3,58.2278481012658
"242",27053023901,NA,NA,0,0
"243",27053025401,1.5,NA,1.5,45.9027315123251
"244",27053109200,NA,NA,0,0
"245",27053027601,4,NA,4,63.5576282478348
"246",27053008100,NA,NA,0,0
"247",27007450500,NA,NA,0,0
"248",27037060806,NA,NA,0,0
"249",27037060202,NA,NA,0,0
"250",27109001401,22.5,NA,22.5,94.3371085942705
"251",27095970100,13.5,3,16.5,89.9400399733511
"252",27137012200,5,NA,5,67.9546968687542
"253",27119020500,2.5,1,3.5,61.4923384410393
"254",27085950401,14,2,16,89.4736842105263
"255",27163071024,NA,NA,0,0
"256",27163070604,NA,NA,0,0
"257",27131070503,NA,NA,0,0
"258",27037060742,NA,NA,0,0
"259",27003051001,8.5,NA,8.5,77.8147901399067
"260",27131070102,NA,NA,0,0
"261",27053126202,5.5,NA,5.5,69.8201199200533
"262",27053027702,NA,NA,0,0
"263",27047180400,10.5,NA,10.5,82.0119920053298
"264",27053020302,NA,NA,0,0
"265",27053100700,NA,NA,0,0
"266",27053105600,NA,NA,0,0
"267",27053106000,NA,NA,0,0
"268",27053020101,NA,NA,0,0
"269",27003050825,NA,NA,0,0
"270",27003050215,0.5,NA,0.5,35.8427714856762
"271",27003050808,NA,1,1,40.7728181212525
"272",27015960700,3,NA,3,58.2278481012658
"273",27019090503,NA,NA,0,0
"274",27037061109,16,2,18,91.4057295136576
"275",27123035800,NA,NA,0,0
"276",27123033000,9.5,NA,9.5,79.9467021985343
"277",27169670500,3,NA,3,58.2278481012658
"278",27037060201,NA,NA,0,0
"279",27029000100,3,NA,3,58.2278481012658
"280",27173970200,5.5,NA,5.5,69.8201199200533
"281",27123034602,NA,NA,0,0
"282",27137010400,17,2,19,92.1385742838108
"283",27139080208,NA,NA,0,0
"284",27171100704,21,1,22,94.0039973351099
"285",27171100807,16.5,1,17.5,90.473017988008
"286",27037060838,NA,NA,0,0
"287",27003050240,1,1,2,50.7661558960693
"288",27053125700,NA,NA,0,0
"289",27053107400,NA,NA,0,0
"290",27053007700,1.5,NA,1.5,45.9027315123251
"291",27003050235,NA,NA,0,0
"292",27053026615,NA,NA,0,0
"293",27053104001,1.5,2,3.5,61.4923384410393
"294",27041450602,3.5,2,5.5,69.8201199200533
"295",27037060752,NA,NA,0,0
"296",27037060835,NA,NA,0,0
"297",27053020201,1.5,1,2.5,55.0966022651566
"298",27137010301,15.5,2,17.5,90.473017988008
"299",27137012400,38.5,3,41.5,98.6009327115256
"300",27037060907,NA,NA,0,0
"301",27053026019,9,2,11,82.5449700199867
"302",27123031600,NA,NA,0,0
"303",27163071210,NA,NA,0,0
"304",27123037500,NA,NA,0,0
"305",27007940001,NA,NA,0,0
"306",27163071209,1,NA,1,40.7728181212525
"307",27109001301,7,NA,7,74.4836775483011
"308",27137013100,5,NA,5,67.9546968687542
"309",27137001600,1,NA,1,40.7728181212525
"310",27039950200,45,3,48,99.2671552298468
"311",27053020303,NA,NA,0,0
"312",27053021601,5,1,6,71.9520319786809
"313",27053110000,NA,NA,0,0
"314",27053111400,NA,NA,0,0
"315",27053024802,NA,NA,0,0
"316",27123041500,1,1,2,50.7661558960693
"317",27037060731,NA,NA,0,0
"318",27037060105,6.5,NA,6.5,73.217854763491
"319",27013170400,7,3,10,81.0126582278481
"320",27139080306,0.5,NA,0.5,35.8427714856762
"321",27019090901,3.5,NA,3.5,61.4923384410393
"322",27123037603,NA,NA,0,0
"323",27053003801,NA,NA,0,0
"324",27037060606,NA,NA,0,0
"325",27037060728,9,NA,9,78.8141239173884
"326",27173970100,6.5,1,7.5,75.616255829447
"327",27053104801,NA,NA,0,0
"328",27053026104,15.5,2,17.5,90.473017988008
"329",27097780200,24.5,NA,24.5,95.4696868754164
"330",27123032000,13.5,2,15.5,89.0073284477015
"331",27123041001,NA,NA,0,0
"332",27053024200,NA,NA,0,0
"333",27045960600,1.5,NA,1.5,45.9027315123251
"334",27053026815,NA,NA,0,0
"335",27053122600,0.5,NA,0.5,35.8427714856762
"336",27053022302,NA,NA,0,0
"337",27003050222,NA,NA,0,0
"338",27003051502,NA,NA,0,0
"339",27123040302,NA,NA,0,0
"340",27083360300,4,NA,4,63.5576282478348
"341",27109001502,NA,NA,0,0
"342",27129790200,3,NA,3,58.2278481012658
"343",27137003300,2.5,NA,2.5,55.0966022651566
"344",27163070802,NA,NA,0,0
"345",27037060823,NA,NA,0,0
"346",27123030800,1,NA,1,40.7728181212525
"347",27123035100,NA,NA,0,0
"348",27137015503,NA,NA,0,0
"349",27163070705,NA,NA,0,0
"350",27053000601,NA,1,1,40.7728181212525
"351",27007450706,14,NA,14,87.1419053964024
"352",27053026404,7,3,10,81.0126582278481
"353",27053107000,NA,NA,0,0
"354",27053008500,NA,NA,0,0
"355",27053026609,NA,NA,0,0
"356",27147960700,NA,NA,0,0
"357",27061480401,NA,NA,0,0
"358",27115950402,3,NA,3,58.2278481012658
"359",27141030103,32,1,33,97.4017321785476
"360",27037060749,NA,NA,0,0
"361",27037060819,1,1,2,50.7661558960693
"362",27037060828,1,1,2,50.7661558960693
"363",27017070100,16.5,3,19.5,92.4050632911392
"364",27109001501,NA,NA,0,0
"365",27145011600,2.5,1,3.5,61.4923384410393
"366",27137000900,NA,NA,0,0
"367",27067781200,5,NA,5,67.9546968687542
"368",27123042102,NA,NA,0,0
"369",27099000800,NA,NA,0,0
"370",27103480200,9,4,13,85.742838107928
"371",27053003200,NA,NA,0,0
"372",27053110800,NA,NA,0,0
"373",27053011800,NA,NA,0,0
"374",27075370101,1.5,NA,1.5,45.9027315123251
"375",27037061112,NA,NA,0,0
"376",27163071021,4,NA,4,63.5576282478348
"377",27053104002,24.5,5,29.5,96.8021319120586
"378",27041450702,9,NA,9,78.8141239173884
"379",27137015502,0.5,NA,0.5,35.8427714856762
"380",27003050822,NA,NA,0,0
"381",27053104902,0.5,NA,0.5,35.8427714856762
"382",27137003400,4.5,1,5.5,69.8201199200533
"383",27139081102,NA,NA,0,0
"384",27021960200,0.5,NA,0.5,35.8427714856762
"385",27067780200,5.5,NA,5.5,69.8201199200533
"386",27067781100,5,NA,5,67.9546968687542
"387",27067780300,2,NA,2,50.7661558960693
"388",27067770900,4,1,5,67.9546968687542
"389",27025110600,0.5,1,1.5,45.9027315123251
"390",27003050109,0.5,NA,0.5,35.8427714856762
"391",27003050210,13.5,NA,13.5,86.5423051299134
"392",27003050236,NA,NA,0,0
"393",27003050228,11.5,1,12.5,85.0766155896069
"394",27003050226,NA,NA,0,0
"395",27003050219,NA,NA,0,0
"396",27003050220,NA,NA,0,0
"397",27003050710,6.5,1,7.5,75.616255829447
"398",27003050810,NA,NA,0,0
"399",27003050504,20,NA,20,92.871419053964
"400",27023950400,1,NA,1,40.7728181212525
"401",27039950400,2,NA,2,50.7661558960693
"402",27043460400,4.5,NA,4.5,66.3557628247835
"403",27009020206,NA,NA,0,0
"404",27045960500,10.5,2,12.5,85.0766155896069
"405",27047180200,0.5,NA,0.5,35.8427714856762
"406",27045960300,8,1,9,78.8141239173884
"407",27045960200,24,1,25,95.6029313790806
"408",27053025906,NA,NA,0,0
"409",27053020301,1.5,NA,1.5,45.9027315123251
"410",27053020304,NA,NA,0,0
"411",27053021503,5,NA,5,67.9546968687542
"412",27053021602,7.5,1,8.5,77.8147901399067
"413",27053026811,9.5,NA,9.5,79.9467021985343
"414",27053026712,NA,NA,0,0
"415",27053024003,0.5,NA,0.5,35.8427714856762
"416",27053000102,0.5,NA,0.5,35.8427714856762
"417",27053000603,10,2,12,84.2105263157895
"418",27053105400,0.5,1,1.5,45.9027315123251
"419",27053111600,NA,NA,0,0
"420",27053001100,NA,NA,0,0
"421",27053103000,5.5,2,7.5,75.616255829447
"422",27053103600,0.5,NA,0.5,35.8427714856762
"423",27053026908,NA,NA,0,0
"424",27053020903,NA,NA,0,0
"425",27053021300,NA,NA,0,0
"426",27053023100,NA,NA,0,0
"427",27053023600,3,NA,3,58.2278481012658
"428",27053021700,1,NA,1,40.7728181212525
"429",27053027101,3.5,NA,3.5,61.4923384410393
"430",27053126000,4,NA,4,63.5576282478348
"431",27053106900,NA,NA,0,0
"432",27053025601,1.5,1,2.5,55.0966022651566
"433",27053025702,15,2,17,90.1399067288474
"434",27053009500,NA,NA,0,0
"435",27053110100,NA,NA,0,0
"436",27053026201,NA,NA,0,0
"437",27053026208,NA,NA,0,0
"438",27053111500,NA,NA,0,0
"439",27053026822,NA,NA,0,0
"440",27053106600,NA,1,1,40.7728181212525
"441",27053106500,NA,NA,0,0
"442",27053107500,0.5,1,1.5,45.9027315123251
"443",27053108000,1.5,NA,1.5,45.9027315123251
"444",27053007801,6.5,1,7.5,75.616255829447
"445",27053008300,NA,NA,0,0
"446",27053024004,NA,NA,0,0
"447",27053022901,2,1,3,58.2278481012658
"448",27053026509,NA,NA,0,0
"449",27053024700,NA,NA,0,0
"450",27053021400,1.5,1,2.5,55.0966022651566
"451",27055020900,4,NA,4,63.5576282478348
"452",27053020102,1,NA,1,40.7728181212525
"453",27063480200,0.5,NA,0.5,35.8427714856762
"454",27065480400,10.5,NA,10.5,82.0119920053298
"455",27003050606,1,1,2,50.7661558960693
"456",27003050609,1,NA,1,40.7728181212525
"457",27013171300,23,NA,23,94.670219853431
"458",27041451000,2.5,NA,2.5,55.0966022651566
"459",27019090401,1,NA,1,40.7728181212525
"460",27147960800,18.5,1,19.5,92.4050632911392
"461",27147960200,2,NA,2,50.7661558960693
"462",27117460400,4.5,NA,4.5,66.3557628247835
"463",27153790400,5,1,6,71.9520319786809
"464",27153790500,10.5,2,12.5,85.0766155896069
"465",27153790100,10,2,12,84.2105263157895
"466",27155460200,NA,NA,0,0
"467",27129790600,3,NA,3,58.2278481012658
"468",27003051400,12,NA,12,84.2105263157895
"469",27083360100,7.5,NA,7.5,75.616255829447
"470",27083360200,14.5,NA,14.5,87.8081279147235
"471",27099001300,1.5,NA,1.5,45.9027315123251
"472",27099000410,6,NA,6,71.9520319786809
"473",27099000600,NA,NA,0,0
"474",27099000900,2.5,NA,2.5,55.0966022651566
"475",27099001200,15,2,17,90.1399067288474
"476",27133570300,7,NA,7,74.4836775483011
"477",27101900300,2,1,3,58.2278481012658
"478",27103480300,23.5,NA,23.5,95.0033311125916
"479",27049080600,38.5,2,40.5,98.5343104596935
"480",27161790100,7.5,NA,7.5,75.616255829447
"481",27163070204,18,NA,18,91.4057295136576
"482",27163071208,NA,NA,0,0
"483",27163070105,NA,NA,0,0
"484",27163070602,2,NA,2,50.7661558960693
"485",27163071013,NA,NA,0,0
"486",27105105200,NA,NA,0,0
"487",27105105400,23,5,28,96.5356429047302
"488",27097780300,19,4,23,94.670219853431
"489",27151960200,4,1,5,67.9546968687542
"490",27123036300,NA,NA,0,0
"491",27123031802,1.5,NA,1.5,45.9027315123251
"492",27123030702,NA,NA,0,0
"493",27123030704,NA,NA,0,0
"494",27123032500,NA,NA,0,0
"495",27123031702,NA,NA,0,0
"496",27123041107,7,NA,7,74.4836775483011
"497",27123032200,0.5,NA,0.5,35.8427714856762
"498",27123034900,NA,NA,0,0
"499",27123033300,2,1,3,58.2278481012658
"500",27123033500,NA,NA,0,0
"501",27123041301,NA,NA,0,0
"502",27123035300,NA,NA,0,0
"503",27123036500,NA,NA,0,0
"504",27123041105,7,NA,7,74.4836775483011
"505",27123041103,NA,NA,0,0
"506",27123040603,5.5,NA,5.5,69.8201199200533
"507",27123040801,21.5,1,22.5,94.3371085942705
"508",27123041700,NA,NA,0,0
"509",27123033100,2,NA,2,50.7661558960693
"510",27123031500,2,NA,2,50.7661558960693
"511",27093560600,5,1,6,71.9520319786809
"512",27109002000,9,NA,9,78.8141239173884
"513",27093560200,9,NA,9,78.8141239173884
"514",27109002200,5.5,NA,5.5,69.8201199200533
"515",27109001100,13,2,15,88.4077281812125
"516",27109001702,NA,NA,0,0
"517",27075370400,13,1,14,87.1419053964024
"518",27145011302,8,NA,8,76.8820786142572
"519",27143170198,9,NA,9,78.8141239173884
"520",27121970300,7,2,9,78.8141239173884
"521",27121970200,1.5,NA,1.5,45.9027315123251
"522",27139080500,NA,NA,0,0
"523",27139080903,NA,NA,0,0
"524",27113090300,3.5,NA,3.5,61.4923384410393
"525",27113090500,5,1,6,71.9520319786809
"526",27115950800,1.5,NA,1.5,45.9027315123251
"527",27125010100,NA,NA,0,0
"528",27137010100,5.5,NA,5.5,69.8201199200533
"529",27137015100,4,NA,4,63.5576282478348
"530",27137012800,15.5,2,17.5,90.473017988008
"531",27137000400,2.5,1,3.5,61.4923384410393
"532",27137000600,NA,NA,0,0
"533",27137000700,NA,NA,0,0
"534",27137002200,2,1,3,58.2278481012658
"535",27017070200,13,1,14,87.1419053964024
"536",27017940000,2.5,NA,2.5,55.0966022651566
"537",27037060824,NA,NA,0,0
"538",27037060710,NA,NA,0,0
"539",27021960700,6.5,1,7.5,75.616255829447
"540",27029000200,1.5,NA,1.5,45.9027315123251
"541",27037060716,NA,NA,0,0
"542",27037060732,NA,NA,0,0
"543",27037061106,NA,NA,0,0
"544",27037060813,NA,NA,0,0
"545",27037060101,NA,NA,0,0
"546",27037060729,NA,NA,0,0
"547",27037060726,3.5,2,5.5,69.8201199200533
"548",27061480500,2,NA,2,50.7661558960693
"549",27035951600,15.5,NA,15.5,89.0073284477015
"550",27057070300,NA,NA,0,0
"551",27119020600,2.5,1,3.5,61.4923384410393
"552",27135970500,NA,NA,0,0
"553",27135970100,4.5,NA,4.5,66.3557628247835
"554",27169670400,6,2,8,76.8820786142572
"555",27157490400,2.5,NA,2.5,55.0966022651566
"556",27173970400,14,1,15,88.4077281812125
"557",27111960900,26.5,2,28.5,96.6688874083944
"558",27111960300,1.5,NA,1.5,45.9027315123251
"559",27059130302,11.5,2,13.5,86.5423051299134
"560",27137001100,0.5,NA,0.5,35.8427714856762
"561",27137002400,5,NA,5,67.9546968687542
"562",27111960400,NA,NA,0,0
"563",27111961400,0.5,NA,0.5,35.8427714856762
"564",27099000100,10,1,11,82.5449700199867
"565",27081201001,3,1,4,63.5576282478348
"566",27035950204,4,NA,4,63.5576282478348
"567",27141030504,NA,NA,0,0
"568",27145011400,33,6,39,98.3344437041972
"569",27145010403,0.5,NA,0.5,35.8427714856762
"570",27159480100,17.5,NA,17.5,90.473017988008
"571",27019090702,NA,NA,0,0
"572",27037060507,NA,NA,0,0
"573",27037060737,4,NA,4,63.5576282478348
"574",27037061402,4,NA,4,63.5576282478348
"575",27163070501,1,1,2,50.7661558960693
"576",27163071014,NA,NA,0,0
"577",27123033200,12,1,13,85.742838107928
"578",27171100202,11,NA,11,82.5449700199867
"579",27005450900,0.5,NA,0.5,35.8427714856762
"580",27005450300,9,1,10,81.0126582278481
"581",27009020205,2,NA,2,50.7661558960693
"582",27003050818,NA,NA,0,0
"583",27003050401,7.5,2,9.5,79.9467021985343
"584",27003050230,7,NA,7,74.4836775483011
"585",27003050237,NA,NA,0,0
"586",27003050819,NA,NA,0,0
"587",27003050223,5,2,7,74.4836775483011
"588",27053980000,6,NA,6,71.9520319786809
"589",27053026021,NA,NA,0,0
"590",27001770401,13.5,1,14.5,87.8081279147235
"591",27141030409,16.5,2,18.5,91.8720852764823
"592",27141030408,1,NA,1,40.7728181212525
"593",27141030201,0.5,NA,0.5,35.8427714856762
"594",27025110504,0.5,NA,0.5,35.8427714856762
"595",27137015401,3.5,1,4.5,66.3557628247835
"596",27137000302,72.5,8,80.5,100
"597",27137010302,5.5,NA,5.5,69.8201199200533
"598",27137000301,12.5,1,13.5,86.5423051299134
"599",27035950702,5,1,6,71.9520319786809
"600",27035950901,15,1,16,89.4736842105263
"601",27131070802,6.5,3,9.5,79.9467021985343
"602",27041450703,22,4,26,96.0026648900733
"603",27123040605,NA,NA,0,0
"604",27123040805,0.5,1,1.5,45.9027315123251
"605",27163070108,NA,NA,0,0
"606",27163070706,2.5,NA,2.5,55.0966022651566
"607",27163071019,NA,NA,0,0
"608",27163071020,NA,NA,0,0
"609",27163070107,NA,NA,0,0
"610",27163071025,NA,NA,0,0
"611",27049080201,19.5,1,20.5,93.2711525649567
"612",27007450202,8.5,NA,8.5,77.8147901399067
"613",27007450703,19.5,NA,19.5,92.4050632911392
"614",27071790201,NA,NA,0,0
"615",27077460401,NA,NA,0,0
"616",27171100401,NA,NA,0,0
"617",27171100804,NA,NA,0,0
"618",27171100206,4.5,2,6.5,73.217854763491
"619",27079950102,5.5,NA,5.5,69.8201199200533
"620",27145001002,13.5,4,17.5,90.473017988008
"621",27145000501,12,1,13,85.742838107928
"622",27145011202,8.5,NA,8.5,77.8147901399067
"623",27115950401,3,NA,3,58.2278481012658
"624",27169670302,3,NA,3,58.2278481012658
"625",27169670101,1.5,1,2.5,55.0966022651566
"626",27139080303,2.5,NA,2.5,55.0966022651566
"627",27139080207,NA,NA,0,0
"628",27139080908,NA,NA,0,0
"629",27019091002,1.5,1,2.5,55.0966022651566
"630",27019090902,33.5,3,36.5,98.0013324450366
"631",27019090703,9,NA,9,78.8141239173884
"632",27027030108,2,1,3,58.2278481012658
"633",27061480101,3.5,1,4.5,66.3557628247835
"634",27061480805,22.5,NA,22.5,94.3371085942705
"635",27003050239,NA,NA,0,0
"636",27109001404,0.5,NA,0.5,35.8427714856762
"637",27109001902,9,2,11,82.5449700199867
"638",27053026405,1.5,NA,1.5,45.9027315123251
"639",27053026827,3,NA,3,58.2278481012658
"640",27053126300,12.5,1,13.5,86.5423051299134
"641",27053104802,NA,1,1,40.7728181212525
"642",27053027703,NA,NA,0,0
"643",27053026718,NA,NA,0,0
"644",27053026724,2.5,NA,2.5,55.0966022651566
"645",27053026825,NA,NA,0,0
"646",27037061010,NA,NA,0,0
"647",27037060753,NA,NA,0,0
"648",27037061111,NA,NA,0,0
"649",27037060841,NA,NA,0,0
"650",27037060837,0.5,2,2.5,55.0966022651566
"651",27037061011,NA,NA,0,0
"652",27037060831,NA,NA,0,0
"653",27037060833,NA,NA,0,0
"654",27027020700,2.5,NA,2.5,55.0966022651566
"655",27033270400,15,NA,15,88.4077281812125
"656",27055020200,0.5,NA,0.5,35.8427714856762
"657",27027020300,4,NA,4,63.5576282478348
"658",27067780600,8.5,NA,8.5,77.8147901399067
"659",27067780100,14,NA,14,87.1419053964024
"660",27025110100,NA,NA,0,0
"661",27025110402,11,2,13,85.742838107928
"662",27039950100,NA,NA,0,0
"663",27043460600,6.5,NA,6.5,73.217854763491
"664",27043460100,NA,NA,0,0
"665",27047180800,15,NA,15,88.4077281812125
"666",27047180100,20,NA,20,92.871419053964
"667",27053026205,0.5,NA,0.5,35.8427714856762
"668",27053026207,NA,NA,0,0
"669",27053027503,NA,NA,0,0
"670",27053027602,1,1,2,50.7661558960693
"671",27053111300,NA,NA,0,0
"672",27053011703,1,1,2,50.7661558960693
"673",27053011704,NA,NA,0,0
"674",27053012001,NA,NA,0,0
"675",27053012101,NA,NA,0,0
"676",27053023000,21.5,1,22.5,94.3371085942705
"677",27053103900,NA,NA,0,0
"678",27053026814,6,3,9,78.8141239173884
"679",27053026818,NA,NA,0,0
"680",27053027002,8.5,1,9.5,79.9467021985343
"681",27053027504,NA,NA,0,0
"682",27053027203,NA,2,2,50.7661558960693
"683",27053024500,NA,NA,0,0
"684",27053024600,NA,NA,0,0
"685",27053021200,NA,NA,0,0
"686",27053022102,NA,NA,0,0
"687",27053026903,1.5,NA,1.5,45.9027315123251
"688",27053020700,17.5,NA,17.5,90.473017988008
"689",27053005902,NA,NA,0,0
"690",27053021100,NA,NA,0,0
"691",27053027400,NA,NA,0,0
"692",27053027501,3,NA,3,58.2278481012658
"693",27053026020,5,NA,5,67.9546968687542
"694",27053023502,NA,NA,0,0
"695",27053023801,NA,NA,0,0
"696",27053023903,1.5,NA,1.5,45.9027315123251
"697",27053025907,NA,NA,0,0
"698",27053026013,1,1,2,50.7661558960693
"699",27053021502,17.5,1,18.5,91.8720852764823
"700",27053100400,1.5,NA,1.5,45.9027315123251
"701",27053023902,NA,NA,0,0
"702",27053021800,NA,NA,0,0
"703",27053023300,9.5,1,10.5,82.0119920053298
"704",27053100800,NA,NA,0,0
"705",27053100900,NA,NA,0,0
"706",27053110500,NA,NA,0,0
"707",27053106200,NA,NA,0,0
"708",27053100200,NA,NA,0,0
"709",27053025301,NA,NA,0,0
"710",27053025603,NA,NA,0,0
"711",27053025605,1,NA,1,40.7728181212525
"712",27065480300,20,1,21,93.5376415722851
"713",27053101200,NA,NA,0,0
"714",27053105100,NA,NA,0,0
"715",27053106700,3,NA,3,58.2278481012658
"716",27053109800,NA,NA,0,0
"717",27053111100,NA,NA,0,0
"718",27053101800,14,NA,14,87.1419053964024
"719",27053101900,0.5,NA,0.5,35.8427714856762
"720",27053102800,NA,NA,0,0
"721",27053109100,1.5,NA,1.5,45.9027315123251
"722",27053109900,NA,NA,0,0
"723",27053012102,NA,NA,0,0
"724",27053026202,2.5,NA,2.5,55.0966022651566
"725",27147960500,1,NA,1,40.7728181212525
"726",27147960100,11,2,13,85.742838107928
"727",27147960400,69,5,74,99.9333777481679
"728",27129790400,21,NA,21,93.5376415722851
"729",27129790300,0.5,NA,0.5,35.8427714856762
"730",27003051206,15.5,2,17.5,90.473017988008
"731",27003051305,3,NA,3,58.2278481012658
"732",27003050711,NA,NA,0,0
"733",27003050208,NA,NA,0,0
"734",27003050707,1,1,2,50.7661558960693
"735",27003050902,NA,NA,0,0
"736",27003051501,NA,NA,0,0
"737",27003050602,NA,NA,0,0
"738",27003050704,1,NA,1,40.7728181212525
"739",27003050114,NA,NA,0,0
"740",27003051101,59.5,2,61.5,99.7335109926716
"741",27031480200,9.5,NA,9.5,79.9467021985343
"742",27009020300,48,5,53,99.400399733511
"743",27011950200,8,2,10,81.0126582278481
"744",27049080500,9.5,NA,9.5,79.9467021985343
"745",27049080700,3,2,5,67.9546968687542
"746",27049080800,9,2,11,82.5449700199867
"747",27069090100,NA,NA,0,0
"748",27041450900,8,6,14,87.1419053964024
"749",27041450200,2.5,NA,2.5,55.0966022651566
"750",27079950200,33.5,6,39.5,98.4676882078614
"751",27019090200,NA,NA,0,0
"752",27019090402,0.5,NA,0.5,35.8427714856762
"753",27019091202,1,NA,1,40.7728181212525
"754",27153790300,5.5,NA,5.5,69.8201199200533
"755",27153790800,2.5,NA,2.5,55.0966022651566
"756",27091790300,4.5,NA,4.5,66.3557628247835
"757",27013171500,3,NA,3,58.2278481012658
"758",27013171400,6,1,7,74.4836775483011
"759",27013170100,2.5,NA,2.5,55.0966022651566
"760",27013171000,2.5,1,3.5,61.4923384410393
"761",27013170500,13.5,1,14.5,87.8081279147235
"762",27013170800,6.5,NA,6.5,73.217854763491
"763",27161790200,9,2,11,82.5449700199867
"764",27161790500,41,1,42,98.6675549633578
"765",27163070205,5,NA,5,67.9546968687542
"766",27163070103,4,NA,4,63.5576282478348
"767",27163070502,NA,NA,0,0
"768",27163071101,NA,NA,0,0
"769",27163070406,NA,NA,0,0
"770",27163070403,NA,NA,0,0
"771",27163070303,1,NA,1,40.7728181212525
"772",27163071006,15,1,16,89.4736842105263
"773",27163071400,41,3,44,98.9340439706862
"774",27117460500,0.5,NA,0.5,35.8427714856762
"775",27085950500,15.5,NA,15.5,89.0073284477015
"776",27151960300,9.5,1,10.5,82.0119920053298
"777",27097780500,1.5,2,3.5,61.4923384410393
"778",27097780700,14,NA,14,87.1419053964024
"779",27105105100,3,NA,3,58.2278481012658
"780",27105105500,4,NA,4,63.5576282478348
"781",27167950200,1,2,3,58.2278481012658
"782",27123030601,NA,NA,0,0
"783",27123036000,0.5,NA,0.5,35.8427714856762
"784",27123030300,NA,NA,0,0
"785",27123037601,11.5,NA,11.5,83.6775483011326
"786",27123031300,5.5,NA,5.5,69.8201199200533
"787",27123030900,NA,NA,0,0
"788",27123042402,0.5,NA,0.5,35.8427714856762
"789",27123032100,NA,NA,0,0
"790",27123042202,NA,NA,0,0
"791",27123042302,2.5,NA,2.5,55.0966022651566
"792",27123034601,NA,NA,0,0
"793",27123037100,1,1,2,50.7661558960693
"794",27123034000,1,1,2,50.7661558960693
"795",27123034500,NA,NA,0,0
"796",27123035000,1,NA,1,40.7728181212525
"797",27123036400,NA,NA,0,0
"798",27123035700,NA,NA,0,0
"799",27123036700,NA,NA,0,0
"800",27123042301,NA,NA,0,0
"801",27123040601,NA,NA,0,0
"802",27123040706,NA,NA,0,0
"803",27123040402,NA,NA,0,0
"804",27123042601,NA,NA,0,0
"805",27123040301,0.5,NA,0.5,35.8427714856762
"806",27123031900,21.5,3,24.5,95.4696868754164
"807",27123040503,17.5,8,25.5,95.8027981345769
"808",27123030201,NA,NA,0,0
"809",27123041106,NA,NA,0,0
"810",27123030202,3,NA,3,58.2278481012658
"811",27093560100,14.5,1,15.5,89.0073284477015
"812",27093560300,63,3,66,99.8001332445037
"813",27093560400,23.5,4,27.5,96.402398401066
"814",27109001603,3.5,NA,3.5,61.4923384410393
"815",27109000600,1.5,NA,1.5,45.9027315123251
"816",27109000901,11,NA,11,82.5449700199867
"817",27109000100,3,1,4,63.5576282478348
"818",27109000300,5,NA,5,67.9546968687542
"819",27109002300,0.5,NA,0.5,35.8427714856762
"820",27109001000,2,NA,2,50.7661558960693
"821",27109001202,2,NA,2,50.7661558960693
"822",27109001203,0.5,NA,0.5,35.8427714856762
"823",27059130400,1.5,2,3.5,61.4923384410393
"824",27139080400,1,NA,1,40.7728181212525
"825",27139080905,NA,NA,0,0
"826",27143170400,11.5,3,14.5,87.8081279147235
"827",27143170300,11,NA,11,82.5449700199867
"828",27149480300,8,2,10,81.0126582278481
"829",27137014100,1,NA,1,40.7728181212525
"830",27137013600,2,NA,2,50.7661558960693
"831",27137015700,1.5,NA,1.5,45.9027315123251
"832",27137012700,2,NA,2,50.7661558960693
"833",27137000200,2,NA,2,50.7661558960693
"834",27171100500,1.5,NA,1.5,45.9027315123251
"835",27171100300,9,2,11,82.5449700199867
"836",27089080400,3,NA,3,58.2278481012658
"837",27089080200,NA,NA,0,0
"838",27095170400,15.5,3,18.5,91.8720852764823
"839",27137000500,NA,NA,0,0
"840",27137001000,0.5,NA,0.5,35.8427714856762
"841",27137001400,6,NA,6,71.9520319786809
"842",27137001800,0.5,NA,0.5,35.8427714856762
"843",27137015600,67.5,6,73.5,99.8667554963358
"844",27137015800,21,2,23,94.670219853431
"845",27137002900,0.5,NA,0.5,35.8427714856762
"846",27095170600,2.5,NA,2.5,55.0966022651566
"847",27095970300,7.5,NA,7.5,75.616255829447
"848",27113090100,3.5,NA,3.5,61.4923384410393
"849",27115950500,12,1,13,85.742838107928
"850",27145010200,18,2,20,92.871419053964
"851",27145010600,7.5,NA,7.5,75.616255829447
"852",27145000602,0.5,NA,0.5,35.8427714856762
"853",27145000901,19,NA,19,92.1385742838108
"854",27115950200,1,NA,1,40.7728181212525
"855",27115950600,2.5,NA,2.5,55.0966022651566
"856",27115950700,6,NA,6,71.9520319786809
"857",27137010200,18,NA,18,91.4057295136576
"858",27137010500,4,1,5,67.9546968687542
"859",27137015300,1,NA,1,40.7728181212525
"860",27137013400,6,1,7,74.4836775483011
"861",27137011200,8.5,NA,8.5,77.8147901399067
"862",27137014000,4,1,5,67.9546968687542
"863",27131070400,2,1,3,58.2278481012658
"864",27169671000,7.5,NA,7.5,75.616255829447
"865",27169670200,38,4,42,98.6675549633578
"866",27007450400,1,NA,1,40.7728181212525
"867",27007450600,2,NA,2,50.7661558960693
"868",27037060805,NA,NA,0,0
"869",27037060709,0.5,1,1.5,45.9027315123251
"870",27037061502,15,2,17,90.1399067288474
"871",27037061001,6.5,NA,6.5,73.217854763491
"872",27037060717,35.5,1,36.5,98.0013324450366
"873",27037060744,NA,NA,0,0
"874",27037061105,NA,NA,0,0
"875",27037060814,NA,NA,0,0
"876",27037060502,6,NA,6,71.9520319786809
"877",27037060509,1,NA,1,40.7728181212525
"878",27037060402,3,2,5,67.9546968687542
"879",27037060103,NA,NA,0,0
"880",27037060727,NA,NA,0,0
"881",27037060725,21.5,NA,21.5,93.7375083277815
"882",27037060816,NA,NA,0,0
"883",27061480403,1,NA,1,40.7728181212525
"884",27157490600,1.5,NA,1.5,45.9027315123251
"885",27017070600,6.5,NA,6.5,73.217854763491
"886",27017070300,1,NA,1,40.7728181212525
"887",27071790100,3.5,2,5.5,69.8201199200533
"888",27077460300,13.5,NA,13.5,86.5423051299134
"889",27021940001,3,NA,3,58.2278481012658
"890",27029000300,1,NA,1,40.7728181212525
"891",27035951400,1,1,2,50.7661558960693
"892",27057070400,0.5,NA,0.5,35.8427714856762
"893",27057070200,1.5,NA,1.5,45.9027315123251
"894",27119020700,17.5,2,19.5,92.4050632911392
"895",27119020900,6.5,NA,6.5,73.217854763491
"896",27119021000,7,NA,7,74.4836775483011
"897",27119020300,NA,NA,0,0
"898",27127750400,11,NA,11,82.5449700199867
"899",27127750200,19,3,22,94.0039973351099
"900",27135970400,1,NA,1,40.7728181212525
"901",27111961700,0.5,NA,0.5,35.8427714856762
"902",27111961100,0.5,NA,0.5,35.8427714856762
"903",27005450400,10,NA,10,81.0126582278481
"904",27111961600,NA,NA,0,0
"905",27111960600,21,1,22,94.0039973351099
"906",27005450100,16,1,17,90.1399067288474
"907",27005450500,13.5,NA,13.5,86.5423051299134
"908",27111961500,8.5,NA,8.5,77.8147901399067
"909",27145010401,39,NA,39,98.3344437041972
"910",27145010402,3.5,2,5.5,69.8201199200533
"911",27109001201,NA,NA,0,0
"912",27109000903,10,1,11,82.5449700199867
"913",27059130501,7,NA,7,74.4836775483011
"914",27059130502,7,3,10,81.0126582278481
"915",27015960102,1.5,1,2.5,55.0966022651566
"916",27131070602,10.5,1,11.5,83.6775483011326
"917",27131070902,20,2,22,94.0039973351099
"918",27145010500,3,2,5,67.9546968687542
"919",27035951301,11,3,14,87.1419053964024
"920",27009020203,17,NA,17,90.1399067288474
"921",27009021102,42,4,46,99.0672884743504
"922",27053026301,NA,NA,0,0
"923",27053027001,NA,NA,0,0
"924",27025110501,2,NA,2,50.7661558960693
"925",27037060605,21.5,NA,21.5,93.7375083277815
"926",27037060748,2.5,1,3.5,61.4923384410393
"927",27037060714,NA,NA,0,0
"928",27037060711,4,NA,4,63.5576282478348
"929",27037060746,NA,NA,0,0
"930",27037060829,NA,NA,0,0
"931",27037061401,NA,NA,0,0
"932",27163070405,NA,NA,0,0
"933",27163071012,18.5,2,20.5,93.2711525649567
"934",27163071016,NA,NA,0,0
"935",27139080204,NA,NA,0,0
"936",27123042800,4.5,NA,4.5,66.3557628247835
"937",27123042503,NA,NA,0,0
"938",27171101200,4.5,1,5.5,69.8201199200533
"939",27159480200,11.5,NA,11.5,83.6775483011326
"940",27001770402,2.5,NA,2.5,55.0966022651566
"941",27017070501,14.5,NA,14.5,87.8081279147235
"942",27141030105,NA,NA,0,0
"943",27141030106,1.5,NA,1.5,45.9027315123251
"944",27141030410,8.5,1,9.5,79.9467021985343
"945",27141030506,12,NA,12,84.2105263157895
"946",27025110201,2,NA,2,50.7661558960693
"947",27025110503,1.5,NA,1.5,45.9027315123251
"948",27115950100,2,NA,2,50.7661558960693
"949",27137010601,5.5,NA,5.5,69.8201199200533
"950",27079950101,5.5,NA,5.5,69.8201199200533
"951",27023950601,35,2,37,98.201199200533
"952",27035950701,NA,NA,0,0
"953",27007450102,3,NA,3,58.2278481012658
"954",27041450704,50,5,55,99.5336442371752
"955",27131070101,3,NA,3,58.2278481012658
"956",27021960804,0.5,NA,0.5,35.8427714856762
"957",27131070702,3.5,NA,3.5,61.4923384410393
"958",27145011102,5.5,1,6.5,73.217854763491
"959",27145000502,6,1,7,74.4836775483011
"960",27145010104,1,NA,1,40.7728181212525
"961",27145011307,1.5,1,2.5,55.0966022651566
"962",27091790502,4,1,5,67.9546968687542
"963",27171101101,0.5,1,1.5,45.9027315123251
"964",27171100402,5,NA,5,67.9546968687542
"965",27171100806,0.5,1,1.5,45.9027315123251
"966",27171100102,1,NA,1,40.7728181212525
"967",27171101102,NA,NA,0,0
"968",27123034204,4,1,5,67.9546968687542
"969",27123043001,NA,NA,0,0
"970",27037060839,NA,NA,0,0
"971",27053027204,0.5,NA,0.5,35.8427714856762
"972",27053027701,1,NA,1,40.7728181212525
"973",27053026023,NA,NA,0,0
"974",27061480804,3.5,NA,3.5,61.4923384410393
"975",27053026028,0.5,NA,0.5,35.8427714856762
"976",27061480102,NA,NA,0,0
"977",27061480402,1,1,2,50.7661558960693
"978",27061480301,4,NA,4,63.5576282478348
"979",27061480702,4.5,NA,4.5,66.3557628247835
"980",27003050612,NA,NA,0,0
"981",27003050826,0.5,NA,0.5,35.8427714856762
"982",27003050241,1,NA,1,40.7728181212525
"983",27053026719,NA,NA,0,0
"984",27053026912,9,2,11,82.5449700199867
"985",27053026828,NA,NA,0,0
"986",27053026725,NA,NA,0,0
"987",27053026826,NA,NA,0,0
"988",27053027205,NA,NA,0,0
"989",27053026824,NA,NA,0,0
"990",27053025909,NA,NA,0,0
"991",27053026911,5,1,6,71.9520319786809
"992",27139080305,5.5,4,9.5,79.9467021985343
"993",27139080802,4,NA,4,63.5576282478348
"994",27139081302,6.5,NA,6.5,73.217854763491
"995",27139081001,NA,NA,0,0
"996",27139080209,NA,NA,0,0
"997",27139081002,NA,NA,0,0
"998",27139080304,20,4,24,95.3364423717522
"999",27019090101,NA,NA,0,0
"1000",27019090102,NA,NA,0,0
"1001",27019090802,NA,NA,0,0
"1002",27003050116,1.5,NA,1.5,45.9027315123251
"1003",27003051102,14,1,15,88.4077281812125
"1004",27013170300,52,1,53,99.400399733511
"1005",27015960600,21.5,NA,21.5,93.7375083277815
"1006",27041450500,4,NA,4,63.5576282478348
"1007",27019091100,NA,NA,0,0
"1008",27003050115,3,3,6,71.9520319786809
"1009",27003050111,NA,NA,0,0
"1010",27003050234,NA,NA,0,0
"1011",27003050709,7,NA,7,74.4836775483011
"1012",27073180100,9,1,10,81.0126582278481
"1013",27151960100,9,NA,9,78.8141239173884
"1014",27097780600,13.5,2,15.5,89.0073284477015
"1015",27097780100,0.5,NA,0.5,35.8427714856762
"1016",27123030703,NA,NA,0,0
"1017",27123035500,NA,NA,0,0
"1018",27123031200,NA,NA,0,0
"1019",27123032700,1.5,NA,1.5,45.9027315123251
"1020",27123035200,NA,NA,0,0
"1021",27123042401,3,NA,3,58.2278481012658
"1022",27079950400,2,NA,2,50.7661558960693
"1023",27083360500,36.5,NA,36.5,98.0013324450366
"1024",27123042602,7.5,NA,7.5,75.616255829447
"1025",27123041900,NA,NA,0,0
"1026",27123037403,NA,NA,0,0
"1027",27091790400,9,NA,9,78.8141239173884
"1028",27129790100,15.5,2,17.5,90.473017988008
"1029",27153790600,11.5,3,14.5,87.8081279147235
"1030",27049080400,1.5,NA,1.5,45.9027315123251
"1031",27147960600,2.5,NA,2.5,55.0966022651566
"1032",27099000200,2.5,NA,2.5,55.0966022651566
"1033",27099001400,8,NA,8,76.8820786142572
"1034",27107960100,NA,NA,0,0
"1035",27067780700,17.5,1,18.5,91.8720852764823
"1036",27043460200,7.5,NA,7.5,75.616255829447
"1037",27053020400,1,NA,1,40.7728181212525
"1038",27053021505,4.5,NA,4.5,66.3557628247835
"1039",27053026711,NA,NA,0,0
"1040",27053026507,11,1,12,84.2105263157895
"1041",27053105204,NA,NA,0,0
"1042",27053102600,18,2,20,92.871419053964
"1043",27053027102,NA,NA,0,0
"1044",27053021001,2,NA,2,50.7661558960693
"1045",27053026007,24.5,4,28.5,96.6688874083944
"1046",27053026907,NA,NA,0,0
"1047",27053025100,3,1,4,63.5576282478348
"1048",27053010600,NA,NA,0,0
"1049",27053026206,NA,NA,0,0
"1050",27053006800,NA,NA,0,0
"1051",27053107600,NA,NA,0,0
"1052",27053022700,4,NA,4,63.5576282478348
"1053",27053022802,6,2,8,76.8820786142572
"1054",27053026014,3,NA,3,58.2278481012658
"1055",27053022101,NA,1,1,40.7728181212525
"1056",27065480100,12.5,NA,12.5,85.0766155896069
"1057",27051070200,1.5,NA,1.5,45.9027315123251
"1058",27005450200,NA,NA,0,0
"1059",27045960100,8.5,1,9.5,79.9467021985343
"1060",27027030202,2,NA,2,50.7661558960693
"1061",27039950300,NA,NA,0,0
"1062",27163071102,12.5,NA,12.5,85.0766155896069
"1063",27163071003,10,NA,10,81.0126582278481
"1064",27115950300,10.5,NA,10.5,82.0119920053298
"1065",27037061501,2,NA,2,50.7661558960693
"1066",27037060735,NA,NA,0,0
"1067",27037060505,NA,NA,0,0
"1068",27149480200,16,2,18,91.4057295136576
"1069",27037060815,NA,NA,0,0
"1070",27061480303,NA,NA,0,0
"1071",27109001601,3,NA,3,58.2278481012658
"1072",27145011000,3.5,NA,3.5,61.4923384410393
"1073",27121970100,6.5,NA,6.5,73.217854763491
"1074",27021960801,1.5,1,2.5,55.0966022651566
"1075",27035951200,21.5,2,23.5,95.0033311125916
"1076",27019091001,1,NA,1,40.7728181212525
"1077",27019090801,NA,NA,0,0
"1078",27003050108,NA,NA,0,0
"1079",27003050402,1,1,2,50.7661558960693
"1080",27053126201,21,NA,21,93.5376415722851
"1081",27053025704,NA,NA,0,0
"1082",27053026027,NA,NA,0,0
"1083",27053980100,6,1,7,74.4836775483011
"1084",27003050821,3.5,NA,3.5,61.4923384410393
"1085",27053026505,NA,NA,0,0
"1086",27053026823,NA,NA,0,0
"1087",27027030111,2.5,NA,2.5,55.0966022651566
"1088",27169670102,NA,NA,0,0
"1089",27007450705,NA,NA,0,0
"1090",27169670802,8,2,10,81.0126582278481
"1091",27101900100,1.5,NA,1.5,45.9027315123251
"1092",27111960700,NA,NA,0,0
"1093",27081201002,4,NA,4,63.5576282478348
"1094",27013171600,1,1,2,50.7661558960693
"1095",27163070206,NA,NA,0,0
"1096",27163070704,6.5,1,7.5,75.616255829447
"1097",27023950300,10,1,11,82.5449700199867
"1098",27145000401,2,1,3,58.2278481012658
"1099",27155460100,7.5,NA,7.5,75.616255829447
"1100",27019090601,4,NA,4,63.5576282478348
"1101",27037060745,4,NA,4,63.5576282478348
"1102",27037061007,NA,NA,0,0
"1103",27139080201,10.5,1,11.5,83.6775483011326
"1104",27171101300,1,NA,1,40.7728181212525
"1105",27017070402,4,NA,4,63.5576282478348
"1106",27141030505,23,5,28,96.5356429047302
"1107",27141030406,NA,NA,0,0
"1108",27067780400,4.5,NA,4.5,66.3557628247835
"1109",27025110202,7,3,10,81.0126582278481
"1110",27137010602,21,1,22,94.0039973351099
"1111",27137011401,0.5,NA,0.5,35.8427714856762
"1112",27137015402,0.5,NA,0.5,35.8427714856762
"1113",27035951304,9,NA,9,78.8141239173884
"1114",27145011201,2.5,1,3.5,61.4923384410393
"1115",27145011305,1,1,2,50.7661558960693
"1116",27091790501,1.5,NA,1.5,45.9027315123251
"1117",27171100706,16.5,NA,16.5,89.9400399733511
"1118",27121970400,8.5,2,10.5,82.0119920053298
"1119",27157490300,14,2,16,89.4736842105263
"1120",27085950302,1.5,1,2.5,55.0966022651566
"1121",27137003800,9.5,2,11.5,83.6775483011326
"1122",27137013900,2.5,2,4.5,66.3557628247835
"1123",27137013800,0.5,NA,0.5,35.8427714856762
"1124",27137002000,4.5,NA,4.5,66.3557628247835
"1125",27137003600,6,NA,6,71.9520319786809
"1126",27087940100,1,NA,1,40.7728181212525
"1127",27119020200,3,NA,3,58.2278481012658
"1128",27127750500,23,2,25,95.6029313790806
"1129",27163070207,13,NA,13,85.742838107928
"1130",27163071023,NA,NA,0,0
"1131",27163071022,NA,NA,0,0
"1132",27139080700,1.5,NA,1.5,45.9027315123251
"1133",27037060503,NA,NA,0,0
"1134",27037060102,NA,NA,0,0
"1135",27037060603,NA,NA,0,0
"1136",27037061003,57,3,60,99.6668887408394
"1137",27001790501,1.5,NA,1.5,45.9027315123251
"1138",27111961000,5.5,NA,5.5,69.8201199200533
"1139",27061480600,7.5,NA,7.5,75.616255829447
"1140",27043460500,1.5,NA,1.5,45.9027315123251
"1141",27047181000,1,NA,1,40.7728181212525
"1142",27157490100,2.5,NA,2.5,55.0966022651566
"1143",27161790300,14,NA,14,87.1419053964024
"1144",27037060840,NA,NA,0,0
"1145",27037060836,21.5,2,23.5,95.0033311125916
"1146",27037060830,NA,NA,0,0
"1147",27053025805,NA,NA,0,0
"1148",27053108700,NA,NA,0,0
"1149",27053102100,2,NA,2,50.7661558960693
"1150",27053103100,NA,NA,0,0
"1151",27053027202,6,NA,6,71.9520319786809
"1152",27053109300,NA,NA,0,0
"1153",27053025201,NA,NA,0,0
"1154",27053026610,NA,NA,0,0
"1155",27053110200,NA,NA,0,0
"1156",27053026103,0.5,2,2.5,55.0966022651566
"1157",27053024801,NA,NA,0,0
"1158",27053022400,NA,NA,0,0
"1159",27133570100,2,NA,2,50.7661558960693
"1160",27079950300,2,NA,2,50.7661558960693
"1161",27065480200,1.5,NA,1.5,45.9027315123251
"1162",27051070100,1.5,NA,1.5,45.9027315123251
"1163",27003050218,NA,NA,0,0
"1164",27003051302,NA,NA,0,0
"1165",27003050605,4.5,NA,4.5,66.3557628247835
"1166",27003051600,1,1,2,50.7661558960693
"1167",27153790200,2.5,NA,2.5,55.0966022651566
"1168",27109001403,13,2,15,88.4077281812125
"1169",27147960300,NA,NA,0,0
"1170",27041450100,NA,NA,0,0
"1171",27061480902,8.5,1,9.5,79.9467021985343
"1172",27123041800,1,NA,1,40.7728181212525
"1173",27123040707,2.5,NA,2.5,55.0966022651566
"1174",27061480701,0.5,NA,0.5,35.8427714856762
"1175",27123040704,NA,NA,0,0
"1176",27123040401,1.5,NA,1.5,45.9027315123251
"1177",27123037402,NA,NA,0,0
"1178",27171100205,14.5,2,16.5,89.9400399733511
"1179",27139081301,7.5,NA,7.5,75.616255829447
"1180",27011950100,3.5,NA,3.5,61.4923384410393
"1181",27021960600,25.5,4,29.5,96.8021319120586
"1182",27035950100,7,NA,7,74.4836775483011
"1183",27057070100,11,2,13,85.742838107928
"1184",27001790503,0.5,1,1.5,45.9027315123251
"1185",27017070502,1,NA,1,40.7728181212525
"1186",27141030405,NA,NA,0,0
"1187",27141030302,NA,NA,0,0
"1188",27025110404,30,1,31,97.0686209193871
"1189",27005940000,NA,NA,0,0
"1190",27099001000,4.5,1,5.5,69.8201199200533
"1191",27145011101,0.5,1,1.5,45.9027315123251
"1192",27035950502,4,1,5,67.9546968687542
"1193",27075370300,10,2,12,84.2105263157895
"1194",27137015200,7.5,2,9.5,79.9467021985343
"1195",27053025703,NA,NA,0,0
"1196",27083360700,2.5,NA,2.5,55.0966022651566
"1197",27095170700,12.5,NA,12.5,85.0766155896069
"1198",27139080206,NA,NA,0,0
"1199",27019090304,NA,NA,0,0
"1200",27025110403,1,NA,1,40.7728181212525
"1201",27137003000,NA,NA,0,0
"1202",27169670801,2.5,1,3.5,61.4923384410393
"1203",27163071001,1,NA,1,40.7728181212525
"1204",27003050827,NA,NA,0,0
"1205",27013170200,21,3,24,95.3364423717522
"1206",27109001901,5.5,NA,5.5,69.8201199200533
"1207",27073180200,2.5,NA,2.5,55.0966022651566
"1208",27131070200,8.5,NA,8.5,77.8147901399067
"1209",27109001703,2,NA,2,50.7661558960693
"1210",27035950401,3.5,NA,3.5,61.4923384410393
"1211",27127750100,0.5,NA,0.5,35.8427714856762
"1212",27171100900,3,NA,3,58.2278481012658
"1213",27145000601,9,1,10,81.0126582278481
"1214",27059130600,1.5,NA,1.5,45.9027315123251
"1215",27111960800,1.5,1,2.5,55.0966022651566
"1216",27169670900,12,NA,12,84.2105263157895
"1217",27053023402,NA,1,1,40.7728181212525
"1218",27007450101,8.5,NA,8.5,77.8147901399067
"1219",27007450704,12,NA,12,84.2105263157895
"1220",27003050828,NA,NA,0,0
"1221",27037060905,NA,NA,0,0
"1222",27163070906,10.5,NA,10.5,82.0119920053298
"1223",27163071207,NA,NA,0,0
"1224",27117460100,8.5,NA,8.5,77.8147901399067
"1225",27053025908,NA,NA,0,0
"1226",27053020202,NA,NA,0,0
"1227",27053026726,13.5,1,14.5,87.8081279147235
"1228",27053126102,10,1,11,82.5449700199867
"1229",27053026025,NA,NA,0,0
"1230",27035950802,16.5,1,17.5,90.473017988008
"1231",27035950402,NA,NA,0,0
"1232",27071790202,17.5,NA,17.5,90.473017988008
"1233",27047180300,1,NA,1,40.7728181212525
"1234",27053021504,NA,1,1,40.7728181212525
"1235",27053026708,1.5,NA,1.5,45.9027315123251
"1236",27053020801,NA,NA,0,0
"1237",27053024005,NA,1,1,40.7728181212525
"1238",27053109700,NA,NA,0,0
"1239",27053027300,3,3,6,71.9520319786809
"1240",27053022801,NA,NA,0,0
"1241",27103480501,41.5,1,42.5,98.800799467022
"1242",27053024400,NA,NA,0,0
"1243",27137013200,31,2,33,97.4017321785476
"1244",27033270300,3,1,4,63.5576282478348
"1245",27059130200,10.5,1,11.5,83.6775483011326
"1246",27145000301,NA,NA,0,0
"1247",27005450800,4.5,1,5.5,69.8201199200533
"1248",27059130303,1,1,2,50.7661558960693
"1249",27135970200,1.5,NA,1.5,45.9027315123251
"1250",27003050505,23,3,26,96.0026648900733
"1251",27003050811,2,NA,2,50.7661558960693
"1252",27041450800,3.5,1,4.5,66.3557628247835
"1253",27095970200,1,NA,1,40.7728181212525
"1254",27137011300,5.5,NA,5.5,69.8201199200533
"1255",27007940002,NA,NA,0,0
"1256",27163071300,22,1,23,94.670219853431
"1257",27111960103,5.5,1,6.5,73.217854763491
"1258",27023950500,2.5,NA,2.5,55.0966022651566
"1259",27035951700,8.5,3,11.5,83.6775483011326
"1260",27077460402,NA,NA,0,0
"1261",27171101001,17.5,NA,17.5,90.473017988008
"1262",27109000902,1.5,NA,1.5,45.9027315123251
"1263",27171100203,5,2,7,74.4836775483011
"1264",27163071011,NA,NA,0,0
"1265",27037061102,NA,NA,0,0
"1266",27037060104,3.5,NA,3.5,61.4923384410393
"1267",27003050107,2,NA,2,50.7661558960693
"1268",27003050702,NA,NA,0,0
"1269",27035951100,33.5,1,34.5,97.8680879413724
"1270",27027030201,10.5,2,12.5,85.0766155896069
"1271",27093560500,41.5,1,42.5,98.800799467022
"1272",27027030106,4,NA,4,63.5576282478348
"1273",27163070404,NA,NA,0,0
"1274",27151960400,8,NA,8,76.8820786142572
"1275",27139080202,NA,NA,0,0
"1276",27085950301,20,NA,20,92.871419053964
"1277",27021960301,0.5,NA,0.5,35.8427714856762
"1278",27103480600,5.5,NA,5.5,69.8201199200533
"1279",27163070208,1,2,3,58.2278481012658
"1280",27123040606,9.5,NA,9.5,79.9467021985343
"1281",27085950200,9.5,NA,9.5,79.9467021985343
"1282",27143170200,14.5,NA,14.5,87.8081279147235
"1283",27123033700,NA,NA,0,0
"1284",27123034701,NA,NA,0,0
"1285",27123036900,NA,NA,0,0
"1286",27123040902,8,NA,8,76.8820786142572
"1287",27123031400,1.5,NA,1.5,45.9027315123251
"1288",27005450700,NA,NA,0,0
"1289",27043460300,4.5,NA,4.5,66.3557628247835
"1290",27141030104,NA,NA,0,0
"1291",27137011101,2,NA,2,50.7661558960693
"1292",27061480302,2,NA,2,50.7661558960693
"1293",27145011306,7.5,2,9.5,79.9467021985343
"1294",27073180300,16,2,18,91.4057295136576
"1295",27171100101,0.5,1,1.5,45.9027315123251
"1296",27111960500,30,3,33,97.4017321785476
"1297",27123040804,1.5,NA,1.5,45.9027315123251
"1298",27049080300,2,NA,2,50.7661558960693
"1299",27055020100,4,NA,4,63.5576282478348
"1300",27035950801,2,NA,2,50.7661558960693
"1301",27049080202,28,5,33,97.4017321785476
"1302",27085950600,8.5,NA,8.5,77.8147901399067
"1303",27015960200,1,1,2,50.7661558960693
"1304",27049080102,2,NA,2,50.7661558960693
"1305",27095170500,1,NA,1,40.7728181212525
"1306",27137013300,30.5,2,32.5,97.3351099267155
"1307",27119020400,5.5,NA,5.5,69.8201199200533
"1308",27157490500,11,NA,11,82.5449700199867
"1309",27165950200,25.5,NA,25.5,95.8027981345769
"1310",27137001700,18.5,2,20.5,93.2711525649567
"1311",27131070601,24,1,25,95.6029313790806
"1312",27033270100,2,1,3,58.2278481012658
"1313",27087940300,NA,NA,0,0
"1314",27111961300,3,1,4,63.5576282478348
"1315",27123037000,NA,NA,0,0
"1316",27123034201,3.5,NA,3.5,61.4923384410393
"1317",27003050227,4.5,3,7.5,75.616255829447
"1318",27019090502,NA,NA,0,0
"1319",27027030400,6.5,NA,6.5,73.217854763491
"1320",27171100803,1,NA,1,40.7728181212525
"1321",27085950100,32,1,33,97.4017321785476
"1322",27067781000,16,NA,16,89.4736842105263
"1323",27123040101,6.5,NA,6.5,73.217854763491
"1324",27123041302,44,1,45,99.0006662225183
"1325",27123035900,0.5,NA,0.5,35.8427714856762
"1326",27123042101,20.5,1,21.5,93.7375083277815
"1327",27123040705,NA,NA,0,0
"1328",27053020500,NA,NA,0,0
"1329",27053026713,NA,NA,0,0
"1330",27053103700,0.5,NA,0.5,35.8427714856762
"1331",27053023700,0.5,NA,0.5,35.8427714856762
"1332",27027030107,NA,NA,0,0
"1333",27063480100,17,1,18,91.4057295136576
"1334",27053026514,24.5,2,26.5,96.2025316455696
"1335",27053022301,NA,NA,0,0
"1336",27053125500,18.5,1,19.5,92.4050632911392
"1337",27053026910,NA,NA,0,0
"1338",27091790600,15.5,2,17.5,90.473017988008
"1339",27021960302,1.5,NA,1.5,45.9027315123251
"1340",27037060508,23.5,NA,23.5,95.0033311125916
"1341",27001770200,10,NA,10,81.0126582278481
"1342",27011950300,8.5,NA,8.5,77.8147901399067
"1343",27003051203,NA,NA,0,0
"1344",27003050901,1,NA,1,40.7728181212525
"1345",27053105500,NA,NA,0,0
"1346",27053001700,4,NA,4,63.5576282478348
"1347",27131070701,3,2,5,67.9546968687542
"1348",27101900200,2.5,NA,2.5,55.0966022651566
"1349",27119020800,1.5,NA,1.5,45.9027315123251
"1350",27135970300,5.5,1,6.5,73.217854763491
"1351",27037060739,2,1,3,58.2278481012658
"1352",27037060734,NA,NA,0,0
"1353",27023950602,3.5,2,5.5,69.8201199200533
"1354",27001770300,10.5,2,12.5,85.0766155896069
"1355",27105105600,1,NA,1,40.7728181212525
"1356",27169670600,11,1,12,84.2105263157895
"1357",27019090302,25.5,4,29.5,96.8021319120586
"1358",27091790200,3,NA,3,58.2278481012658
"1359",27053026614,NA,NA,0,0
"1360",27053026723,NA,NA,0,0
"1361",27053026616,NA,NA,0,0
"1362",27123032300,NA,NA,0,0
"1363",27123031701,9,NA,9,78.8141239173884
"1364",27123040504,1,NA,1,40.7728181212525
"1365",27123040901,0.5,NA,0.5,35.8427714856762
"1366",27123036100,6,4,10,81.0126582278481
"1367",27137011102,9,NA,9,78.8141239173884
"1368",27139080907,NA,NA,0,0
"1369",27097780400,0.5,NA,0.5,35.8427714856762
"1370",27053026707,2.5,3,5.5,69.8201199200533
"1371",27003050216,NA,NA,0,0
"1372",27003050229,0.5,NA,0.5,35.8427714856762
"1373",27003050706,NA,NA,0,0
"1374",27141030503,18.5,5,23.5,95.0033311125916
"1375",27015960500,6.5,NA,6.5,73.217854763491
"1376",27009020100,0.5,NA,0.5,35.8427714856762
"1377",27163070703,NA,NA,0,0
"1378",27053026816,2.5,1,3.5,61.4923384410393
"1379",27053021002,NA,NA,0,0
"1380",27053023501,NA,NA,0,0
"1381",27053108800,NA,NA,0,0
"1382",27053026611,1,NA,1,40.7728181212525
"1383",27033270200,13.5,NA,13.5,86.5423051299134
"1384",27035950501,3.5,NA,3.5,61.4923384410393
"1385",27003050829,33,1,34,97.7348434377082
"1386",27053026302,1.5,NA,1.5,45.9027315123251
"1387",27053005901,1.5,NA,1.5,45.9027315123251
"1388",27053026702,1,2,3,58.2278481012658
"1389",27027030110,NA,NA,0,0
"1390",27053111200,0.5,1,1.5,45.9027315123251
"1391",27053012003,3,NA,3,58.2278481012658
"1392",27053022200,NA,NA,0,0
"1393",27139080307,NA,1,1,40.7728181212525
"1394",27171101002,8.5,1,9.5,79.9467021985343
"1395",27123042700,NA,1,1,40.7728181212525
"1396",27123041400,1,1,2,50.7661558960693
"1397",27123033800,NA,NA,0,0
"1398",27123040200,0.5,NA,0.5,35.8427714856762
"1399",27027020500,NA,NA,0,0
"1400",27003050816,1,NA,1,40.7728181212525
"1401",27003050607,NA,NA,0,0
"1402",27153790700,2,NA,2,50.7661558960693
"1403",27145000304,1,1,2,50.7661558960693
"1404",27001790504,2,1,3,58.2278481012658
"1405",27137011402,19,NA,19,92.1385742838108
"1406",27025110700,4,NA,4,63.5576282478348
"1407",27049080900,16,NA,16,89.4736842105263
"1408",27091790100,NA,NA,0,0
"1409",27053122500,NA,NA,0,0
"1410",27037060754,NA,NA,0,0
"1411",27037061110,4.5,NA,4.5,66.3557628247835
"1412",27053026516,1.5,NA,1.5,45.9027315123251
"1413",27053104901,6.5,1,7.5,75.616255829447
"1414",27021960803,11.5,NA,11.5,83.6775483011326
"1415",27013171202,14.5,1,15.5,89.0073284477015
"1416",27079950600,12,NA,12,84.2105263157895
"1417",27117460200,0.5,NA,0.5,35.8427714856762
"1418",27053104100,6,NA,6,71.9520319786809
"1419",27053020804,NA,NA,0,0
"1420",27085950700,11.5,1,12.5,85.0766155896069
"1421",27047180900,9.5,1,10.5,82.0119920053298
"1422",27053021900,NA,NA,0,0
"1423",27053026101,NA,NA,0,0
"1424",27097780800,NA,NA,0,0
"1425",27163070801,0.5,NA,0.5,35.8427714856762
"1426",27163070301,0.5,NA,0.5,35.8427714856762
"1427",27111961200,4,NA,4,63.5576282478348
"1428",27123033600,NA,NA,0,0
"1429",27057070500,4.5,1,5.5,69.8201199200533
"1430",27053026722,NA,NA,0,0
"1431",27123042002,NA,NA,0,0
"1432",27047180700,4,1,5,67.9546968687542
"1433",27163070907,NA,NA,0,0
"1434",27163070304,NA,NA,0,0
"1435",27037060506,NA,NA,0,0
"1436",27169670700,36.5,1,37.5,98.2678214523651
"1437",27149480100,10,1,11,82.5449700199867
"1438",27111960102,NA,NA,0,0
"1439",27131070901,42,4,46,99.0672884743504
"1440",27123980000,33,1,34,97.7348434377082
"1441",27137000100,1,NA,1,40.7728181212525
"1442",27137002600,1,NA,1,40.7728181212525
"1443",27053102000,NA,NA,0,0
"1444",27003050217,3,NA,3,58.2278481012658
"1445",27145010101,2.5,NA,2.5,55.0966022651566
"1446",27145011500,21.5,5,26.5,96.2025316455696
"1447",27145000303,0.5,NA,0.5,35.8427714856762
"1448",27105105300,1,NA,1,40.7728181212525
"1449",27053026026,NA,NA,0,0
"1450",27037060904,NA,1,1,40.7728181212525
"1451",27123042900,NA,1,1,40.7728181212525
"1452",27053101600,3,NA,3,58.2278481012658
"1453",27007450201,NA,NA,0,0
"1454",27145010900,25.5,6,31.5,97.2018654230513
"1455",27127750600,3,NA,3,58.2278481012658
"1456",27053010700,NA,NA,0,0
"1457",27053125900,NA,NA,0,0
"1458",27053026605,0.5,1,1.5,45.9027315123251
"1459",27053023201,NA,NA,0,0
"1460",27009020202,3,1,4,63.5576282478348
"1461",27003050232,NA,NA,0,0
"1462",27137013000,8,NA,8,76.8820786142572
"1463",27123036600,NA,NA,0,0
"1464",27057070700,0.5,1,1.5,45.9027315123251
"1465",27061481001,0.5,1,1.5,45.9027315123251
"1466",27035950902,2,NA,2,50.7661558960693
"1467",27171100707,1,1,2,50.7661558960693
"1468",27123043002,NA,NA,0,0
"1469",27053026721,NA,NA,0,0
"1470",27123032600,NA,NA,0,0
"1471",27053109000,NA,NA,0,0
"1472",27141030407,4.5,1,5.5,69.8201199200533
"1473",27141031500,8,NA,8,76.8820786142572
"1474",27053025801,NA,NA,0,0
"1475",27109001302,NA,NA,0,0
"1476",27171100805,NA,NA,0,0
"1477",27027030112,8,NA,8,76.8820786142572
"1478",27053025905,NA,NA,0,0
"1479",27053125600,14,1,15,88.4077281812125
"1480",27159480300,25.5,NA,25.5,95.8027981345769
"1481",27053026819,NA,NA,0,0
"1482",27165950300,12,NA,12,84.2105263157895
"1483",27109001602,0.5,NA,0.5,35.8427714856762
"1484",27145011308,23.5,4,27.5,96.402398401066
"1485",27019090704,3,NA,3,58.2278481012658
"1486",27037061008,NA,NA,0,0
"1487",27163071010,4,1,5,67.9546968687542
"1488",27061480801,1,NA,1,40.7728181212525
"1489",27037060822,NA,NA,0,0
"1490",27037060301,3.5,1,4.5,66.3557628247835
"1491",27059130100,8,NA,8,76.8820786142572
"1492",27139080906,1,NA,1,40.7728181212525
"1493",27063480300,11,1,12,84.2105263157895
"1494",27035951303,4,NA,4,63.5576282478348
"1495",27173970300,13.5,1,14.5,87.8081279147235
"1496",27089080100,1.5,NA,1.5,45.9027315123251
"1497",27113090200,4,NA,4,63.5576282478348
"1498",27137012300,4.5,NA,4.5,66.3557628247835
"1499",27035951000,23,NA,23,94.670219853431
"1500",27053026812,4,2,6,71.9520319786809
"1501",27137012100,31.5,4,35.5,97.9347101932045
"1502",27137001900,8,NA,8,76.8820786142572
