"","geoid","lake_impairments","stream_impairments","wetland_impairments","impairment_score","percentile_rank"
"1",27137003700,8,1,NA,9,88.011088011088
"2",27137003300,8,3,NA,11,96.6042966042966
"3",27137003400,8,3,NA,11,96.6042966042966
"4",27137002200,8,8,NA,16,99.7920997920998
"5",27137002400,8,4,NA,12,98.4753984753985
"6",27137000301,8,4,NA,12,98.4753984753985
"7",27137015600,8,8,NA,16,99.7920997920998
"8",27137015800,8,4,NA,12,98.4753984753985
"9",27137002900,8,3,NA,11,96.6042966042966
"10",27137010200,8,3,NA,11,96.6042966042966
"11",27137003800,8,6,NA,14,99.7227997227997
"12",27137002000,8,8,NA,16,99.7920997920998
"13",27137003600,8,3,NA,11,96.6042966042966
"14",27137003000,8,3,NA,11,96.6042966042966
"15",27137002600,8,4,NA,12,98.4753984753985
"16",27137001900,8,8,NA,16,99.7920997920998
"17",27017070300,7,6,NA,13,99.3069993069993
"18",27017070402,7,6,NA,13,99.3069993069993
"19",27059130600,4,1,NA,5,51.004851004851
"20",27059130100,4,1,NA,5,51.004851004851
"21",27053026809,4,5,NA,9,88.011088011088
"22",27053000101,4,5,NA,9,88.011088011088
"23",27053020201,4,5,NA,9,88.011088011088
"24",27053020303,4,5,NA,9,88.011088011088
"25",27053020304,4,5,NA,9,88.011088011088
"26",27053020903,4,1,NA,5,51.004851004851
"27",27053021300,4,4,NA,8,83.021483021483
"28",27053021200,4,5,NA,9,88.011088011088
"29",27053020700,4,NA,NA,4,34.7886347886348
"30",27053021100,4,4,NA,8,83.021483021483
"31",27053100200,4,5,NA,9,88.011088011088
"32",27053020400,4,5,NA,9,88.011088011088
"33",27053020801,4,3,NA,7,76.0914760914761
"34",27053020500,4,5,NA,9,88.011088011088
"35",27053020804,4,NA,NA,4,34.7886347886348
"36",27053020902,4,4,NA,8,83.021483021483
"37",27163070603,4,1,NA,5,51.004851004851
"38",27037061109,4,9,NA,13,99.3069993069993
"39",27163070802,4,2,NA,6,63.4095634095634
"40",27163070705,4,2,NA,6,63.4095634095634
"41",27163070602,4,2,NA,6,63.4095634095634
"42",27163070501,4,4,NA,8,83.021483021483
"43",27163070706,4,2,NA,6,63.4095634095634
"44",27163070502,4,4,NA,8,83.021483021483
"45",27163071101,4,2,NA,6,63.4095634095634
"46",27037061401,4,9,NA,13,99.3069993069993
"47",27163071102,4,9,NA,13,99.3069993069993
"48",27163070704,4,2,NA,6,63.4095634095634
"49",27163070404,4,4,NA,8,83.021483021483
"50",27163070703,4,2,NA,6,63.4095634095634
"51",27163070801,4,2,NA,6,63.4095634095634
"52",27073180100,3,5,NA,8,83.021483021483
"53",27023950500,3,4,NA,7,76.0914760914761
"54",27073180300,3,5,NA,8,83.021483021483
"55",27033270200,3,5,NA,8,83.021483021483
"56",27041450601,3,NA,NA,3,19.1268191268191
"57",27041450602,3,NA,NA,3,19.1268191268191
"58",27041450702,3,NA,NA,3,19.1268191268191
"59",27041451000,3,2,NA,5,51.004851004851
"60",27041450703,3,NA,NA,3,19.1268191268191
"61",27041450704,3,NA,NA,3,19.1268191268191
"62",27041450500,3,5,NA,8,83.021483021483
"63",27053108600,3,NA,NA,3,19.1268191268191
"64",27053011000,3,5,1,9,88.011088011088
"65",27053008200,3,NA,NA,3,19.1268191268191
"66",27053008400,3,NA,NA,3,19.1268191268191
"67",27053110900,3,5,1,9,88.011088011088
"68",27053125800,3,NA,NA,3,19.1268191268191
"69",27053109400,3,NA,NA,3,19.1268191268191
"70",27053009600,3,5,NA,8,83.021483021483
"71",27053107400,3,9,NA,12,98.4753984753985
"72",27053007700,3,NA,NA,3,19.1268191268191
"73",27053110000,3,5,NA,8,83.021483021483
"74",27053008500,3,NA,NA,3,19.1268191268191
"75",27053126000,3,NA,NA,3,19.1268191268191
"76",27053009500,3,5,NA,8,83.021483021483
"77",27053110100,3,5,NA,8,83.021483021483
"78",27053107500,3,9,NA,12,98.4753984753985
"79",27053007801,3,NA,NA,3,19.1268191268191
"80",27053008300,3,NA,NA,3,19.1268191268191
"81",27053109900,3,5,NA,8,83.021483021483
"82",27053108700,3,NA,NA,3,19.1268191268191
"83",27053109300,3,NA,NA,3,19.1268191268191
"84",27053110200,3,5,NA,8,83.021483021483
"85",27053109700,3,NA,NA,3,19.1268191268191
"86",27053108800,3,9,NA,12,98.4753984753985
"87",27053125900,3,9,NA,12,98.4753984753985
"88",27123032400,3,NA,NA,3,19.1268191268191
"89",27123041602,3,NA,NA,3,19.1268191268191
"90",27123030400,3,NA,NA,3,19.1268191268191
"91",27123030800,3,NA,NA,3,19.1268191268191
"92",27123032200,3,NA,NA,3,19.1268191268191
"93",27123041700,3,NA,NA,3,19.1268191268191
"94",27123030300,3,NA,NA,3,19.1268191268191
"95",27123031300,3,NA,NA,3,19.1268191268191
"96",27123030201,3,NA,NA,3,19.1268191268191
"97",27123030202,3,NA,NA,3,19.1268191268191
"98",27123031200,3,NA,NA,3,19.1268191268191
"99",27123041900,3,NA,NA,3,19.1268191268191
"100",27123041800,3,NA,NA,3,19.1268191268191
"101",27123032300,3,NA,NA,3,19.1268191268191
"102",27123032600,3,NA,NA,3,19.1268191268191
"103",27123041107,3,2,2,7,76.0914760914761
"104",27123040805,3,2,2,7,76.0914760914761
"105",27123040804,3,1,2,6,63.4095634095634
"106",27123041302,3,1,2,6,63.4095634095634
"107",27123041400,3,1,NA,4,34.7886347886348
"108",27123041200,3,2,2,7,76.0914760914761
"109",27123041104,3,3,NA,6,63.4095634095634
"110",27123041105,3,3,NA,6,63.4095634095634
"111",27123040801,3,2,NA,5,51.004851004851
"112",27123041106,3,2,2,7,76.0914760914761
"113",27123040902,3,3,NA,6,63.4095634095634
"114",27053020101,3,NA,2,5,51.004851004851
"115",27003051502,3,NA,NA,3,19.1268191268191
"116",27053000601,3,5,NA,8,83.021483021483
"117",27053000603,3,NA,NA,3,19.1268191268191
"118",27123041103,3,2,2,7,76.0914760914761
"119",27003051305,3,NA,NA,3,19.1268191268191
"120",27003051501,3,NA,NA,3,19.1268191268191
"121",27003051302,3,NA,NA,3,19.1268191268191
"122",27001790503,3,NA,NA,3,19.1268191268191
"123",27001790504,3,1,NA,4,34.7886347886348
"124",27161790100,3,3,NA,6,63.4095634095634
"125",27013170100,3,5,NA,8,83.021483021483
"126",27079950400,3,3,NA,6,63.4095634095634
"127",27013171400,3,6,NA,9,88.011088011088
"128",27043460200,3,5,NA,8,83.021483021483
"129",27019090702,3,5,NA,8,83.021483021483
"130",27053026021,3,4,NA,7,76.0914760914761
"131",27019090703,3,2,NA,5,51.004851004851
"132",27053026028,3,6,NA,9,88.011088011088
"133",27053026025,3,4,NA,7,76.0914760914761
"134",27053026026,3,6,NA,9,88.011088011088
"135",27019090704,3,4,NA,7,76.0914760914761
"136",27019090602,3,NA,NA,3,19.1268191268191
"137",27019090503,3,2,NA,5,51.004851004851
"138",27053026207,3,NA,NA,3,19.1268191268191
"139",27053027504,3,NA,NA,3,19.1268191268191
"140",27053026013,3,NA,NA,3,19.1268191268191
"141",27053026014,3,NA,NA,3,19.1268191268191
"142",27019090601,3,NA,NA,3,19.1268191268191
"143",27025110100,3,3,NA,6,63.4095634095634
"144",27115950800,3,2,NA,5,51.004851004851
"145",27035951400,3,3,NA,6,63.4095634095634
"146",27041450800,3,2,NA,5,51.004851004851
"147",27041450200,3,5,NA,8,83.021483021483
"148",27047180600,3,4,NA,7,76.0914760914761
"149",27047180500,3,4,NA,7,76.0914760914761
"150",27047180400,3,4,NA,7,76.0914760914761
"151",27047180800,3,4,NA,7,76.0914760914761
"152",27047180300,3,4,NA,7,76.0914760914761
"153",27047180900,3,4,NA,7,76.0914760914761
"154",27047180700,3,7,NA,10,93.9015939015939
"155",27053027002,3,6,NA,9,88.011088011088
"156",27053027001,3,6,NA,9,88.011088011088
"157",27053027101,3,5,NA,8,83.021483021483
"158",27053027102,3,5,NA,8,83.021483021483
"159",27067780100,3,2,NA,5,51.004851004851
"160",27067780400,3,5,NA,8,83.021483021483
"161",27067780200,3,3,NA,6,63.4095634095634
"162",27013170200,3,8,NA,11,96.6042966042966
"163",27079950600,3,8,NA,11,96.6042966042966
"164",27083360600,3,6,2,11,96.6042966042966
"165",27083360200,3,6,2,11,96.6042966042966
"166",27081201001,3,4,2,9,88.011088011088
"167",27081201002,3,4,2,9,88.011088011088
"168",27091790300,3,5,NA,8,83.021483021483
"169",27091790502,3,3,NA,6,63.4095634095634
"170",27091790501,3,5,NA,8,83.021483021483
"171",27091790600,3,5,NA,8,83.021483021483
"172",27091790200,3,5,NA,8,83.021483021483
"173",27091790100,3,4,NA,7,76.0914760914761
"174",27093560100,3,5,NA,8,83.021483021483
"175",27171100500,3,5,NA,8,83.021483021483
"176",27171101300,3,5,NA,8,83.021483021483
"177",27145011201,3,4,NA,7,76.0914760914761
"178",27115950100,3,2,NA,5,51.004851004851
"179",27139080903,3,2,NA,5,51.004851004851
"180",27139080908,3,NA,NA,3,19.1268191268191
"181",27139080305,3,5,NA,8,83.021483021483
"182",27139081001,3,4,NA,7,76.0914760914761
"183",27139080907,3,NA,NA,3,19.1268191268191
"184",27141030301,3,2,NA,5,51.004851004851
"185",27141030408,3,3,NA,6,63.4095634095634
"186",27141030302,3,3,NA,6,63.4095634095634
"187",27145010403,3,4,NA,7,76.0914760914761
"188",27145010401,3,1,NA,4,34.7886347886348
"189",27145010402,3,3,NA,6,63.4095634095634
"190",27145011101,3,4,NA,7,76.0914760914761
"191",27153790700,3,5,NA,8,83.021483021483
"192",27145011500,3,4,NA,7,76.0914760914761
"193",27153790800,3,1,NA,4,34.7886347886348
"194",27025110600,3,4,NA,7,76.0914760914761
"195",27163070205,3,4,NA,7,76.0914760914761
"196",27171100804,3,5,NA,8,83.021483021483
"197",27171100706,3,5,NA,8,83.021483021483
"198",27171100803,3,5,NA,8,83.021483021483
"199",27171100701,3,5,NA,8,83.021483021483
"200",27171100705,3,NA,NA,3,19.1268191268191
"201",27171100704,3,NA,NA,3,19.1268191268191
"202",27171101101,3,6,1,10,93.9015939015939
"203",27171100900,3,6,NA,9,88.011088011088
"204",27171101200,3,5,NA,8,83.021483021483
"205",27171101102,3,5,1,9,88.011088011088
"206",27053011998,3,9,NA,12,98.4753984753985
"207",27053024904,3,NA,1,4,34.7886347886348
"208",27053011800,3,5,1,9,88.011088011088
"209",27053111600,3,5,1,9,88.011088011088
"210",27053024700,3,NA,1,4,34.7886347886348
"211",27053980000,3,9,1,13,99.3069993069993
"212",27053011703,3,5,1,9,88.011088011088
"213",27053011704,3,5,1,9,88.011088011088
"214",27053012101,3,5,1,9,88.011088011088
"215",27053110500,3,9,NA,12,98.4753984753985
"216",27053111100,3,9,NA,12,98.4753984753985
"217",27053012102,3,9,NA,12,98.4753984753985
"218",27053012003,3,5,1,9,88.011088011088
"219",27053000300,3,5,NA,8,83.021483021483
"220",27053021400,3,4,NA,7,76.0914760914761
"221",27053021001,3,4,NA,7,76.0914760914761
"222",27137013900,3,3,NA,6,63.4095634095634
"223",27137013800,3,3,NA,6,63.4095634095634
"224",27137015200,3,3,NA,6,63.4095634095634
"225",27123037200,2,9,NA,11,96.6042966042966
"226",27037060202,2,9,NA,11,96.6042966042966
"227",27037060201,2,9,NA,11,96.6042966042966
"228",27037060105,2,9,NA,11,96.6042966042966
"229",27037060101,2,9,NA,11,96.6042966042966
"230",27037060102,2,9,NA,11,96.6042966042966
"231",27037060104,2,NA,NA,2,9.21690921690922
"232",27123036100,2,9,NA,11,96.6042966042966
"233",27041450900,2,1,2,5,51.004851004851
"234",27053002700,2,4,NA,6,63.4095634095634
"235",27053003200,2,4,NA,6,63.4095634095634
"236",27053021602,2,4,NA,6,63.4095634095634
"237",27053021700,2,4,NA,6,63.4095634095634
"238",27053021800,2,4,NA,6,63.4095634095634
"239",27053021002,2,4,NA,6,63.4095634095634
"240",27053021900,2,4,NA,6,63.4095634095634
"241",27053102000,2,4,NA,6,63.4095634095634
"242",27053003300,2,4,NA,6,63.4095634095634
"243",27053022000,2,NA,NA,2,9.21690921690922
"244",27053106500,2,4,NA,6,63.4095634095634
"245",27053105100,2,4,NA,6,63.4095634095634
"246",27053102800,2,4,NA,6,63.4095634095634
"247",27053022801,2,NA,NA,2,9.21690921690922
"248",27053104100,2,4,NA,6,63.4095634095634
"249",27053022700,2,5,NA,7,76.0914760914761
"250",27053022802,2,NA,NA,2,9.21690921690922
"251",27053105500,2,4,NA,6,63.4095634095634
"252",27053026403,2,4,NA,6,63.4095634095634
"253",27053026609,2,2,NA,4,34.7886347886348
"254",27053026301,2,5,NA,7,76.0914760914761
"255",27053026507,2,4,NA,6,63.4095634095634
"256",27053026610,2,2,NA,4,34.7886347886348
"257",27053026514,2,2,NA,4,34.7886347886348
"258",27053026611,2,2,NA,4,34.7886347886348
"259",27053027400,2,5,NA,7,76.0914760914761
"260",27053027205,2,2,NA,4,34.7886347886348
"261",27053027300,2,5,NA,7,76.0914760914761
"262",27123042102,2,1,NA,3,19.1268191268191
"263",27123042202,2,1,NA,3,19.1268191268191
"264",27123042302,2,NA,NA,2,9.21690921690922
"265",27123042301,2,1,NA,3,19.1268191268191
"266",27123040402,2,NA,NA,2,9.21690921690922
"267",27123042401,2,NA,NA,2,9.21690921690922
"268",27123040606,2,1,NA,3,19.1268191268191
"269",27003051203,2,3,NA,5,51.004851004851
"270",27123040708,2,NA,NA,2,9.21690921690922
"271",27123040709,2,NA,NA,2,9.21690921690922
"272",27123040704,2,1,NA,3,19.1268191268191
"273",27163070604,2,3,NA,5,51.004851004851
"274",27163070403,2,4,NA,6,63.4095634095634
"275",27163070405,2,1,1,4,34.7886347886348
"276",27163070910,2,3,NA,5,51.004851004851
"277",27123042504,2,3,NA,5,51.004851004851
"278",27123042501,2,3,NA,5,51.004851004851
"279",27163071006,2,3,NA,5,51.004851004851
"280",27163071001,2,3,NA,5,51.004851004851
"281",27163070911,2,NA,NA,2,9.21690921690922
"282",27163070912,2,NA,NA,2,9.21690921690922
"283",27163071013,2,1,NA,3,19.1268191268191
"284",27163071014,2,1,NA,3,19.1268191268191
"285",27163071019,2,1,NA,3,19.1268191268191
"286",27163071012,2,1,NA,3,19.1268191268191
"287",27123042503,2,9,NA,11,96.6042966042966
"288",27123037403,2,9,NA,11,96.6042966042966
"289",27163071003,2,9,NA,11,96.6042966042966
"290",27005450900,2,2,NA,4,34.7886347886348
"291",27005450800,2,2,NA,4,34.7886347886348
"292",27013170900,2,8,NA,10,93.9015939015939
"293",27013171000,2,6,NA,8,83.021483021483
"294",27017070600,2,2,NA,4,34.7886347886348
"295",27019090401,2,5,NA,7,76.0914760914761
"296",27019091002,2,5,NA,7,76.0914760914761
"297",27019090402,2,2,NA,4,34.7886347886348
"298",27019090802,2,NA,NA,2,9.21690921690922
"299",27019090801,2,4,NA,6,63.4095634095634
"300",27019090303,2,2,NA,4,34.7886347886348
"301",27053027702,2,1,NA,3,19.1268191268191
"302",27053027703,2,1,NA,3,19.1268191268191
"303",27019090101,2,6,NA,8,83.021483021483
"304",27019090304,2,6,NA,8,83.021483021483
"305",27019090302,2,5,NA,7,76.0914760914761
"306",27025110503,2,NA,NA,2,9.21690921690922
"307",27025110501,2,NA,NA,2,9.21690921690922
"308",27025110504,2,3,NA,5,51.004851004851
"309",27025110404,2,2,NA,4,34.7886347886348
"310",27025110403,2,3,NA,5,51.004851004851
"311",27033270400,2,7,NA,9,88.011088011088
"312",27033270100,2,5,NA,7,76.0914760914761
"313",27101900300,2,4,NA,6,63.4095634095634
"314",27033270300,2,7,NA,9,88.011088011088
"315",27053026005,2,NA,NA,2,9.21690921690922
"316",27053026006,2,NA,NA,2,9.21690921690922
"317",27053026019,2,2,NA,4,34.7886347886348
"318",27053026104,2,1,NA,3,19.1268191268191
"319",27053026208,2,NA,NA,2,9.21690921690922
"320",27053026020,2,2,NA,4,34.7886347886348
"321",27053026007,2,2,NA,4,34.7886347886348
"322",27053026103,2,5,NA,7,76.0914760914761
"323",27059130501,2,1,NA,3,19.1268191268191
"324",27063480100,2,7,NA,9,88.011088011088
"325",27067780300,2,2,NA,4,34.7886347886348
"326",27067780600,2,2,NA,4,34.7886347886348
"327",27091790400,2,4,NA,6,63.4095634095634
"328",27165950300,2,5,NA,7,76.0914760914761
"329",27093560200,2,5,NA,7,76.0914760914761
"330",27085950200,2,6,NA,8,83.021483021483
"331",27101900100,2,5,2,9,88.011088011088
"332",27101900200,2,4,NA,6,63.4095634095634
"333",27105105100,2,5,NA,7,76.0914760914761
"334",27111961400,2,1,NA,3,19.1268191268191
"335",27111960600,2,1,NA,3,19.1268191268191
"336",27111960700,2,2,NA,4,34.7886347886348
"337",27111960400,2,2,NA,4,34.7886347886348
"338",27111960102,2,2,NA,4,34.7886347886348
"339",27111961600,2,3,NA,5,51.004851004851
"340",27111961200,2,NA,NA,2,9.21690921690922
"341",27111961700,2,4,NA,6,63.4095634095634
"342",27111960800,2,2,NA,4,34.7886347886348
"343",27121970300,2,5,NA,7,76.0914760914761
"344",27121970200,2,4,1,7,76.0914760914761
"345",27121970100,2,4,NA,6,63.4095634095634
"346",27121970400,2,3,NA,5,51.004851004851
"347",27139080207,2,4,NA,6,63.4095634095634
"348",27139080905,2,4,NA,6,63.4095634095634
"349",27139080204,2,4,NA,6,63.4095634095634
"350",27139080201,2,6,NA,8,83.021483021483
"351",27139080206,2,4,NA,6,63.4095634095634
"352",27139080202,2,4,NA,6,63.4095634095634
"353",27139080307,2,2,NA,4,34.7886347886348
"354",27139080906,2,4,NA,6,63.4095634095634
"355",27139080802,2,6,NA,8,83.021483021483
"356",27139080700,2,6,NA,8,83.021483021483
"357",27141030409,2,3,NA,5,51.004851004851
"358",27141030410,2,3,NA,5,51.004851004851
"359",27141030406,2,3,NA,5,51.004851004851
"360",27141030405,2,3,NA,5,51.004851004851
"361",27093560600,2,6,NA,8,83.021483021483
"362",27145011000,2,2,NA,4,34.7886347886348
"363",27093560500,2,6,NA,8,83.021483021483
"364",27151960400,2,5,NA,7,76.0914760914761
"365",27153790500,2,4,NA,6,63.4095634095634
"366",27163070906,2,NA,NA,2,9.21690921690922
"367",27171100401,2,NA,NA,2,9.21690921690922
"368",27171100707,2,2,NA,4,34.7886347886348
"369",27171100300,2,3,NA,5,51.004851004851
"370",27019090200,2,6,NA,8,83.021483021483
"371",27085950100,2,6,NA,8,83.021483021483
"372",27001770100,2,2,NA,4,34.7886347886348
"373",27001770200,2,2,NA,4,34.7886347886348
"374",27035950100,2,2,NA,4,34.7886347886348
"375",27003050233,2,2,NA,4,34.7886347886348
"376",27003050210,2,3,NA,5,51.004851004851
"377",27003050230,2,2,NA,4,34.7886347886348
"378",27003050237,2,2,NA,4,34.7886347886348
"379",27003050232,2,2,NA,4,34.7886347886348
"380",27003050111,2,NA,NA,2,9.21690921690922
"381",27003051600,2,2,NA,4,34.7886347886348
"382",27003050902,2,2,NA,4,34.7886347886348
"383",27123040706,2,2,NA,4,34.7886347886348
"384",27003050828,2,2,NA,4,34.7886347886348
"385",27123040705,2,2,NA,4,34.7886347886348
"386",27003050901,2,2,NA,4,34.7886347886348
"387",27003050229,2,1,NA,3,19.1268191268191
"388",27003050816,2,1,NA,3,19.1268191268191
"389",27005450200,2,2,NA,4,34.7886347886348
"390",27007450500,2,3,NA,5,51.004851004851
"391",27007450400,2,2,NA,4,34.7886347886348
"392",27007450706,2,NA,NA,2,9.21690921690922
"393",27007450600,2,NA,NA,2,9.21690921690922
"394",27007450102,2,1,NA,3,19.1268191268191
"395",27007450704,2,1,NA,3,19.1268191268191
"396",27007450300,2,1,NA,3,19.1268191268191
"397",27009020202,2,4,NA,6,63.4095634095634
"398",27009020205,2,1,NA,3,19.1268191268191
"399",27009020203,2,5,NA,7,76.0914760914761
"400",27011950200,2,3,NA,5,51.004851004851
"401",27011950100,2,5,NA,7,76.0914760914761
"402",27011950300,2,3,NA,5,51.004851004851
"403",27019090501,2,2,NA,4,34.7886347886348
"404",27053027503,2,NA,NA,2,9.21690921690922
"405",27019091202,2,5,NA,7,76.0914760914761
"406",27019091100,2,6,NA,8,83.021483021483
"407",27019091201,2,3,NA,5,51.004851004851
"408",27019090102,2,6,NA,8,83.021483021483
"409",27025110700,2,4,NA,6,63.4095634095634
"410",27137001300,2,1,NA,3,19.1268191268191
"411",27031480101,2,1,NA,3,19.1268191268191
"412",27137001200,2,1,NA,3,19.1268191268191
"413",27031480102,2,1,NA,3,19.1268191268191
"414",27075370102,2,2,NA,4,34.7886347886348
"415",27137001600,2,8,NA,10,93.9015939015939
"416",27137000900,2,1,NA,3,19.1268191268191
"417",27075370101,2,4,NA,6,63.4095634095634
"418",27075370400,2,2,NA,4,34.7886347886348
"419",27137000600,2,3,NA,5,51.004851004851
"420",27137000700,2,1,NA,3,19.1268191268191
"421",27137001100,2,1,NA,3,19.1268191268191
"422",27031480200,2,NA,NA,2,9.21690921690922
"423",27137015700,2,1,NA,3,19.1268191268191
"424",27137000200,2,3,NA,5,51.004851004851
"425",27137000500,2,1,NA,3,19.1268191268191
"426",27137001000,2,1,NA,3,19.1268191268191
"427",27137001400,2,1,NA,3,19.1268191268191
"428",27137001800,2,8,NA,10,93.9015939015939
"429",27137010500,2,3,NA,5,51.004851004851
"430",27075370300,2,4,NA,6,63.4095634095634
"431",27137001700,2,8,NA,10,93.9015939015939
"432",27035951600,2,2,NA,4,34.7886347886348
"433",27097780400,2,2,NA,4,34.7886347886348
"434",27097780300,2,5,NA,7,76.0914760914761
"435",27037061106,2,9,NA,11,96.6042966042966
"436",27037061111,2,4,NA,6,63.4095634095634
"437",27037061001,2,9,NA,11,96.6042966042966
"438",27037061105,2,9,NA,11,96.6042966042966
"439",27037061102,2,9,NA,11,96.6042966042966
"440",27049080600,2,3,NA,5,51.004851004851
"441",27037061402,2,5,NA,7,76.0914760914761
"442",27049080500,2,5,NA,7,76.0914760914761
"443",27051070100,2,5,NA,7,76.0914760914761
"444",27041450100,2,2,NA,4,34.7886347886348
"445",27051070200,2,5,NA,7,76.0914760914761
"446",27053023802,2,5,NA,7,76.0914760914761
"447",27053109200,2,NA,NA,2,9.21690921690922
"448",27053008100,2,NA,NA,2,9.21690921690922
"449",27053111400,2,5,1,8,83.021483021483
"450",27053110800,2,5,1,8,83.021483021483
"451",27053023100,2,5,NA,7,76.0914760914761
"452",27053023600,2,5,NA,7,76.0914760914761
"453",27053111500,2,5,1,8,83.021483021483
"454",27053108000,2,NA,NA,2,9.21690921690922
"455",27053111300,2,5,NA,7,76.0914760914761
"456",27053012001,2,5,1,8,83.021483021483
"457",27053109800,2,5,NA,7,76.0914760914761
"458",27053109100,2,5,NA,7,76.0914760914761
"459",27053010600,2,5,NA,7,76.0914760914761
"460",27053111200,2,5,NA,7,76.0914760914761
"461",27053010700,2,5,NA,7,76.0914760914761
"462",27053107000,2,NA,NA,2,9.21690921690922
"463",27053106600,2,NA,NA,2,9.21690921690922
"464",27053022901,2,5,NA,7,76.0914760914761
"465",27053106700,2,4,NA,6,63.4095634095634
"466",27053105201,2,4,NA,6,63.4095634095634
"467",27053105600,2,4,NA,6,63.4095634095634
"468",27053006800,2,NA,NA,2,9.21690921690922
"469",27053026015,2,4,NA,6,63.4095634095634
"470",27053026024,2,6,NA,8,83.021483021483
"471",27053026023,2,2,NA,4,34.7886347886348
"472",27053026511,2,1,NA,3,19.1268191268191
"473",27053026515,2,2,NA,4,34.7886347886348
"474",27053021601,2,4,NA,6,63.4095634095634
"475",27053026509,2,3,NA,5,51.004851004851
"476",27053021505,2,4,NA,6,63.4095634095634
"477",27053026505,2,4,NA,6,63.4095634095634
"478",27053021504,2,1,NA,3,19.1268191268191
"479",27053026614,2,2,NA,4,34.7886347886348
"480",27053026516,2,4,NA,6,63.4095634095634
"481",27053026508,2,3,NA,5,51.004851004851
"482",27053021501,2,5,NA,7,76.0914760914761
"483",27053026807,2,5,NA,7,76.0914760914761
"484",27053026712,2,3,NA,5,51.004851004851
"485",27053026724,2,5,NA,7,76.0914760914761
"486",27053021502,2,3,NA,5,51.004851004851
"487",27053026713,2,5,NA,7,76.0914760914761
"488",27053026510,2,3,NA,5,51.004851004851
"489",27053026720,2,5,NA,7,76.0914760914761
"490",27053026718,2,5,NA,7,76.0914760914761
"491",27053026725,2,5,NA,7,76.0914760914761
"492",27053026711,2,5,NA,7,76.0914760914761
"493",27053026726,2,5,NA,7,76.0914760914761
"494",27053026708,2,5,NA,7,76.0914760914761
"495",27053026723,2,5,NA,7,76.0914760914761
"496",27053026721,2,5,NA,7,76.0914760914761
"497",27053027601,2,2,NA,4,34.7886347886348
"498",27053027602,2,1,NA,3,19.1268191268191
"499",27053027701,2,2,NA,4,34.7886347886348
"500",27053027204,2,2,NA,4,34.7886347886348
"501",27053027203,2,NA,NA,2,9.21690921690922
"502",27053027202,2,2,NA,4,34.7886347886348
"503",27057070400,2,1,NA,3,19.1268191268191
"504",27005450100,2,2,NA,4,34.7886347886348
"505",27057070500,2,1,NA,3,19.1268191268191
"506",27061481002,2,3,NA,5,51.004851004851
"507",27061480600,2,3,NA,5,51.004851004851
"508",27071790500,2,3,NA,5,51.004851004851
"509",27061480102,2,3,NA,5,51.004851004851
"510",27063480300,2,4,NA,6,63.4095634095634
"511",27065480100,2,2,NA,4,34.7886347886348
"512",27065480200,2,2,NA,4,34.7886347886348
"513",27065480400,2,2,NA,4,34.7886347886348
"514",27065480300,2,2,NA,4,34.7886347886348
"515",27067781100,2,5,NA,7,76.0914760914761
"516",27135970100,2,4,NA,6,63.4095634095634
"517",27135970400,2,4,NA,6,63.4095634095634
"518",27077460402,2,4,NA,6,63.4095634095634
"519",27077460401,2,4,NA,6,63.4095634095634
"520",27131070300,2,3,NA,5,51.004851004851
"521",27079950300,2,3,NA,5,51.004851004851
"522",27079950500,2,3,NA,5,51.004851004851
"523",27083360100,2,4,NA,6,63.4095634095634
"524",27173970400,2,5,NA,7,76.0914760914761
"525",27127750500,2,5,NA,7,76.0914760914761
"526",27085950500,2,6,NA,8,83.021483021483
"527",27157490400,2,3,NA,5,51.004851004851
"528",27109001902,2,3,NA,5,51.004851004851
"529",27111961500,2,2,NA,4,34.7886347886348
"530",27115950600,2,2,NA,4,34.7886347886348
"531",27115950700,2,2,NA,4,34.7886347886348
"532",27115950500,2,2,NA,4,34.7886347886348
"533",27115950300,2,2,NA,4,34.7886347886348
"534",27115950200,2,1,NA,3,19.1268191268191
"535",27001770402,2,3,NA,5,51.004851004851
"536",27123040102,2,2,NA,4,34.7886347886348
"537",27123040502,2,1,NA,3,19.1268191268191
"538",27163070204,2,2,NA,4,34.7886347886348
"539",27123040101,2,NA,NA,2,9.21690921690922
"540",27123040504,2,1,NA,3,19.1268191268191
"541",27123040200,2,1,NA,3,19.1268191268191
"542",27163070301,2,1,NA,3,19.1268191268191
"543",27123042201,2,NA,NA,2,9.21690921690922
"544",27123040605,2,1,NA,3,19.1268191268191
"545",27123042101,2,1,NA,3,19.1268191268191
"546",27123031000,2,NA,NA,2,9.21690921690922
"547",27123031100,2,NA,NA,2,9.21690921690922
"548",27123031801,2,NA,NA,2,9.21690921690922
"549",27123030602,2,NA,NA,2,9.21690921690922
"550",27123031600,2,NA,NA,2,9.21690921690922
"551",27123030704,2,NA,NA,2,9.21690921690922
"552",27123031702,2,NA,NA,2,9.21690921690922
"553",27123030601,2,NA,NA,2,9.21690921690922
"554",27123042402,2,NA,NA,2,9.21690921690922
"555",27123030703,2,NA,NA,2,9.21690921690922
"556",27123031701,2,NA,NA,2,9.21690921690922
"557",27123040603,2,1,NA,3,19.1268191268191
"558",27123040601,2,1,NA,3,19.1268191268191
"559",27123040707,2,NA,NA,2,9.21690921690922
"560",27123041601,2,1,NA,3,19.1268191268191
"561",27123041500,2,1,NA,3,19.1268191268191
"562",27123030500,2,NA,NA,2,9.21690921690922
"563",27037060402,2,9,NA,11,96.6042966042966
"564",27123980000,2,9,NA,11,96.6042966042966
"565",27037060301,2,9,NA,11,96.6042966042966
"566",27129790100,2,6,NA,8,83.021483021483
"567",27131070400,2,3,NA,5,51.004851004851
"568",27131070801,2,3,NA,5,51.004851004851
"569",27131070902,2,3,NA,5,51.004851004851
"570",27131070901,2,3,NA,5,51.004851004851
"571",27131070200,2,5,NA,7,76.0914760914761
"572",27137015502,2,1,NA,3,19.1268191268191
"573",27137010400,2,4,NA,6,63.4095634095634
"574",27137000302,2,4,NA,6,63.4095634095634
"575",27137010602,2,1,NA,3,19.1268191268191
"576",27137015501,2,2,NA,4,34.7886347886348
"577",27137015402,2,1,NA,3,19.1268191268191
"578",27137011101,2,2,NA,4,34.7886347886348
"579",27137011102,2,2,NA,4,34.7886347886348
"580",27137011401,2,3,NA,5,51.004851004851
"581",27137011402,2,3,NA,5,51.004851004851
"582",27137013600,2,3,NA,5,51.004851004851
"583",27137013400,2,3,NA,5,51.004851004851
"584",27137012800,2,3,NA,5,51.004851004851
"585",27137013200,2,NA,NA,2,9.21690921690922
"586",27137012700,2,3,NA,5,51.004851004851
"587",27137002300,2,4,NA,6,63.4095634095634
"588",27139081002,2,4,NA,6,63.4095634095634
"589",27139081200,2,6,NA,8,83.021483021483
"590",27139081101,2,5,NA,7,76.0914760914761
"591",27141030504,2,2,NA,4,34.7886347886348
"592",27141030503,2,3,NA,5,51.004851004851
"593",27141030506,2,3,NA,5,51.004851004851
"594",27171100102,2,3,NA,5,51.004851004851
"595",27145011400,2,2,NA,4,34.7886347886348
"596",27145011306,2,4,NA,6,63.4095634095634
"597",27145011302,2,4,NA,6,63.4095634095634
"598",27145011102,2,4,NA,6,63.4095634095634
"599",27149480200,2,2,NA,4,34.7886347886348
"600",27149480100,2,5,2,9,88.011088011088
"601",27159480100,2,2,NA,4,34.7886347886348
"602",27057070700,2,2,NA,4,34.7886347886348
"603",27161790400,2,NA,NA,2,9.21690921690922
"604",27161790500,2,2,NA,4,34.7886347886348
"605",27161790300,2,5,NA,7,76.0914760914761
"606",27163070406,2,NA,1,3,19.1268191268191
"607",27163070104,2,2,NA,4,34.7886347886348
"608",27163070105,2,3,NA,5,51.004851004851
"609",27163070108,2,2,NA,4,34.7886347886348
"610",27163070107,2,2,NA,4,34.7886347886348
"611",27163070103,2,2,NA,4,34.7886347886348
"612",27053104400,1,9,NA,10,93.9015939015939
"613",27053103400,1,4,NA,5,51.004851004851
"614",27053105700,1,NA,NA,1,0
"615",27053105204,1,4,NA,5,51.004851004851
"616",27053126201,1,9,NA,10,93.9015939015939
"617",27053105400,1,9,NA,10,93.9015939015939
"618",27053106900,1,NA,NA,1,0
"619",27053005902,1,NA,NA,1,0
"620",27053126102,1,9,NA,10,93.9015939015939
"621",27053005901,1,9,NA,10,93.9015939015939
"622",27123030100,1,NA,NA,1,0
"623",27123042001,1,NA,NA,1,0
"624",27053104001,1,9,NA,10,93.9015939015939
"625",27053104002,1,9,NA,10,93.9015939015939
"626",27053104902,1,9,NA,10,93.9015939015939
"627",27123033200,1,9,NA,10,93.9015939015939
"628",27123031900,1,9,NA,10,93.9015939015939
"629",27053104901,1,9,NA,10,93.9015939015939
"630",27123042002,1,NA,NA,1,0
"631",27053125600,1,9,NA,10,93.9015939015939
"632",27005450300,1,4,NA,5,51.004851004851
"633",27005450700,1,4,NA,5,51.004851004851
"634",27165950100,1,5,NA,6,63.4095634095634
"635",27015960700,1,6,NA,7,76.0914760914761
"636",27097780200,1,2,NA,3,19.1268191268191
"637",27145011202,1,3,NA,4,34.7886347886348
"638",27145000502,1,3,NA,4,34.7886347886348
"639",27145011308,1,3,NA,4,34.7886347886348
"640",27145011305,1,3,NA,4,34.7886347886348
"641",27171100202,1,3,NA,4,34.7886347886348
"642",27001770401,1,2,NA,3,19.1268191268191
"643",27001790501,1,2,NA,3,19.1268191268191
"644",27061480701,1,1,NA,2,9.21690921690922
"645",27035950801,1,1,NA,2,9.21690921690922
"646",27001770300,1,2,NA,3,19.1268191268191
"647",27035950701,1,2,NA,3,19.1268191268191
"648",27003050236,1,NA,NA,1,0
"649",27003050110,1,1,NA,2,9.21690921690922
"650",27003050235,1,NA,NA,1,0
"651",27003050234,1,3,NA,4,34.7886347886348
"652",27003050215,1,3,NA,4,34.7886347886348
"653",27003050216,1,3,NA,4,34.7886347886348
"654",27003050712,1,3,NA,4,34.7886347886348
"655",27003050219,1,3,NA,4,34.7886347886348
"656",27003050220,1,3,NA,4,34.7886347886348
"657",27003050504,1,5,NA,6,63.4095634095634
"658",27003050609,1,3,NA,4,34.7886347886348
"659",27003050208,1,3,NA,4,34.7886347886348
"660",27003050707,1,3,NA,4,34.7886347886348
"661",27003050602,1,3,NA,4,34.7886347886348
"662",27003050612,1,5,NA,6,63.4095634095634
"663",27003050505,1,3,NA,4,34.7886347886348
"664",27003050114,1,1,NA,2,9.21690921690922
"665",27003050115,1,1,NA,2,9.21690921690922
"666",27003050116,1,4,NA,5,51.004851004851
"667",27141030505,1,5,NA,6,63.4095634095634
"668",27057070200,1,1,NA,2,9.21690921690922
"669",27005940000,1,2,NA,3,19.1268191268191
"670",27005450600,1,4,NA,5,51.004851004851
"671",27005450400,1,1,NA,2,9.21690921690922
"672",27005450500,1,4,NA,5,51.004851004851
"673",27111960103,1,1,NA,2,9.21690921690922
"674",27007450201,1,NA,NA,1,0
"675",27007450705,1,NA,NA,1,0
"676",27007940002,1,NA,NA,1,0
"677",27007450202,1,NA,NA,1,0
"678",27007450703,1,NA,NA,1,0
"679",27057070100,1,1,NA,2,9.21690921690922
"680",27007940001,1,3,NA,4,34.7886347886348
"681",27029000300,1,5,NA,6,63.4095634095634
"682",27073180200,1,5,NA,6,63.4095634095634
"683",27103480502,1,8,NA,9,88.011088011088
"684",27013170300,1,8,NA,9,88.011088011088
"685",27103480501,1,8,NA,9,88.011088011088
"686",27103480600,1,8,NA,9,88.011088011088
"687",27017070401,1,3,NA,4,34.7886347886348
"688",27017070200,1,3,NA,4,34.7886347886348
"689",27017070502,1,2,NA,3,19.1268191268191
"690",27017070501,1,NA,NA,1,0
"691",27053027501,1,NA,NA,1,0
"692",27019090502,1,2,NA,3,19.1268191268191
"693",27019090902,1,4,NA,5,51.004851004851
"694",27021960100,1,1,NA,2,9.21690921690922
"695",27021960200,1,2,NA,3,19.1268191268191
"696",27021960302,1,1,NA,2,9.21690921690922
"697",27021960301,1,NA,NA,1,0
"698",27021940001,1,NA,NA,1,0
"699",27021960801,1,2,NA,3,19.1268191268191
"700",27035951304,1,3,NA,4,34.7886347886348
"701",27021960804,1,1,NA,2,9.21690921690922
"702",27021960700,1,3,NA,4,34.7886347886348
"703",27021960600,1,1,NA,2,9.21690921690922
"704",27035951700,1,2,NA,3,19.1268191268191
"705",27035950501,1,NA,NA,1,0
"706",27021960803,1,3,NA,4,34.7886347886348
"707",27035950902,1,NA,NA,1,0
"708",27025110202,1,3,NA,4,34.7886347886348
"709",27029000200,1,1,NA,2,9.21690921690922
"710",27029000100,1,3,NA,4,34.7886347886348
"711",27119021000,1,5,NA,6,63.4095634095634
"712",27035950802,1,2,NA,3,19.1268191268191
"713",27035950702,1,2,NA,3,19.1268191268191
"714",27035950901,1,2,NA,3,19.1268191268191
"715",27035951200,1,2,NA,3,19.1268191268191
"716",27035951000,1,3,NA,4,34.7886347886348
"717",27035950502,1,2,NA,3,19.1268191268191
"718",27035950402,1,NA,NA,1,0
"719",27035950204,1,1,NA,2,9.21690921690922
"720",27035950401,1,1,NA,2,9.21690921690922
"721",27035951301,1,2,NA,3,19.1268191268191
"722",27037060834,1,1,NA,2,9.21690921690922
"723",27037060835,1,NA,NA,1,0
"724",27037060837,1,1,NA,2,9.21690921690922
"725",27037060815,1,1,NA,2,9.21690921690922
"726",27037060836,1,6,NA,7,76.0914760914761
"727",27037060813,1,NA,NA,1,0
"728",27037060811,1,NA,NA,1,0
"729",27037060812,1,1,NA,2,9.21690921690922
"730",27037060742,1,NA,NA,1,0
"731",27037060819,1,1,NA,2,9.21690921690922
"732",27037060753,1,NA,NA,1,0
"733",27037060814,1,1,NA,2,9.21690921690922
"734",27037060816,1,1,NA,2,9.21690921690922
"735",27037060711,1,NA,NA,1,0
"736",27037060746,1,NA,NA,1,0
"737",27037060745,1,NA,NA,1,0
"738",27037060739,1,4,NA,5,51.004851004851
"739",27037060754,1,NA,NA,1,0
"740",27037060751,1,NA,NA,1,0
"741",27037060728,1,NA,NA,1,0
"742",27037060716,1,NA,NA,1,0
"743",27037060729,1,NA,NA,1,0
"744",27037060726,1,6,NA,7,76.0914760914761
"745",27037060717,1,NA,NA,1,0
"746",27037060727,1,NA,NA,1,0
"747",27037060725,1,6,NA,7,76.0914760914761
"748",27037060721,1,6,NA,7,76.0914760914761
"749",27037060733,1,NA,NA,1,0
"750",27037060750,1,NA,NA,1,0
"751",27037060731,1,NA,NA,1,0
"752",27037060749,1,6,NA,7,76.0914760914761
"753",27037060735,1,NA,NA,1,0
"754",27123036800,1,9,NA,10,93.9015939015939
"755",27037060604,1,9,NA,10,93.9015939015939
"756",27123037604,1,9,NA,10,93.9015939015939
"757",27123036000,1,9,NA,10,93.9015939015939
"758",27123037100,1,9,NA,10,93.9015939015939
"759",27123036700,1,9,NA,10,93.9015939015939
"760",27037060103,1,9,NA,10,93.9015939015939
"761",27037060603,1,9,NA,10,93.9015939015939
"762",27123036900,1,9,NA,10,93.9015939015939
"763",27123037000,1,9,NA,10,93.9015939015939
"764",27123035900,1,9,NA,10,93.9015939015939
"765",27037060508,1,9,NA,10,93.9015939015939
"766",27123037603,1,9,NA,10,93.9015939015939
"767",27123037601,1,9,NA,10,93.9015939015939
"768",27037060605,1,9,NA,10,93.9015939015939
"769",27053980100,1,9,NA,10,93.9015939015939
"770",27053025906,1,6,NA,7,76.0914760914761
"771",27053025907,1,6,NA,7,76.0914760914761
"772",27053025909,1,6,NA,7,76.0914760914761
"773",27053025908,1,2,NA,3,19.1268191268191
"774",27053025905,1,2,NA,3,19.1268191268191
"775",27053023902,1,2,NA,3,19.1268191268191
"776",27053026717,1,5,NA,6,63.4095634095634
"777",27053026719,1,5,NA,6,63.4095634095634
"778",27053026302,1,5,NA,6,63.4095634095634
"779",27053026606,1,2,NA,3,19.1268191268191
"780",27053026201,1,5,NA,6,63.4095634095634
"781",27171101002,1,6,NA,7,76.0914760914761
"782",27057070300,1,1,NA,2,9.21690921690922
"783",27057070600,1,NA,NA,1,0
"784",27137011300,1,5,NA,6,63.4095634095634
"785",27061480500,1,2,NA,3,19.1268191268191
"786",27061480401,1,1,NA,2,9.21690921690922
"787",27061480402,1,2,NA,3,19.1268191268191
"788",27061480902,1,3,NA,4,34.7886347886348
"789",27061481001,1,3,NA,4,34.7886347886348
"790",27061480403,1,2,NA,3,19.1268191268191
"791",27061480101,1,1,NA,2,9.21690921690922
"792",27061480301,1,1,NA,2,9.21690921690922
"793",27061480302,1,NA,NA,1,0
"794",27061480805,1,1,NA,2,9.21690921690922
"795",27061480804,1,1,NA,2,9.21690921690922
"796",27061480702,1,1,NA,2,9.21690921690922
"797",27061480801,1,2,NA,3,19.1268191268191
"798",27061480803,1,2,NA,3,19.1268191268191
"799",27061480901,1,1,NA,2,9.21690921690922
"800",27061480303,1,NA,NA,1,0
"801",27067780500,1,1,NA,2,9.21690921690922
"802",27069090100,1,3,NA,4,34.7886347886348
"803",27071790300,1,2,NA,3,19.1268191268191
"804",27137015401,1,NA,NA,1,0
"805",27089080300,1,4,NA,5,51.004851004851
"806",27089080200,1,4,NA,5,51.004851004851
"807",27093560300,1,5,NA,6,63.4095634095634
"808",27093560400,1,5,NA,6,63.4095634095634
"809",27097780100,1,3,NA,4,34.7886347886348
"810",27153790400,1,4,NA,5,51.004851004851
"811",27097780800,1,2,NA,3,19.1268191268191
"812",27099000300,1,3,NA,4,34.7886347886348
"813",27099000800,1,3,NA,4,34.7886347886348
"814",27099000410,1,4,NA,5,51.004851004851
"815",27099000600,1,4,NA,5,51.004851004851
"816",27099000100,1,4,NA,5,51.004851004851
"817",27099001000,1,5,NA,6,63.4095634095634
"818",27109000200,1,3,NA,4,34.7886347886348
"819",27109000400,1,3,NA,4,34.7886347886348
"820",27109000500,1,3,NA,4,34.7886347886348
"821",27109001503,1,3,NA,4,34.7886347886348
"822",27109001502,1,3,NA,4,34.7886347886348
"823",27109001100,1,3,NA,4,34.7886347886348
"824",27109000600,1,3,NA,4,34.7886347886348
"825",27109000100,1,3,NA,4,34.7886347886348
"826",27109000300,1,3,NA,4,34.7886347886348
"827",27109002300,1,3,NA,4,34.7886347886348
"828",27109001000,1,3,NA,4,34.7886347886348
"829",27109001601,1,3,NA,4,34.7886347886348
"830",27109000902,1,3,NA,4,34.7886347886348
"831",27109001602,1,3,NA,4,34.7886347886348
"832",27109002200,1,3,NA,4,34.7886347886348
"833",27109001203,1,3,NA,4,34.7886347886348
"834",27109000903,1,2,NA,3,19.1268191268191
"835",27111961300,1,2,NA,3,19.1268191268191
"836",27111960500,1,1,NA,2,9.21690921690922
"837",27111961100,1,NA,NA,1,0
"838",27111960300,1,4,NA,5,51.004851004851
"839",27111961000,1,1,NA,2,9.21690921690922
"840",27113090400,1,2,NA,3,19.1268191268191
"841",27113090500,1,2,NA,3,19.1268191268191
"842",27113090100,1,5,NA,6,63.4095634095634
"843",27113090200,1,2,NA,3,19.1268191268191
"844",27115950401,1,2,NA,3,19.1268191268191
"845",27119020900,1,3,NA,4,34.7886347886348
"846",27119020800,1,3,NA,4,34.7886347886348
"847",27123034702,1,3,NA,4,34.7886347886348
"848",27123031802,1,NA,NA,1,0
"849",27123030702,1,NA,NA,1,0
"850",27123034701,1,3,NA,4,34.7886347886348
"851",27003051103,1,3,NA,4,34.7886347886348
"852",27123041002,1,3,NA,4,34.7886347886348
"853",27127750300,1,5,NA,6,63.4095634095634
"854",27127750400,1,5,NA,6,63.4095634095634
"855",27127750200,1,5,NA,6,63.4095634095634
"856",27127750100,1,4,NA,5,51.004851004851
"857",27137014100,1,3,NA,4,34.7886347886348
"858",27137010601,1,3,NA,4,34.7886347886348
"859",27137015300,1,NA,NA,1,0
"860",27137014000,1,3,NA,4,34.7886347886348
"861",27137010301,1,4,NA,5,51.004851004851
"862",27137015503,1,2,NA,3,19.1268191268191
"863",27137013500,1,1,NA,2,9.21690921690922
"864",27137013300,1,NA,NA,1,0
"865",27137013100,1,NA,NA,1,0
"866",27137013000,1,NA,NA,1,0
"867",27071790202,1,1,NA,2,9.21690921690922
"868",27137015100,1,2,NA,3,19.1268191268191
"869",27137012100,1,3,NA,4,34.7886347886348
"870",27137011200,1,3,NA,4,34.7886347886348
"871",27137012600,1,NA,NA,1,0
"872",27139081102,1,3,NA,4,34.7886347886348
"873",27145010200,1,2,NA,3,19.1268191268191
"874",27149480300,1,5,NA,6,63.4095634095634
"875",27151960100,1,3,NA,4,34.7886347886348
"876",27145010500,1,4,NA,5,51.004851004851
"877",27145010600,1,4,NA,5,51.004851004851
"878",27155460200,1,5,NA,6,63.4095634095634
"879",27155460100,1,5,NA,6,63.4095634095634
"880",27147960500,1,5,NA,6,63.4095634095634
"881",27161790200,1,6,NA,7,76.0914760914761
"882",27163070206,1,4,NA,5,51.004851004851
"883",27163070208,1,2,NA,3,19.1268191268191
"884",27163070303,1,NA,NA,1,0
"885",27163070907,1,NA,NA,1,0
"886",27123040302,1,1,NA,2,9.21690921690922
"887",27163070304,1,NA,NA,1,0
"888",27123040301,1,1,NA,2,9.21690921690922
"889",27123040503,1,1,NA,2,9.21690921690922
"890",27123040401,1,NA,NA,1,0
"891",27171100402,1,2,NA,3,19.1268191268191
"892",27173970200,1,4,2,7,76.0914760914761
"893",27003051202,1,4,NA,5,51.004851004851
"894",27003051304,1,4,NA,5,51.004851004851
"895",27003051201,1,4,NA,5,51.004851004851
"896",27003051206,1,5,NA,6,63.4095634095634
"897",27003051102,1,4,NA,5,51.004851004851
"898",27003051400,1,5,NA,6,63.4095634095634
"899",27027030202,1,4,NA,5,51.004851004851
"900",27027030201,1,2,NA,3,19.1268191268191
"901",27009020300,1,4,NA,5,51.004851004851
"902",27013171500,1,6,NA,7,76.0914760914761
"903",27013171300,1,8,NA,9,88.011088011088
"904",27015960400,1,4,NA,5,51.004851004851
"905",27015960600,1,4,NA,5,51.004851004851
"906",27019090901,1,5,NA,6,63.4095634095634
"907",27025110402,1,3,NA,4,34.7886347886348
"908",27037061502,1,5,NA,6,63.4095634095634
"909",27037061501,1,6,NA,7,76.0914760914761
"910",27037060713,1,NA,NA,1,0
"911",27037060738,1,NA,NA,1,0
"912",27037060806,1,NA,NA,1,0
"913",27037060714,1,NA,NA,1,0
"914",27037060838,1,NA,NA,1,0
"915",27037060823,1,NA,NA,1,0
"916",27037061010,1,NA,NA,1,0
"917",27037060841,1,NA,NA,1,0
"918",27037061011,1,NA,NA,1,0
"919",27037061003,1,9,NA,10,93.9015939015939
"920",27037060840,1,NA,NA,1,0
"921",27037060822,1,NA,NA,1,0
"922",27037060752,1,NA,NA,1,0
"923",27037060732,1,NA,NA,1,0
"924",27037060734,1,NA,NA,1,0
"925",27037060832,1,1,NA,2,9.21690921690922
"926",27037060907,1,6,NA,7,76.0914760914761
"927",27037060831,1,1,NA,2,9.21690921690922
"928",27037060829,1,1,NA,2,9.21690921690922
"929",27037060839,1,NA,NA,1,0
"930",27037061007,1,NA,NA,1,0
"931",27043460500,1,3,NA,4,34.7886347886348
"932",27047181000,1,7,NA,8,83.021483021483
"933",27047180200,1,5,NA,6,63.4095634095634
"934",27047180100,1,2,NA,3,19.1268191268191
"935",27157490200,1,5,NA,6,63.4095634095634
"936",27049080201,1,5,NA,6,63.4095634095634
"937",27157490300,1,5,NA,6,63.4095634095634
"938",27049080300,1,5,NA,6,63.4095634095634
"939",27157490500,1,5,NA,6,63.4095634095634
"940",27053024300,1,NA,NA,1,0
"941",27053025401,1,NA,NA,1,0
"942",27053025601,1,4,NA,5,51.004851004851
"943",27053025702,1,4,NA,5,51.004851004851
"944",27053024004,1,NA,NA,1,0
"945",27053024600,1,NA,NA,1,0
"946",27053025603,1,4,NA,5,51.004851004851
"947",27053125500,1,4,NA,5,51.004851004851
"948",27053108900,1,9,NA,10,93.9015939015939
"949",27053110400,1,9,NA,10,93.9015939015939
"950",27053024100,1,5,NA,6,63.4095634095634
"951",27053024006,1,5,NA,6,63.4095634095634
"952",27053023901,1,2,NA,3,19.1268191268191
"953",27053024200,1,NA,NA,1,0
"954",27053024003,1,2,NA,3,19.1268191268191
"955",27053023801,1,5,NA,6,63.4095634095634
"956",27053023903,1,2,NA,3,19.1268191268191
"957",27053024005,1,5,NA,6,63.4095634095634
"958",27053023700,1,5,NA,6,63.4095634095634
"959",27053025605,1,4,NA,5,51.004851004851
"960",27053101300,1,4,NA,5,51.004851004851
"961",27053100700,1,4,NA,5,51.004851004851
"962",27053100400,1,5,NA,6,63.4095634095634
"963",27053100800,1,5,NA,6,63.4095634095634
"964",27053025704,1,6,NA,7,76.0914760914761
"965",27053025703,1,4,NA,5,51.004851004851
"966",27053023202,1,5,NA,6,63.4095634095634
"967",27053026406,1,5,NA,6,63.4095634095634
"968",27053022302,1,5,NA,6,63.4095634095634
"969",27053026405,1,5,NA,6,63.4095634095634
"970",27053022102,1,5,NA,6,63.4095634095634
"971",27053022400,1,5,NA,6,63.4095634095634
"972",27053022301,1,5,NA,6,63.4095634095634
"973",27053022200,1,5,NA,6,63.4095634095634
"974",27053122500,1,5,NA,6,63.4095634095634
"975",27053023201,1,5,NA,6,63.4095634095634
"976",27053021503,1,3,NA,4,34.7886347886348
"977",27053026404,1,5,NA,6,63.4095634095634
"978",27053026205,1,NA,NA,1,0
"979",27053026202,1,5,NA,6,63.4095634095634
"980",27053026206,1,NA,NA,1,0
"981",27053026615,1,5,NA,6,63.4095634095634
"982",27053026616,1,5,NA,6,63.4095634095634
"983",27053026605,1,5,NA,6,63.4095634095634
"984",27053026706,1,5,NA,6,63.4095634095634
"985",27053026903,1,5,NA,6,63.4095634095634
"986",27053026907,1,5,NA,6,63.4095634095634
"987",27053026910,1,5,NA,6,63.4095634095634
"988",27053026707,1,5,NA,6,63.4095634095634
"989",27053026812,1,5,NA,6,63.4095634095634
"990",27171100806,1,5,NA,6,63.4095634095634
"991",27053026911,1,5,NA,6,63.4095634095634
"992",27171100807,1,5,NA,6,63.4095634095634
"993",27053026912,1,5,NA,6,63.4095634095634
"994",27171100805,1,5,NA,6,63.4095634095634
"995",27053022101,1,NA,NA,1,0
"996",27059130400,1,3,NA,4,34.7886347886348
"997",27059130302,1,1,NA,2,9.21690921690922
"998",27059130200,1,1,NA,2,9.21690921690922
"999",27059130303,1,2,NA,3,19.1268191268191
"1000",27059130304,1,2,NA,3,19.1268191268191
"1001",27141030104,1,3,NA,4,34.7886347886348
"1002",27063480200,1,6,NA,7,76.0914760914761
"1003",27105105300,1,4,NA,5,51.004851004851
"1004",27067781200,1,2,NA,3,19.1268191268191
"1005",27067780800,1,NA,NA,1,0
"1006",27067781000,1,NA,NA,1,0
"1007",27079950102,1,6,NA,7,76.0914760914761
"1008",27131070101,1,5,NA,6,63.4095634095634
"1009",27085950600,1,6,NA,7,76.0914760914761
"1010",27095970200,1,1,NA,2,9.21690921690922
"1011",27105105400,1,1,NA,2,9.21690921690922
"1012",27105105500,1,1,NA,2,9.21690921690922
"1013",27105105600,1,1,NA,2,9.21690921690922
"1014",27111960900,1,1,NA,2,9.21690921690922
"1015",27123042601,1,NA,NA,1,0
"1016",27123042602,1,NA,NA,1,0
"1017",27123042700,1,NA,NA,1,0
"1018",27141030103,1,3,NA,4,34.7886347886348
"1019",27141030105,1,1,NA,2,9.21690921690922
"1020",27141030106,1,1,NA,2,9.21690921690922
"1021",27003050107,1,1,NA,2,9.21690921690922
"1022",27141030201,1,3,NA,4,34.7886347886348
"1023",27141030202,1,3,NA,4,34.7886347886348
"1024",27141030407,1,3,NA,4,34.7886347886348
"1025",27143170198,1,6,NA,7,76.0914760914761
"1026",27143170400,1,6,NA,7,76.0914760914761
"1027",27143170300,1,3,NA,4,34.7886347886348
"1028",27103480100,1,6,NA,7,76.0914760914761
"1029",27143170200,1,3,NA,4,34.7886347886348
"1030",27145010900,1,4,NA,5,51.004851004851
"1031",27147960100,1,3,NA,4,34.7886347886348
"1032",27039950300,1,3,NA,4,34.7886347886348
"1033",27151960300,1,4,NA,5,51.004851004851
"1034",27163071209,1,1,NA,2,9.21690921690922
"1035",27163071400,1,9,NA,10,93.9015939015939
"1036",27163071207,1,9,NA,10,93.9015939015939
"1037",27163071024,1,NA,NA,1,0
"1038",27163071021,1,NA,NA,1,0
"1039",27163071020,1,NA,NA,1,0
"1040",27163071023,1,NA,NA,1,0
"1041",27163071011,1,NA,NA,1,0
"1042",27163071010,1,NA,NA,1,0
"1043",27163071025,1,NA,NA,1,0
"1044",27163071016,1,NA,NA,1,0
"1045",27163071022,1,NA,NA,1,0
"1046",27169670301,1,NA,NA,1,0
"1047",27169670500,1,4,NA,5,51.004851004851
"1048",27169670400,1,4,NA,5,51.004851004851
"1049",27169670302,1,NA,NA,1,0
"1050",27169670802,1,4,NA,5,51.004851004851
"1051",27169670600,1,4,NA,5,51.004851004851
"1052",27169670700,1,4,NA,5,51.004851004851
"1053",27171100101,1,5,NA,6,63.4095634095634
"1054",27171100206,1,3,NA,4,34.7886347886348
"1055",27171101001,1,6,1,8,83.021483021483
"1056",27053106400,NA,9,NA,9,88.011088011088
"1057",27123034400,NA,9,NA,9,88.011088011088
"1058",27037060302,NA,9,NA,9,88.011088011088
"1059",27053003802,NA,9,NA,9,88.011088011088
"1060",27037060401,NA,9,NA,9,88.011088011088
"1061",27123034203,NA,9,NA,9,88.011088011088
"1062",27053126101,NA,9,NA,9,88.011088011088
"1063",27053126202,NA,9,NA,9,88.011088011088
"1064",27053106000,NA,9,NA,9,88.011088011088
"1065",27123035800,NA,9,NA,9,88.011088011088
"1066",27123033000,NA,9,NA,9,88.011088011088
"1067",27123034602,NA,9,NA,9,88.011088011088
"1068",27123037500,NA,9,NA,9,88.011088011088
"1069",27053003801,NA,9,NA,9,88.011088011088
"1070",27053104801,NA,9,NA,9,88.011088011088
"1071",27123035100,NA,9,NA,9,88.011088011088
"1072",27053103000,NA,9,NA,9,88.011088011088
"1073",27053103600,NA,9,NA,9,88.011088011088
"1074",27123036300,NA,9,NA,9,88.011088011088
"1075",27123034900,NA,9,NA,9,88.011088011088
"1076",27123033300,NA,9,NA,9,88.011088011088
"1077",27123033100,NA,9,NA,9,88.011088011088
"1078",27053104802,NA,9,NA,9,88.011088011088
"1079",27053103900,NA,9,NA,9,88.011088011088
"1080",27053106200,NA,9,NA,9,88.011088011088
"1081",27123034601,NA,9,NA,9,88.011088011088
"1082",27123034000,NA,9,NA,9,88.011088011088
"1083",27123034500,NA,9,NA,9,88.011088011088
"1084",27123035000,NA,9,NA,9,88.011088011088
"1085",27123035700,NA,9,NA,9,88.011088011088
"1086",27037060502,NA,9,NA,9,88.011088011088
"1087",27037060509,NA,9,NA,9,88.011088011088
"1088",27123042800,NA,9,NA,9,88.011088011088
"1089",27123034204,NA,9,NA,9,88.011088011088
"1090",27123043001,NA,9,NA,9,88.011088011088
"1091",27123035500,NA,9,NA,9,88.011088011088
"1092",27053102600,NA,9,NA,9,88.011088011088
"1093",27053107600,NA,9,NA,9,88.011088011088
"1094",27037060503,NA,9,NA,9,88.011088011088
"1095",27053103100,NA,9,NA,9,88.011088011088
"1096",27123037402,NA,9,NA,9,88.011088011088
"1097",27163071300,NA,9,NA,9,88.011088011088
"1098",27123033700,NA,9,NA,9,88.011088011088
"1099",27123034201,NA,9,NA,9,88.011088011088
"1100",27053103700,NA,9,NA,9,88.011088011088
"1101",27123036600,NA,9,NA,9,88.011088011088
"1102",27123043002,NA,9,NA,9,88.011088011088
"1103",27053109000,NA,9,NA,9,88.011088011088
"1104",27013170600,NA,8,NA,8,83.021483021483
"1105",27013171101,NA,8,NA,8,83.021483021483
"1106",27013170700,NA,8,NA,8,83.021483021483
"1107",27103480400,NA,8,NA,8,83.021483021483
"1108",27013170400,NA,8,NA,8,83.021483021483
"1109",27103480200,NA,8,NA,8,83.021483021483
"1110",27103480300,NA,8,NA,8,83.021483021483
"1111",27079950200,NA,8,NA,8,83.021483021483
"1112",27013170800,NA,8,NA,8,83.021483021483
"1113",27013171202,NA,8,NA,8,83.021483021483
"1114",27063480400,NA,7,NA,7,76.0914760914761
"1115",27085950402,NA,6,NA,6,63.4095634095634
"1116",27085950401,NA,6,NA,6,63.4095634095634
"1117",27085950302,NA,6,NA,6,63.4095634095634
"1118",27085950301,NA,6,NA,6,63.4095634095634
"1119",27083360400,NA,6,NA,6,63.4095634095634
"1120",27083360300,NA,6,NA,6,63.4095634095634
"1121",27083360500,NA,6,NA,6,63.4095634095634
"1122",27015960102,NA,6,NA,6,63.4095634095634
"1123",27053025802,NA,6,NA,6,63.4095634095634
"1124",27053025302,NA,6,NA,6,63.4095634095634
"1125",27037060747,NA,6,NA,6,63.4095634095634
"1126",27053025803,NA,6,NA,6,63.4095634095634
"1127",27139080100,NA,6,NA,6,63.4095634095634
"1128",27037060710,NA,6,NA,6,63.4095634095634
"1129",27139080303,NA,6,NA,6,63.4095634095634
"1130",27053025301,NA,6,NA,6,63.4095634095634
"1131",27037060748,NA,6,NA,6,63.4095634095634
"1132",27139080304,NA,6,NA,6,63.4095634095634
"1133",27053025100,NA,6,NA,6,63.4095634095634
"1134",27053026027,NA,6,NA,6,63.4095634095634
"1135",27053025805,NA,6,NA,6,63.4095634095634
"1136",27053025801,NA,6,NA,6,63.4095634095634
"1137",27139080801,NA,6,NA,6,63.4095634095634
"1138",27139081302,NA,6,NA,6,63.4095634095634
"1139",27139081301,NA,6,NA,6,63.4095634095634
"1140",27037060902,NA,6,NA,6,63.4095634095634
"1141",27037060905,NA,6,NA,6,63.4095634095634
"1142",27037060904,NA,6,NA,6,63.4095634095634
"1143",27167950100,NA,6,NA,6,63.4095634095634
"1144",27167950200,NA,6,NA,6,63.4095634095634
"1145",27107960200,NA,6,NA,6,63.4095634095634
"1146",27027030107,NA,6,NA,6,63.4095634095634
"1147",27107960300,NA,6,NA,6,63.4095634095634
"1148",27097780500,NA,5,NA,5,51.004851004851
"1149",27003050228,NA,5,NA,5,51.004851004851
"1150",27003050223,NA,5,NA,5,51.004851004851
"1151",27053020600,NA,5,NA,5,51.004851004851
"1152",27053100500,NA,5,NA,5,51.004851004851
"1153",27053020302,NA,5,NA,5,51.004851004851
"1154",27053026815,NA,5,NA,5,51.004851004851
"1155",27053020301,NA,5,NA,5,51.004851004851
"1156",27053026811,NA,5,NA,5,51.004851004851
"1157",27053000102,NA,5,NA,5,51.004851004851
"1158",27053026822,NA,5,NA,5,51.004851004851
"1159",27053026827,NA,5,NA,5,51.004851004851
"1160",27053026814,NA,5,NA,5,51.004851004851
"1161",27053026818,NA,5,NA,5,51.004851004851
"1162",27053100900,NA,5,NA,5,51.004851004851
"1163",27053026828,NA,5,NA,5,51.004851004851
"1164",27053026823,NA,5,NA,5,51.004851004851
"1165",27053020202,NA,5,NA,5,51.004851004851
"1166",27053026816,NA,5,NA,5,51.004851004851
"1167",27053026702,NA,5,NA,5,51.004851004851
"1168",27053026819,NA,5,NA,5,51.004851004851
"1169",27053026617,NA,5,NA,5,51.004851004851
"1170",27053026906,NA,5,NA,5,51.004851004851
"1171",27003050501,NA,5,NA,5,51.004851004851
"1172",27003050611,NA,5,NA,5,51.004851004851
"1173",27003050401,NA,5,NA,5,51.004851004851
"1174",27003050402,NA,5,NA,5,51.004851004851
"1175",27003050605,NA,5,NA,5,51.004851004851
"1176",27053026722,NA,5,NA,5,51.004851004851
"1177",27053022902,NA,5,NA,5,51.004851004851
"1178",27053122600,NA,5,NA,5,51.004851004851
"1179",27053023000,NA,5,NA,5,51.004851004851
"1180",27053023502,NA,5,NA,5,51.004851004851
"1181",27053023300,NA,5,NA,5,51.004851004851
"1182",27053023402,NA,5,NA,5,51.004851004851
"1183",27053023501,NA,5,NA,5,51.004851004851
"1184",27053026101,NA,5,NA,5,51.004851004851
"1185",27173970100,NA,5,NA,5,51.004851004851
"1186",27129790300,NA,5,NA,5,51.004851004851
"1187",27129790400,NA,5,NA,5,51.004851004851
"1188",27043460300,NA,5,NA,5,51.004851004851
"1189",27139080600,NA,5,NA,5,51.004851004851
"1190",27139080500,NA,5,NA,5,51.004851004851
"1191",27139080400,NA,5,NA,5,51.004851004851
"1192",27019091001,NA,5,NA,5,51.004851004851
"1193",27079950101,NA,5,NA,5,51.004851004851
"1194",27049080101,NA,5,NA,5,51.004851004851
"1195",27157490100,NA,5,NA,5,51.004851004851
"1196",27049080202,NA,5,NA,5,51.004851004851
"1197",27049080102,NA,5,NA,5,51.004851004851
"1198",27131070501,NA,5,NA,5,51.004851004851
"1199",27131070504,NA,5,NA,5,51.004851004851
"1200",27131070503,NA,5,NA,5,51.004851004851
"1201",27131070602,NA,5,NA,5,51.004851004851
"1202",27131070601,NA,5,NA,5,51.004851004851
"1203",27049080700,NA,5,NA,5,51.004851004851
"1204",27045960300,NA,5,NA,5,51.004851004851
"1205",27045960200,NA,5,NA,5,51.004851004851
"1206",27045960400,NA,5,NA,5,51.004851004851
"1207",27099001300,NA,5,NA,5,51.004851004851
"1208",27039950400,NA,5,NA,5,51.004851004851
"1209",27099001200,NA,5,NA,5,51.004851004851
"1210",27125010100,NA,5,NA,5,51.004851004851
"1211",27069090200,NA,5,NA,5,51.004851004851
"1212",27137000400,NA,4,NA,4,34.7886347886348
"1213",27137010302,NA,4,NA,4,34.7886347886348
"1214",27153790300,NA,4,NA,4,34.7886347886348
"1215",27153790600,NA,4,NA,4,34.7886347886348
"1216",27009020100,NA,4,NA,4,34.7886347886348
"1217",27085950700,NA,4,NA,4,34.7886347886348
"1218",27053102500,NA,4,NA,4,34.7886347886348
"1219",27053002200,NA,4,NA,4,34.7886347886348
"1220",27003051002,NA,4,NA,4,34.7886347886348
"1221",27003050608,NA,4,NA,4,34.7886347886348
"1222",27053002400,NA,4,NA,4,34.7886347886348
"1223",27053125700,NA,4,NA,4,34.7886347886348
"1224",27003050710,NA,4,NA,4,34.7886347886348
"1225",27053026908,NA,4,NA,4,34.7886347886348
"1226",27003050606,NA,4,NA,4,34.7886347886348
"1227",27053126300,NA,4,NA,4,34.7886347886348
"1228",27053026825,NA,4,NA,4,34.7886347886348
"1229",27053101800,NA,4,NA,4,34.7886347886348
"1230",27003051101,NA,4,NA,4,34.7886347886348
"1231",27053026826,NA,4,NA,4,34.7886347886348
"1232",27053026824,NA,4,NA,4,34.7886347886348
"1233",27003050709,NA,4,NA,4,34.7886347886348
"1234",27053102100,NA,4,NA,4,34.7886347886348
"1235",27003050227,NA,4,NA,4,34.7886347886348
"1236",27053001700,NA,4,NA,4,34.7886347886348
"1237",27003050607,NA,4,NA,4,34.7886347886348
"1238",27053101600,NA,4,NA,4,34.7886347886348
"1239",27003050224,NA,4,NA,4,34.7886347886348
"1240",27003050241,NA,4,NA,4,34.7886347886348
"1241",27003050218,NA,4,NA,4,34.7886347886348
"1242",27173970300,NA,4,NA,4,34.7886347886348
"1243",27023950300,NA,4,NA,4,34.7886347886348
"1244",27023950601,NA,4,NA,4,34.7886347886348
"1245",27023950602,NA,4,NA,4,34.7886347886348
"1246",27129790500,NA,4,NA,4,34.7886347886348
"1247",27129790200,NA,4,NA,4,34.7886347886348
"1248",27151960200,NA,4,NA,4,34.7886347886348
"1249",27117460100,NA,4,2,6,63.4095634095634
"1250",27129790600,NA,4,NA,4,34.7886347886348
"1251",27015960300,NA,4,NA,4,34.7886347886348
"1252",27015960101,NA,4,NA,4,34.7886347886348
"1253",27015960200,NA,4,NA,4,34.7886347886348
"1254",27043460400,NA,4,NA,4,34.7886347886348
"1255",27043460100,NA,4,NA,4,34.7886347886348
"1256",27053025403,NA,4,NA,4,34.7886347886348
"1257",27139080208,NA,4,NA,4,34.7886347886348
"1258",27037060709,NA,4,NA,4,34.7886347886348
"1259",27139080209,NA,4,NA,4,34.7886347886348
"1260",27037061112,NA,4,NA,4,34.7886347886348
"1261",27037061110,NA,4,NA,4,34.7886347886348
"1262",27169671000,NA,4,NA,4,34.7886347886348
"1263",27169670102,NA,4,NA,4,34.7886347886348
"1264",27169670900,NA,4,NA,4,34.7886347886348
"1265",27109002000,NA,4,NA,4,34.7886347886348
"1266",27169670101,NA,4,NA,4,34.7886347886348
"1267",27169670200,NA,4,NA,4,34.7886347886348
"1268",27055020200,NA,4,NA,4,34.7886347886348
"1269",27055020100,NA,4,NA,4,34.7886347886348
"1270",27055020300,NA,4,NA,4,34.7886347886348
"1271",27027030110,NA,4,NA,4,34.7886347886348
"1272",27119020100,NA,4,NA,4,34.7886347886348
"1273",27119020500,NA,4,NA,4,34.7886347886348
"1274",27119020300,NA,4,NA,4,34.7886347886348
"1275",27119020200,NA,4,NA,4,34.7886347886348
"1276",27119020400,NA,4,NA,4,34.7886347886348
"1277",27125010200,NA,4,NA,4,34.7886347886348
"1278",27113090300,NA,4,NA,4,34.7886347886348
"1279",27089080100,NA,4,NA,4,34.7886347886348
"1280",27089080400,NA,4,NA,4,34.7886347886348
"1281",27135970300,NA,4,NA,4,34.7886347886348
"1282",27117460400,NA,4,NA,4,34.7886347886348
"1283",27133570100,NA,4,NA,4,34.7886347886348
"1284",27133570300,NA,4,NA,4,34.7886347886348
"1285",27117460500,NA,4,NA,4,34.7886347886348
"1286",27105105200,NA,4,NA,4,34.7886347886348
"1287",27137000100,NA,3,NA,3,19.1268191268191
"1288",27017070100,NA,3,NA,3,19.1268191268191
"1289",27137010100,NA,3,NA,3,19.1268191268191
"1290",27035951100,NA,3,NA,3,19.1268191268191
"1291",27035951303,NA,3,NA,3,19.1268191268191
"1292",27159480200,NA,3,NA,3,19.1268191268191
"1293",27153790100,NA,3,NA,3,19.1268191268191
"1294",27145000701,NA,3,NA,3,19.1268191268191
"1295",27009021104,NA,3,NA,3,19.1268191268191
"1296",27145010103,NA,3,NA,3,19.1268191268191
"1297",27145000801,NA,3,NA,3,19.1268191268191
"1298",27009021103,NA,3,NA,3,19.1268191268191
"1299",27145001003,NA,3,NA,3,19.1268191268191
"1300",27145001002,NA,3,NA,3,19.1268191268191
"1301",27145000501,NA,3,NA,3,19.1268191268191
"1302",27145000901,NA,3,NA,3,19.1268191268191
"1303",27009021102,NA,3,NA,3,19.1268191268191
"1304",27145010104,NA,3,NA,3,19.1268191268191
"1305",27171100205,NA,3,NA,3,19.1268191268191
"1306",27171100203,NA,3,NA,3,19.1268191268191
"1307",27009021201,NA,3,NA,3,19.1268191268191
"1308",27003050238,NA,3,NA,3,19.1268191268191
"1309",27003050222,NA,3,NA,3,19.1268191268191
"1310",27003050239,NA,3,NA,3,19.1268191268191
"1311",27003050711,NA,3,NA,3,19.1268191268191
"1312",27003050704,NA,3,NA,3,19.1268191268191
"1313",27003050702,NA,3,NA,3,19.1268191268191
"1314",27003050706,NA,3,NA,3,19.1268191268191
"1315",27003051001,NA,3,NA,3,19.1268191268191
"1316",27015960500,NA,3,NA,3,19.1268191268191
"1317",27127750600,NA,3,NA,3,19.1268191268191
"1318",27025110201,NA,3,NA,3,19.1268191268191
"1319",27025110301,NA,3,NA,3,19.1268191268191
"1320",27025110302,NA,3,NA,3,19.1268191268191
"1321",27139081103,NA,3,NA,3,19.1268191268191
"1322",27049080400,NA,3,NA,3,19.1268191268191
"1323",27147960200,NA,3,NA,3,19.1268191268191
"1324",27147960400,NA,3,NA,3,19.1268191268191
"1325",27147960600,NA,3,NA,3,19.1268191268191
"1326",27147960300,NA,3,NA,3,19.1268191268191
"1327",27131070702,NA,3,NA,3,19.1268191268191
"1328",27131070802,NA,3,NA,3,19.1268191268191
"1329",27131070701,NA,3,NA,3,19.1268191268191
"1330",27131070102,NA,3,NA,3,19.1268191268191
"1331",27109001701,NA,3,NA,3,19.1268191268191
"1332",27109001501,NA,3,NA,3,19.1268191268191
"1333",27109001702,NA,3,NA,3,19.1268191268191
"1334",27109001603,NA,3,NA,3,19.1268191268191
"1335",27109001703,NA,3,NA,3,19.1268191268191
"1336",27109001202,NA,3,NA,3,19.1268191268191
"1337",27109001201,NA,3,NA,3,19.1268191268191
"1338",27049080800,NA,3,NA,3,19.1268191268191
"1339",27049080900,NA,3,NA,3,19.1268191268191
"1340",27039950100,NA,3,NA,3,19.1268191268191
"1341",27109001901,NA,3,NA,3,19.1268191268191
"1342",27039950200,NA,3,NA,3,19.1268191268191
"1343",27045960600,NA,3,NA,3,19.1268191268191
"1344",27045960500,NA,3,NA,3,19.1268191268191
"1345",27045960100,NA,3,NA,3,19.1268191268191
"1346",27055020900,NA,3,NA,3,19.1268191268191
"1347",27099000900,NA,3,NA,3,19.1268191268191
"1348",27099000200,NA,3,NA,3,19.1268191268191
"1349",27027020400,NA,3,NA,3,19.1268191268191
"1350",27027030300,NA,3,NA,3,19.1268191268191
"1351",27027020600,NA,3,NA,3,19.1268191268191
"1352",27027030108,NA,3,NA,3,19.1268191268191
"1353",27027020700,NA,3,NA,3,19.1268191268191
"1354",27027020300,NA,3,NA,3,19.1268191268191
"1355",27027030106,NA,3,NA,3,19.1268191268191
"1356",27027030400,NA,3,NA,3,19.1268191268191
"1357",27027020500,NA,3,NA,3,19.1268191268191
"1358",27027030111,NA,3,NA,3,19.1268191268191
"1359",27027030112,NA,3,NA,3,19.1268191268191
"1360",27107960100,NA,3,NA,3,19.1268191268191
"1361",27087940300,NA,3,NA,3,19.1268191268191
"1362",27135970500,NA,3,NA,3,19.1268191268191
"1363",27135970200,NA,3,NA,3,19.1268191268191
"1364",27133570200,NA,3,NA,3,19.1268191268191
"1365",27017940000,NA,2,NA,2,9.21690921690922
"1366",27137012500,NA,2,NA,2,9.21690921690922
"1367",27137012200,NA,2,NA,2,9.21690921690922
"1368",27137012400,NA,2,NA,2,9.21690921690922
"1369",27137012300,NA,2,NA,2,9.21690921690922
"1370",27097780600,NA,2,NA,2,9.21690921690922
"1371",27009020206,NA,2,NA,2,9.21690921690922
"1372",27145010101,NA,2,NA,2,9.21690921690922
"1373",27145011307,NA,2,NA,2,9.21690921690922
"1374",27003050810,NA,2,NA,2,9.21690921690922
"1375",27003050826,NA,2,NA,2,9.21690921690922
"1376",27003050827,NA,2,NA,2,9.21690921690922
"1377",27003050811,NA,2,NA,2,9.21690921690922
"1378",27003050829,NA,2,NA,2,9.21690921690922
"1379",27003050824,NA,2,NA,2,9.21690921690922
"1380",27003050823,NA,2,NA,2,9.21690921690922
"1381",27003050807,NA,2,NA,2,9.21690921690922
"1382",27003050825,NA,2,NA,2,9.21690921690922
"1383",27123040901,NA,2,NA,2,9.21690921690922
"1384",27003050808,NA,2,NA,2,9.21690921690922
"1385",27163070207,NA,2,NA,2,9.21690921690922
"1386",27095170400,NA,2,NA,2,9.21690921690922
"1387",27095170600,NA,2,NA,2,9.21690921690922
"1388",27095170700,NA,2,NA,2,9.21690921690922
"1389",27059130502,NA,2,NA,2,9.21690921690922
"1390",27023950400,NA,2,2,4,34.7886347886348
"1391",27043460600,NA,2,NA,2,9.21690921690922
"1392",27165950200,NA,2,NA,2,9.21690921690922
"1393",27115950402,NA,2,NA,2,9.21690921690922
"1394",27095970300,NA,2,NA,2,9.21690921690922
"1395",27109001401,NA,2,NA,2,9.21690921690922
"1396",27109001301,NA,2,NA,2,9.21690921690922
"1397",27109001403,NA,2,NA,2,9.21690921690922
"1398",27109001302,NA,2,NA,2,9.21690921690922
"1399",27039950500,NA,2,NA,2,9.21690921690922
"1400",27169670801,NA,2,NA,2,9.21690921690922
"1401",27109002100,NA,2,NA,2,9.21690921690922
"1402",27099001400,NA,2,NA,2,9.21690921690922
"1403",27119020600,NA,2,NA,2,9.21690921690922
"1404",27119020700,NA,2,NA,2,9.21690921690922
"1405",27117460300,NA,2,NA,2,9.21690921690922
"1406",27117460200,NA,2,NA,2,9.21690921690922
"1407",27097780700,NA,1,NA,1,0
"1408",27153790200,NA,1,NA,1,0
"1409",27159480300,NA,1,NA,1,0
"1410",27145000402,NA,1,NA,1,0
"1411",27145000401,NA,1,NA,1,0
"1412",27145011600,NA,1,NA,1,0
"1413",27145000602,NA,1,NA,1,0
"1414",27145000601,NA,1,NA,1,0
"1415",27145000301,NA,1,NA,1,0
"1416",27145000304,NA,1,NA,1,0
"1417",27145000303,NA,1,NA,1,0
"1418",27141031500,NA,1,NA,1,0
"1419",27163071208,NA,1,NA,1,0
"1420",27037060606,NA,1,NA,1,0
"1421",27003050819,NA,1,NA,1,0
"1422",27003050108,NA,1,NA,1,0
"1423",27095170500,NA,1,NA,1,0
"1424",27003050109,NA,1,NA,1,0
"1425",27003050217,NA,1,NA,1,0
"1426",27095970100,NA,1,NA,1,0
"1427",27003050240,NA,1,NA,1,0
"1428",27003050226,NA,1,NA,1,0
"1429",27067780700,NA,1,NA,1,0
"1430",27013171600,NA,1,NA,1,0
"1431",27083360700,NA,1,NA,1,0
"1432",27053023401,NA,1,NA,1,0
"1433",27037060906,NA,1,NA,1,0
"1434",27037060828,NA,1,NA,1,0
"1435",27037060833,NA,1,NA,1,0
"1436",27037060830,NA,1,NA,1,0
"1437",27147960700,NA,1,NA,1,0
"1438",27147960800,NA,1,NA,1,0
"1439",27109000901,NA,1,NA,1,0
"1440",27087940100,NA,1,NA,1,0
"1441",27077460300,NA,1,NA,1,0
"1442",27071790201,NA,1,NA,1,0
"1443",27071790100,NA,1,NA,1,0
"1444",27053024400,NA,NA,1,1,0
