"","geoid","compost_points","enf_points","gascapture_points","insp_points","landdisposal_points","leachate_points","msw_points","tire_points","transfer_points","wte_points","sw_points","percentile_rank"
"1",27001770100,0.2,NA,NA,1,NA,NA,NA,NA,3,NA,4.2,47.470398277718
"2",27001770300,2,2,NA,2,NA,NA,NA,NA,6,NA,12,78.0409041980624
"3",27001790503,2,NA,NA,1,1,1,NA,NA,NA,NA,4,43.4876210979548
"4",27003050210,2,NA,NA,NA,NA,NA,NA,NA,NA,NA,2,25.6189451022605
"5",27003050215,2,NA,NA,NA,NA,NA,NA,NA,NA,NA,2,25.6189451022605
"6",27003050829,0.2,0.5,NA,1,NA,NA,NA,4,12,NA,17.7,87.9440258342304
"7",27003051600,2,1,NA,NA,NA,NA,NA,NA,NA,NA,3,34.983853606028
"8",27005450300,2,27,NA,3,NA,NA,NA,NA,NA,NA,32,96.7707212055974
"9",27007450102,2,2,NA,1,NA,1,5,NA,1.5,NA,11.5,77.0721205597416
"10",27009020202,2,NA,NA,NA,NA,NA,NA,NA,NA,NA,2,25.6189451022605
"11",27009020205,2,6.5,NA,1,NA,1,6,NA,NA,NA,15.5,85.037674919268
"12",27009020206,0.5,NA,NA,NA,NA,0.25,NA,NA,0.25,NA,0.75,6.9967707212056
"13",27009020300,2,10,NA,NA,NA,NA,NA,NA,12.6,NA,24.6,93.756727664155
"14",27009021104,2,1.5,NA,1,NA,NA,NA,NA,1,NA,5.5,52.4219590958019
"15",27009021201,1,5.5,NA,1,NA,NA,NA,NA,9,NA,16.5,86.0064585575888
"16",27013170300,1,2,NA,NA,NA,NA,NA,NA,6.1,8,17.1,87.1905274488697
"17",27013171500,4,15.5,NA,1,NA,NA,NA,NA,NA,NA,20.5,89.8815931108719
"18",27015960400,2,23,NA,4,0.1,3,14.25,NA,1,NA,44.35,99.4617868675996
"19",27019090101,3,0.5,NA,1,NA,NA,NA,NA,NA,NA,4.5,47.7933261571582
"20",27019090102,4,NA,NA,NA,NA,NA,NA,NA,NA,NA,4,43.4876210979548
"21",27019090200,2,0.5,NA,NA,NA,NA,NA,NA,NA,NA,2.5,31.8622174381055
"22",27019090501,2,4.5,NA,NA,NA,NA,NA,NA,NA,NA,6.5,58.4499461786868
"23",27019090502,1,NA,NA,NA,NA,NA,NA,NA,NA,NA,1,8.18083961248654
"24",27019090703,4,2.5,NA,NA,NA,NA,NA,1,0.25,NA,7.75,65.6620021528525
"25",27019090802,2,NA,NA,NA,NA,NA,NA,4,1,NA,7,61.1410118406889
"26",27019090902,1,NA,NA,NA,NA,NA,NA,4,1,NA,6,55.1130247578041
"27",27019091001,0.2,NA,NA,NA,NA,NA,NA,NA,NA,NA,0.2,0.968783638320775
"28",27019091202,2,NA,NA,NA,NA,NA,NA,NA,6,NA,8,65.8772874058127
"29",27021960200,2,1.5,NA,1,NA,1,4,NA,NA,NA,8.5,68.1377825618945
"30",27021960302,2,0.5,NA,NA,NA,NA,NA,NA,NA,NA,2.5,31.8622174381055
"31",27021960600,6,16,NA,5,NA,1,6,4,6,NA,43,99.0312163616792
"32",27021960801,2,1.5,NA,1,NA,1,7,NA,3,NA,14.5,83.2077502691066
"33",27025110201,2,1.5,NA,1,NA,1,7,NA,NA,NA,11.5,77.0721205597416
"34",27025110202,1,NA,NA,NA,NA,0.1,NA,NA,NA,NA,1,8.18083961248654
"35",27025110301,2,NA,NA,NA,NA,NA,NA,NA,NA,NA,2,25.6189451022605
"36",27025110501,2,NA,NA,NA,NA,NA,NA,NA,NA,NA,2,25.6189451022605
"37",27025110503,2,NA,NA,NA,NA,NA,NA,NA,NA,NA,2,25.6189451022605
"38",27025110700,4,NA,NA,4,NA,NA,NA,NA,NA,NA,8,65.8772874058127
"39",27027020400,2,0.5,NA,NA,NA,NA,NA,NA,NA,NA,2.5,31.8622174381055
"40",27027020500,2,1.5,NA,NA,NA,NA,NA,NA,NA,NA,3.5,41.227125941873
"41",27027020600,4,2,NA,NA,NA,NA,NA,NA,NA,NA,6,55.1130247578041
"42",27027030109,2,NA,NA,NA,NA,NA,NA,NA,NA,NA,2,25.6189451022605
"43",27027030111,1,1.5,NA,NA,NA,NA,NA,NA,NA,NA,2.5,31.8622174381055
"44",27027030201,3,11.5,2,6,1,2,13,2,3,NA,41.5,98.708288482239
"45",27029000100,2,NA,NA,1,NA,1,4,4,1,NA,12,78.0409041980624
"46",27031480102,4,9,NA,4,NA,1,NA,NA,2,NA,19,88.5898815931109
"47",27035950100,2,3.5,NA,NA,NA,NA,NA,NA,1,NA,6.5,58.4499461786868
"48",27035950802,4,14.5,2,3,2,7,11,4,NA,NA,40.5,98.6006458557589
"49",27035950901,2,NA,NA,NA,NA,NA,NA,NA,1,NA,3,34.983853606028
"50",27035951301,2,1.5,NA,NA,NA,NA,NA,NA,0.5,NA,4,43.4876210979548
"51",27035951303,0.2,2,NA,NA,NA,NA,NA,NA,NA,NA,2.2,31.1087190527449
"52",27035951304,2,1.5,NA,NA,NA,NA,NA,NA,NA,NA,3.5,41.227125941873
"53",27037060301,1,3,NA,2,NA,NA,NA,NA,NA,NA,6,55.1130247578041
"54",27037060402,2,NA,NA,NA,NA,1,7,NA,NA,NA,9,69.967707212056
"55",27037060503,0.2,NA,NA,NA,NA,NA,NA,NA,NA,NA,0.2,0.968783638320775
"56",27037060508,6,14,4,6,1,6,8,NA,NA,NA,39,98.1700753498385
"57",27037060509,0.2,1,NA,NA,NA,NA,NA,NA,NA,NA,1.2,11.6254036598493
"58",27037060603,0.4,1.5,NA,NA,NA,NA,NA,NA,NA,NA,1.9,25.5113024757804
"59",27037060710,0.2,10,4,5,1,6,8,NA,6,NA,34.2,97.4165769644779
"60",27037060711,2,1.5,NA,NA,0.5,NA,NA,NA,NA,NA,4,43.4876210979548
"61",27037060717,2,4,NA,3,NA,NA,NA,NA,NA,NA,9,69.967707212056
"62",27037060725,0.5,1.5,NA,NA,NA,NA,NA,NA,NA,NA,2,25.6189451022605
"63",27037060726,2,NA,NA,NA,NA,NA,NA,NA,NA,NA,2,25.6189451022605
"64",27037060727,0.2,NA,NA,NA,NA,NA,NA,NA,NA,NA,0.2,0.968783638320775
"65",27037060737,2,3.5,NA,NA,0.1,NA,NA,NA,NA,NA,5.6,54.5748116254037
"66",27037060748,2,NA,NA,NA,1,NA,NA,NA,6,NA,9,69.967707212056
"67",27037061001,4,7.5,NA,3,NA,NA,8,NA,4,NA,26.5,94.6178686759957
"68",27037061003,8,26.5,2,1,0.5,9,0.8,NA,1.3,NA,40.1,98.4930032292788
"69",27037061102,0.5,NA,NA,NA,NA,NA,NA,NA,NA,NA,0.5,3.33692142088267
"70",27037061105,0.5,NA,NA,NA,NA,NA,NA,NA,NA,NA,0.5,3.33692142088267
"71",27037061106,2,1,NA,NA,NA,NA,NA,NA,NA,NA,3,34.983853606028
"72",27037061111,2,NA,NA,NA,NA,NA,NA,NA,NA,NA,2,25.6189451022605
"73",27037061502,2,NA,NA,NA,NA,NA,NA,NA,1,NA,3,34.983853606028
"74",27039950400,2,2.5,NA,3,NA,NA,NA,NA,NA,NA,7.5,63.8320775026911
"75",27041450200,4.4,1,2,1,NA,1,6,NA,4,NA,18.4,88.3745963401507
"76",27041450500,2,12.5,NA,5,NA,1,6,NA,3,NA,28.5,95.9095801937567
"77",27041451000,4,NA,NA,NA,NA,0.1,NA,NA,NA,NA,4,43.4876210979548
"78",27043460300,1,7,NA,3,NA,NA,NA,NA,NA,NA,11,76.210979547901
"79",27043460400,2,4,NA,3,NA,NA,NA,NA,NA,NA,9,69.967707212056
"80",27045960100,2,2,NA,NA,NA,NA,NA,NA,NA,NA,4,43.4876210979548
"81",27045960300,2,13,NA,9,NA,NA,NA,NA,NA,NA,24,92.6803013993541
"82",27045960400,2,34.5,NA,4,NA,NA,NA,2,1,NA,43.5,99.3541442411195
"83",27047180400,0.5,NA,NA,NA,NA,0.25,1,NA,1.5,NA,3,34.983853606028
"84",27047180500,2,1,NA,NA,NA,1,4,NA,6,NA,13,80.5166846071044
"85",27047180700,0.5,3,NA,5,NA,2,12,NA,7.5,NA,28,95.8019375672766
"86",27049080101,2,8,NA,NA,NA,1,1.75,2,1,0.8,15.55,85.6835306781485
"87",27049080201,1,7.5,NA,2,NA,2,7.75,0.5,0.25,8,27,94.8331539289559
"88",27049080202,2,5.5,NA,3,NA,1,7,2,1,NA,20.5,89.8815931108719
"89",27049080400,2.5,18.5,NA,1,NA,0.1,0.7,1,0.5,NA,24.2,93.2185145317546
"90",27051070200,4,1,NA,NA,NA,1,1.5,NA,0.8,NA,7.3,63.6167922497309
"91",27053026015,0.5,NA,NA,NA,NA,NA,NA,NA,NA,NA,0.5,3.33692142088267
"92",27053026023,0.5,NA,NA,NA,NA,NA,NA,NA,NA,NA,0.5,3.33692142088267
"93",27053026028,2,1.5,NA,NA,NA,NA,NA,NA,NA,NA,3.5,41.227125941873
"94",27053026514,2,4,NA,1,NA,NA,NA,NA,NA,NA,7,61.1410118406889
"95",27053026609,1,NA,NA,NA,NA,NA,NA,NA,NA,NA,1,8.18083961248654
"96",27053026611,2,NA,NA,NA,NA,NA,NA,NA,NA,NA,2,25.6189451022605
"97",27053026707,0.5,NA,NA,NA,NA,NA,NA,1,3,NA,4.5,47.7933261571582
"98",27053026708,2,1,NA,NA,NA,NA,NA,NA,NA,NA,3,34.983853606028
"99",27053026725,2,NA,NA,NA,NA,NA,NA,NA,NA,NA,2,25.6189451022605
"100",27053026726,1,2,NA,NA,NA,NA,NA,3,7.5,NA,13.5,82.2389666307858
"101",27053026912,2,6.5,NA,NA,NA,NA,NA,NA,NA,NA,8.5,68.1377825618945
"102",27053027702,0.5,3,NA,NA,NA,NA,NA,NA,NA,NA,3.5,41.227125941873
"103",27053027703,2,NA,NA,NA,NA,NA,NA,NA,NA,NA,2,25.6189451022605
"104",27053104001,1,NA,NA,NA,NA,NA,NA,2.2,4.75,NA,7.95,65.7696447793326
"105",27053104901,0.2,5,NA,NA,NA,NA,NA,NA,0.6,NA,5.8,54.8977395048439
"106",27053104902,0.5,NA,NA,NA,NA,NA,NA,NA,6,NA,6.5,58.4499461786868
"107",27053125600,2,1.5,NA,NA,NA,NA,NA,NA,6,NA,9.5,71.9052744886975
"108",27057070100,2,1,NA,7,NA,1,5,4,1,NA,20,89.3433799784715
"109",27057070600,1,2.5,NA,NA,NA,1,6,4,3,NA,16.5,86.0064585575888
"110",27057070700,2,0.5,NA,1,NA,1,1.5,1,0.75,NA,6.75,61.0333692142088
"111",27059130502,2,20,NA,4,NA,NA,NA,NA,NA,NA,26,94.1872981700754
"112",27061480301,2,1,NA,1,NA,1,6,4,3,NA,17,86.5446716899892
"113",27061480302,2,1.5,NA,NA,NA,NA,NA,NA,1,NA,4.5,47.7933261571582
"114",27061480702,2,NA,NA,NA,NA,NA,NA,NA,1,NA,3,34.983853606028
"115",27061480805,0.2,2,NA,NA,NA,NA,NA,NA,NA,NA,2.2,31.1087190527449
"116",27061480901,2,NA,NA,NA,NA,NA,NA,NA,NA,NA,2,25.6189451022605
"117",27061480902,2,24.5,NA,5,NA,1.5,0.6,0.4,0.3,NA,32.8,96.8783638320775
"118",27065480400,2,4,2,2,NA,3,8,2,NA,NA,20,89.3433799784715
"119",27067780200,2,7,2,1,NA,1,8,4,NA,NA,24,92.6803013993541
"120",27067780300,2,3.5,2,NA,1,1,8,4,NA,NA,20.5,89.8815931108719
"121",27067780600,2,8.5,NA,5,NA,NA,NA,NA,9,NA,24.5,93.4337997847148
"122",27071790201,2,4,0.5,2,NA,1.25,4,4,3,NA,19.5,89.0204520990312
"123",27073180100,2,7.5,NA,NA,NA,1,4,2,NA,NA,15.5,85.037674919268
"124",27075370101,2,3,NA,NA,NA,1,4,2,NA,NA,11,76.210979547901
"125",27075370400,2,1.5,NA,NA,NA,NA,NA,NA,NA,NA,3.5,41.227125941873
"126",27079950200,2,4,NA,1,NA,NA,NA,NA,3,NA,10,73.6275565123789
"127",27079950300,2,2.5,NA,NA,NA,NA,NA,NA,NA,NA,4.5,47.7933261571582
"128",27079950400,2,0.5,NA,NA,NA,NA,NA,NA,NA,NA,2.5,31.8622174381055
"129",27083360500,2,4,NA,3,NA,NA,NA,NA,2,NA,11,76.210979547901
"130",27083360600,2,30,2,5,NA,4,16,4,1,NA,60,100
"131",27083360700,2,1.5,NA,1,NA,NA,NA,NA,NA,NA,4.5,47.7933261571582
"132",27085950200,1,17,2,1,NA,3,12,NA,NA,NA,33,96.9860064585576
"133",27085950301,4,2.5,NA,NA,NA,NA,NA,4,1,NA,11.5,77.0721205597416
"134",27085950302,1,NA,NA,NA,NA,NA,NA,0.4,0.1,NA,1.5,12.1636167922497
"135",27091790100,4,10.5,NA,2,NA,NA,NA,NA,1,NA,17.5,87.4058127018299
"136",27093560100,2,7,NA,NA,NA,NA,NA,NA,NA,NA,9,69.967707212056
"137",27093560200,0.2,11,NA,2,NA,1,6,2,3,NA,24.2,93.2185145317546
"138",27093560300,2,0.5,NA,NA,NA,NA,NA,NA,NA,NA,2.5,31.8622174381055
"139",27093560400,2,1,NA,NA,NA,0.1,NA,0.2,NA,NA,3.2,40.9041980624327
"140",27095170700,2,0.5,NA,NA,NA,NA,NA,NA,NA,NA,2.5,31.8622174381055
"141",27097780100,0.5,1.5,NA,NA,NA,NA,NA,NA,NA,NA,2,25.6189451022605
"142",27097780200,2,7,NA,1,NA,1,4,NA,1,NA,15,84.0688912809473
"143",27097780400,2,3,NA,NA,NA,NA,NA,NA,NA,NA,5,50.2691065662002
"144",27097780500,0.2,6.5,NA,NA,NA,NA,NA,NA,NA,NA,6.7,60.9257265877287
"145",27097780600,2,7.5,NA,NA,NA,NA,NA,NA,NA,NA,9.5,71.9052744886975
"146",27097780700,2,3.5,NA,2,NA,NA,NA,NA,NA,NA,7.5,63.8320775026911
"147",27099000100,2,8,NA,1,NA,NA,0.8,NA,3.3,NA,15.1,84.930032292788
"148",27099000900,2,0.5,NA,NA,NA,NA,NA,NA,NA,NA,2.5,31.8622174381055
"149",27099001000,2,32,NA,1,NA,1,8,NA,4.5,NA,47.5,99.6770721205597
"150",27099001400,0.2,17.5,NA,12,NA,NA,NA,NA,NA,NA,29.7,96.232508073197
"151",27103480200,2,8,NA,NA,NA,NA,NA,NA,3,NA,13,80.5166846071044
"152",27103480501,1,NA,NA,NA,NA,NA,NA,NA,2,NA,3,34.983853606028
"153",27103480502,0.2,NA,NA,1,NA,NA,NA,NA,3,4,8.2,67.9224973089343
"154",27103480600,2,NA,NA,NA,NA,NA,NA,NA,3.5,NA,5.5,52.4219590958019
"155",27105105100,2,3,2,1,1,1,7,NA,1,NA,17,86.5446716899892
"156",27109000200,0.5,NA,NA,NA,NA,NA,NA,NA,0.25,4,4.75,50.05382131324
"157",27109000901,0.2,2,NA,NA,NA,NA,NA,NA,1,0.4,3.6,43.1646932185145
"158",27109002100,2,8.5,NA,NA,NA,NA,NA,NA,3,NA,13.5,82.2389666307858
"159",27109002200,2,28,NA,4,NA,NA,NA,NA,3,NA,37,97.9547900968784
"160",27109002300,2,NA,NA,NA,NA,NA,NA,NA,1.1,4,7.1,63.2938643702906
"161",27111960500,2,1,NA,5,NA,1,6,4,4,4,26,94.1872981700754
"162",27111960600,2.5,4,NA,3,NA,1.1,2.75,2,0.5,NA,14.75,83.8536060279871
"163",27111961000,2,6.5,2,3,NA,1,6.25,NA,1,NA,20.75,90.4198062432723
"164",27111961200,0.2,4,NA,NA,NA,NA,NA,NA,0.6,NA,4.8,50.1614639397201
"165",27111961300,2,NA,NA,1,NA,1,5,4,1,NA,13,80.5166846071044
"166",27111961600,2,NA,NA,NA,NA,NA,NA,NA,6,NA,8,65.8772874058127
"167",27115950500,2,8.5,NA,3,NA,NA,NA,2,3,NA,18.5,88.4822389666308
"168",27117460100,2,18,NA,1,NA,1,5,NA,NA,NA,26,94.1872981700754
"169",27119020500,4,2,NA,1,1.1,NA,NA,NA,NA,NA,8.1,67.7072120559742
"170",27121970100,2,3.5,NA,1,NA,1,6,2,1,NA,15.5,85.037674919268
"171",27123030100,0.5,NA,NA,NA,NA,NA,NA,2,6,NA,8.5,68.1377825618945
"172",27123031900,1,1.5,NA,NA,NA,NA,NA,0.2,7.8,NA,10.5,74.8116254036599
"173",27123032000,1,NA,NA,NA,NA,NA,NA,NA,6,NA,7,61.1410118406889
"174",27123032100,2,NA,NA,NA,NA,NA,NA,NA,0.6,NA,2.6,34.8762109795479
"175",27123032200,2,2.5,NA,NA,NA,NA,NA,NA,NA,NA,4.5,47.7933261571582
"176",27123032300,0.5,NA,NA,NA,NA,NA,NA,NA,NA,NA,0.5,3.33692142088267
"177",27123033200,0.7,9,NA,NA,NA,NA,NA,NA,0.6,NA,10.3,74.5963401506997
"178",27123033300,0.2,NA,NA,NA,NA,NA,NA,NA,NA,NA,0.2,0.968783638320775
"179",27123033400,2,NA,NA,NA,NA,NA,NA,NA,NA,NA,2,25.6189451022605
"180",27123035000,0.2,NA,NA,NA,NA,NA,NA,NA,NA,NA,0.2,0.968783638320775
"181",27123035200,0.2,NA,NA,NA,NA,NA,NA,NA,NA,NA,0.2,0.968783638320775
"182",27123035300,0.2,NA,NA,NA,NA,NA,NA,NA,NA,NA,0.2,0.968783638320775
"183",27123035700,1,NA,NA,NA,NA,NA,NA,NA,1,NA,2,25.6189451022605
"184",27123035800,0.4,NA,NA,NA,NA,NA,NA,NA,0.25,NA,0.65,6.88912809472551
"185",27123035900,0.4,NA,NA,NA,NA,NA,NA,NA,NA,NA,0.4,3.01399354144241
"186",27123036000,2,NA,NA,NA,NA,NA,NA,0.5,1.5,NA,4,43.4876210979548
"187",27123036800,2,NA,NA,NA,NA,NA,NA,NA,1,NA,3,34.983853606028
"188",27123036900,4,NA,NA,NA,NA,NA,NA,NA,0.5,NA,4.5,47.7933261571582
"189",27123037000,1,1.5,NA,NA,NA,NA,NA,2,6,NA,10.5,74.8116254036599
"190",27123037403,2,NA,NA,NA,NA,NA,NA,NA,1,NA,3,34.983853606028
"191",27123040102,0.5,NA,NA,NA,NA,NA,NA,NA,NA,NA,0.5,3.33692142088267
"192",27123040200,2,3.5,NA,NA,NA,NA,NA,NA,NA,NA,5.5,52.4219590958019
"193",27123040502,0.5,NA,NA,NA,NA,NA,NA,NA,NA,NA,0.5,3.33692142088267
"194",27123040901,2,NA,NA,NA,NA,NA,NA,NA,NA,NA,2,25.6189451022605
"195",27123040902,0.2,0.5,NA,1,NA,NA,NA,NA,NA,NA,1.7,25.1883745963402
"196",27123041001,2,NA,NA,NA,NA,NA,NA,NA,NA,NA,2,25.6189451022605
"197",27123041002,0.2,NA,NA,NA,NA,NA,NA,NA,NA,NA,0.2,0.968783638320775
"198",27123041301,0.5,NA,NA,NA,NA,NA,NA,NA,NA,NA,0.5,3.33692142088267
"199",27123041302,0.5,3,NA,NA,NA,NA,NA,NA,NA,NA,3.5,41.227125941873
"200",27123041400,2,1.5,NA,NA,NA,NA,NA,NA,NA,NA,3.5,41.227125941873
"201",27123041500,0.2,NA,NA,NA,NA,NA,NA,NA,NA,NA,0.2,0.968783638320775
"202",27123041800,2,NA,NA,NA,NA,NA,NA,NA,NA,NA,2,25.6189451022605
"203",27123042504,1,NA,NA,NA,NA,NA,NA,NA,0.5,NA,1.5,12.1636167922497
"204",27123980000,0.2,0.5,NA,NA,NA,NA,NA,NA,0.1,NA,0.8,7.64262648008611
"205",27127750500,2,5.5,NA,2,NA,NA,NA,NA,NA,NA,9.5,71.9052744886975
"206",27129790600,2,3.5,NA,1,NA,NA,NA,NA,NA,NA,6.5,58.4499461786868
"207",27131070101,2,1.5,NA,NA,NA,NA,NA,NA,NA,NA,3.5,41.227125941873
"208",27131070102,2,4.5,NA,1,NA,NA,NA,NA,NA,NA,7.5,63.8320775026911
"209",27131070200,3.5,17.5,NA,2,1,2,15,4,3,NA,46,99.5694294940797
"210",27131070504,1,0.5,NA,1,NA,NA,NA,NA,NA,NA,2.5,31.8622174381055
"211",27131070602,2,NA,NA,NA,NA,NA,NA,NA,NA,NA,2,25.6189451022605
"212",27131070702,2,1,NA,NA,NA,0.6,0.4,NA,NA,NA,3.4,41.1194833153929
"213",27131070901,1,1.5,NA,NA,NA,NA,NA,NA,NA,NA,2.5,31.8622174381055
"214",27137003800,9,6.5,2,1,NA,1,8,NA,1,NA,27.5,95.3713670613563
"215",27137010100,2,1.5,NA,NA,NA,NA,NA,NA,4,NA,7.5,63.8320775026911
"216",27137010200,4.25,NA,0.5,NA,NA,0.25,2,NA,2,NA,8.75,69.8600645855759
"217",27137010302,0.5,1.5,NA,NA,NA,NA,NA,NA,0.55,NA,2.55,34.7685683530678
"218",27137012800,4,2.5,NA,1,NA,NA,NA,NA,NA,NA,7.5,63.8320775026911
"219",27137013200,2,3.5,2,1,NA,3,8,4,6,NA,26.5,94.6178686759957
"220",27137013500,0.2,1.5,1,NA,NA,1.5,4,2,3,NA,11.7,77.9332615715823
"221",27137015600,4,8,NA,1,NA,NA,NA,2,12,NA,27,94.8331539289559
"222",27139080600,0.2,NA,NA,NA,NA,NA,NA,NA,NA,NA,0.2,0.968783638320775
"223",27139080700,5,2,NA,NA,NA,3,8,6,6,NA,27,94.8331539289559
"224",27139080801,0.5,2,NA,NA,NA,NA,NA,NA,NA,NA,2.5,31.8622174381055
"225",27139080802,5,3.5,NA,NA,NA,NA,NA,NA,NA,NA,8.5,68.1377825618945
"226",27141030103,2,NA,NA,NA,NA,NA,NA,NA,NA,NA,2,25.6189451022605
"227",27141030105,2,3,NA,NA,NA,NA,NA,NA,NA,NA,5,50.2691065662002
"228",27141030106,0.2,17,4,4,NA,6,8,2,NA,NA,35.2,97.7395048439182
"229",27141030202,2,1.5,NA,NA,NA,NA,NA,NA,NA,NA,3.5,41.227125941873
"230",27141030407,8,6.5,2,5,NA,4,16,2,NA,NA,39.5,98.3853606027987
"231",27141030503,2.5,NA,NA,NA,NA,NA,NA,2,6,NA,10.5,74.8116254036599
"232",27141030504,4,NA,NA,NA,NA,NA,NA,2,6,NA,12,78.0409041980624
"233",27141030506,0.2,NA,NA,NA,NA,NA,NA,NA,0.6,NA,0.8,7.64262648008611
"234",27143170400,1,12,NA,NA,NA,NA,NA,NA,NA,NA,13,80.5166846071044
"235",27145010101,2,3.5,NA,1,NA,NA,NA,NA,NA,NA,6.5,58.4499461786868
"236",27145011000,2,NA,NA,NA,NA,NA,NA,NA,NA,NA,2,25.6189451022605
"237",27145011302,8,3,NA,1,NA,1,7,2,1,NA,22,91.280947255113
"238",27145011500,4,9.5,NA,5,NA,NA,NA,NA,3,NA,21.5,90.8503767491927
"239",27147960100,2,20.5,NA,NA,NA,NA,NA,NA,0.6,NA,23.1,92.465016146394
"240",27147960800,2,11,NA,NA,1,NA,1.75,0.4,6,NA,22.15,91.8191603875134
"241",27149480300,2,0.5,NA,1,NA,1,6,NA,3,NA,12.5,79.4402583423036
"242",27151960200,2,2,NA,1,NA,NA,NA,NA,3,NA,8,65.8772874058127
"243",27151960300,4,2,NA,1,NA,NA,NA,NA,3,NA,10,73.6275565123789
"244",27153790100,2,9.5,NA,NA,NA,NA,NA,NA,NA,NA,11.5,77.0721205597416
"245",27153790300,2,NA,NA,NA,NA,NA,NA,NA,NA,NA,2,25.6189451022605
"246",27155460100,2,14,NA,5,NA,NA,4,NA,NA,NA,25,93.8643702906351
"247",27155460200,4,2,NA,2,NA,NA,NA,NA,NA,NA,8,65.8772874058127
"248",27157490100,2,9,NA,2,NA,1,NA,NA,NA,NA,13,80.5166846071044
"249",27157490400,2,6.5,NA,NA,NA,NA,NA,NA,NA,NA,8.5,68.1377825618945
"250",27157490500,1,8,NA,3,NA,NA,NA,NA,NA,NA,12,78.0409041980624
"251",27157490600,2,1,NA,NA,NA,NA,NA,NA,NA,NA,3,34.983853606028
"252",27159480200,0.5,8,NA,1,NA,NA,NA,NA,NA,NA,9.5,71.9052744886975
"253",27159480300,2,NA,NA,1,NA,1,5,4,1,NA,13,80.5166846071044
"254",27161790100,2,7.5,NA,NA,NA,NA,NA,NA,NA,NA,9.5,71.9052744886975
"255",27163070107,2,2,NA,1,NA,NA,NA,NA,6,NA,11,76.210979547901
"256",27163070108,2,NA,NA,NA,NA,NA,NA,NA,6,NA,8,65.8772874058127
"257",27163070208,4,3,NA,NA,NA,NA,NA,NA,6,NA,13,80.5166846071044
"258",27163070403,2,11,NA,NA,NA,NA,NA,NA,NA,NA,13,80.5166846071044
"259",27163070405,1,1.5,NA,NA,NA,NA,NA,NA,NA,NA,2.5,31.8622174381055
"260",27163071003,4,17,NA,2,NA,NA,NA,NA,NA,NA,23,92.2497308934338
"261",27163071208,1,NA,NA,NA,NA,NA,NA,NA,NA,NA,1,8.18083961248654
"262",27163071209,1,NA,NA,NA,NA,NA,NA,NA,NA,NA,1,8.18083961248654
"263",27163071300,2,NA,NA,NA,NA,NA,NA,NA,NA,NA,2,25.6189451022605
"264",27163071400,4,NA,NA,NA,NA,NA,NA,NA,NA,NA,4,43.4876210979548
"265",27165950200,2,11.5,NA,NA,NA,NA,NA,NA,NA,NA,13.5,82.2389666307858
"266",27165950300,0.2,6,NA,NA,NA,NA,NA,NA,NA,NA,6.2,58.1270182992465
"267",27171100202,2,30,4,1,1,1,NA,4,NA,NA,42,98.9235737351991
"268",27171100706,0.2,NA,2,NA,0.5,0.5,NA,0.4,NA,NA,3.1,40.5812701829925
"269",27171100707,0.2,4.5,2,NA,0.25,0.5,NA,0.4,NA,NA,7.35,63.724434876211
"270",27171100803,1,NA,NA,NA,NA,NA,NA,NA,NA,NA,1,8.18083961248654
"271",27171100805,2,0.5,NA,NA,NA,NA,NA,NA,NA,NA,2.5,31.8622174381055
"272",27001770200,NA,7,NA,7,NA,NA,NA,NA,NA,NA,14,82.8848223896663
"273",27001770402,NA,3.5,NA,4,NA,NA,NA,NA,NA,NA,7.5,63.8320775026911
"274",27001790501,NA,4,NA,3,NA,1,NA,NA,NA,NA,7,61.1410118406889
"275",27001790504,NA,9,NA,NA,NA,NA,NA,NA,1,NA,10,73.6275565123789
"276",27003050107,NA,1.5,NA,NA,NA,NA,NA,NA,NA,NA,1.5,12.1636167922497
"277",27003050108,NA,2.5,NA,1,NA,NA,NA,NA,6,NA,9.5,71.9052744886975
"278",27003050109,NA,1.5,NA,NA,NA,NA,NA,NA,3,NA,4.5,47.7933261571582
"279",27003050110,NA,5.5,NA,NA,NA,NA,NA,NA,NA,NA,5.5,52.4219590958019
"280",27003050111,NA,3,NA,NA,NA,NA,NA,NA,NA,NA,3,34.983853606028
"281",27003050115,NA,0.5,NA,NA,NA,NA,NA,NA,NA,NA,0.5,3.33692142088267
"282",27003050223,NA,5.5,NA,NA,NA,NA,NA,NA,NA,NA,5.5,52.4219590958019
"283",27003050224,NA,1.5,NA,NA,NA,NA,NA,NA,NA,NA,1.5,12.1636167922497
"284",27003050401,NA,5.5,NA,1,NA,NA,NA,NA,1,NA,7.5,63.8320775026911
"285",27003050504,NA,1.5,NA,NA,NA,NA,NA,NA,NA,NA,1.5,12.1636167922497
"286",27003050602,NA,3,NA,NA,NA,NA,NA,0.5,0.25,NA,3.75,43.2723358449946
"287",27003050605,NA,1.5,NA,NA,NA,NA,NA,NA,NA,NA,1.5,12.1636167922497
"288",27003050607,NA,1.5,NA,NA,NA,NA,NA,2,1,NA,4.5,47.7933261571582
"289",27003050704,NA,1.5,NA,NA,NA,NA,NA,0.2,0.1,NA,1.8,25.2960172228202
"290",27003050710,NA,3,NA,NA,NA,NA,NA,NA,NA,NA,3,34.983853606028
"291",27003050808,NA,1.5,NA,NA,NA,NA,NA,NA,NA,NA,1.5,12.1636167922497
"292",27003050816,NA,0.5,NA,1,NA,NA,NA,2,21,NA,24.5,93.4337997847148
"293",27003050828,NA,1.5,NA,NA,NA,NA,NA,0.2,0.6,NA,2.3,31.7545748116254
"294",27003051102,NA,1.5,NA,NA,NA,NA,NA,NA,NA,NA,1.5,12.1636167922497
"295",27003051206,NA,0.5,NA,1,NA,NA,NA,NA,NA,NA,1.5,12.1636167922497
"296",27003051305,NA,4,NA,NA,NA,NA,NA,NA,NA,NA,4,43.4876210979548
"297",27005450100,NA,7,NA,NA,NA,NA,NA,NA,6,NA,13,80.5166846071044
"298",27005450200,NA,7.5,NA,9,NA,NA,NA,NA,NA,NA,16.5,86.0064585575888
"299",27005450400,NA,8.5,NA,1,NA,1,5,4,3,NA,21.5,90.8503767491927
"300",27005450500,NA,5.5,NA,NA,NA,NA,NA,NA,NA,NA,5.5,52.4219590958019
"301",27005450700,NA,15,NA,1,NA,1,6,NA,3,NA,25,93.8643702906351
"302",27005450900,NA,1.5,NA,NA,NA,NA,NA,NA,NA,NA,1.5,12.1636167922497
"303",27005940000,NA,5.5,NA,1,NA,NA,NA,NA,NA,NA,6.5,58.4499461786868
"304",27007450101,NA,13.5,NA,1,NA,NA,NA,NA,NA,NA,14.5,83.2077502691066
"305",27007450201,NA,1.5,NA,NA,NA,NA,NA,NA,NA,NA,1.5,12.1636167922497
"306",27007450300,NA,19.5,NA,NA,NA,NA,NA,NA,NA,NA,19.5,89.0204520990312
"307",27007450703,NA,1.5,NA,NA,NA,NA,NA,NA,1,NA,2.5,31.8622174381055
"308",27007450704,NA,0.5,NA,NA,NA,NA,NA,NA,3.25,NA,3.75,43.2723358449946
"309",27007450706,NA,7.5,NA,3,NA,NA,NA,NA,6,NA,16.5,86.0064585575888
"310",27009020203,NA,2,NA,NA,NA,NA,NA,NA,NA,NA,2,25.6189451022605
"311",27009021103,NA,1.5,NA,NA,NA,NA,NA,NA,NA,NA,1.5,12.1636167922497
"312",27011950100,NA,16,NA,7,NA,NA,NA,NA,1,NA,24,92.6803013993541
"313",27011950200,NA,5,NA,NA,NA,NA,NA,NA,NA,NA,5,50.2691065662002
"314",27013170100,NA,3,NA,NA,NA,NA,NA,NA,NA,NA,3,34.983853606028
"315",27013170200,NA,7.5,NA,1,NA,1,7,NA,0.6,8,24.1,93.1108719052745
"316",27013170400,NA,3,NA,NA,NA,NA,NA,NA,0.1,NA,3.1,40.5812701829925
"317",27013170700,NA,3,NA,NA,NA,NA,NA,NA,1,NA,4,43.4876210979548
"318",27013170900,NA,11,4,2,2,7,14,4,6,NA,43,99.0312163616792
"319",27013171000,NA,2,NA,NA,NA,NA,NA,NA,NA,NA,2,25.6189451022605
"320",27013171202,NA,8,NA,NA,NA,NA,NA,NA,0.1,NA,8.1,67.7072120559742
"321",27013171300,NA,1,NA,NA,NA,NA,NA,NA,NA,NA,1,8.18083961248654
"322",27013171400,NA,5,NA,1,NA,NA,NA,NA,NA,NA,6,55.1130247578041
"323",27015960101,NA,4.5,NA,NA,NA,NA,NA,NA,NA,NA,4.5,47.7933261571582
"324",27015960102,NA,1.5,NA,NA,NA,NA,NA,NA,NA,NA,1.5,12.1636167922497
"325",27015960200,NA,1.5,NA,NA,NA,NA,NA,NA,NA,NA,1.5,12.1636167922497
"326",27015960500,NA,7.5,NA,NA,1,0.35,1.25,NA,NA,NA,9.75,73.4122712594187
"327",27015960600,NA,8.5,NA,NA,NA,NA,NA,NA,NA,NA,8.5,68.1377825618945
"328",27015960700,NA,32.5,NA,4,NA,2.5,18,NA,NA,NA,54.5,99.7847147470398
"329",27017070100,NA,4,NA,3,NA,6,6,NA,NA,NA,13,80.5166846071044
"330",27017070300,NA,1.5,NA,NA,NA,0.7,6,NA,NA,NA,7.5,63.8320775026911
"331",27017070401,NA,5.5,NA,NA,NA,NA,8,8,6,NA,27.5,95.3713670613563
"332",27017070402,NA,7,NA,1,NA,0.25,NA,4,NA,NA,12,78.0409041980624
"333",27017070501,NA,1.5,NA,NA,NA,NA,NA,NA,NA,NA,1.5,12.1636167922497
"334",27017070502,NA,6.5,NA,4,NA,NA,NA,4,NA,NA,14.5,83.2077502691066
"335",27017940000,NA,6,NA,1,NA,NA,8,4,6,NA,25,93.8643702906351
"336",27019091002,NA,4,NA,NA,NA,NA,NA,NA,NA,NA,4,43.4876210979548
"337",27019091201,NA,0.5,NA,NA,NA,NA,NA,NA,NA,NA,0.5,3.33692142088267
"338",27021940001,NA,7,NA,4,NA,1,8,NA,NA,NA,19,88.5898815931109
"339",27021940002,NA,3.5,NA,2,NA,NA,NA,NA,NA,NA,5.5,52.4219590958019
"340",27021960100,NA,4.5,NA,NA,NA,NA,NA,NA,NA,NA,4.5,47.7933261571582
"341",27021960700,NA,16,NA,1,NA,1,NA,NA,NA,NA,17,86.5446716899892
"342",27021960803,NA,4,NA,NA,NA,NA,NA,NA,NA,NA,4,43.4876210979548
"343",27021960804,NA,3,NA,NA,NA,NA,NA,NA,NA,NA,3,34.983853606028
"344",27023950300,NA,1,NA,2,NA,1,5,2,3,NA,13,80.5166846071044
"345",27023950500,NA,16.5,NA,3,NA,NA,NA,NA,NA,NA,19.5,89.0204520990312
"346",27023950601,NA,0.5,NA,1,NA,NA,NA,NA,NA,NA,1.5,12.1636167922497
"347",27023950602,NA,1.5,NA,NA,NA,NA,NA,NA,NA,NA,1.5,12.1636167922497
"348",27025110302,NA,9.5,NA,3,NA,NA,NA,NA,NA,NA,12.5,79.4402583423036
"349",27025110404,NA,11,NA,1,NA,NA,NA,NA,NA,NA,12,78.0409041980624
"350",27027030106,NA,7,NA,6,NA,NA,NA,NA,NA,NA,13,80.5166846071044
"351",27027030108,NA,1.5,NA,NA,NA,NA,NA,NA,NA,NA,1.5,12.1636167922497
"352",27027030110,NA,5,NA,4,NA,NA,NA,NA,NA,NA,9,69.967707212056
"353",27027030112,NA,7,NA,3,NA,NA,NA,NA,0.3,NA,10.3,74.5963401506997
"354",27029000300,NA,8,NA,NA,NA,NA,NA,NA,NA,NA,8,65.8772874058127
"355",27031480101,NA,8.5,NA,1,NA,NA,NA,NA,1,NA,10.5,74.8116254036599
"356",27031480200,NA,6,NA,NA,NA,NA,NA,NA,NA,NA,6,55.1130247578041
"357",27033270200,NA,1.5,NA,NA,NA,NA,NA,NA,NA,NA,1.5,12.1636167922497
"358",27033270300,NA,23,2,7,1,1,6,4,NA,NA,43,99.0312163616792
"359",27033270400,NA,5.5,NA,NA,NA,NA,NA,NA,NA,NA,5.5,52.4219590958019
"360",27035950204,NA,11.5,NA,4,NA,1,5,NA,NA,NA,20.5,89.8815931108719
"361",27035950401,NA,7,NA,1,NA,0.5,2.5,NA,NA,NA,10.5,74.8116254036599
"362",27035950501,NA,9,NA,3,NA,NA,NA,NA,NA,NA,12,78.0409041980624
"363",27035950502,NA,0.5,NA,NA,NA,0.1,0.5,NA,NA,NA,1,8.18083961248654
"364",27035950701,NA,3,NA,NA,NA,NA,NA,NA,NA,NA,3,34.983853606028
"365",27035950801,NA,1.5,NA,NA,NA,NA,NA,NA,NA,NA,1.5,12.1636167922497
"366",27035950902,NA,8.5,NA,1,NA,NA,NA,NA,NA,NA,9.5,71.9052744886975
"367",27035951000,NA,3,NA,1,NA,NA,NA,NA,NA,NA,4,43.4876210979548
"368",27035951100,NA,1.5,NA,NA,NA,NA,NA,NA,NA,NA,1.5,12.1636167922497
"369",27035951600,NA,31.5,NA,3,NA,NA,NA,NA,NA,NA,34.5,97.524219590958
"370",27035951700,NA,3,NA,1,NA,NA,NA,NA,NA,NA,4,43.4876210979548
"371",27037060104,NA,0.5,NA,1,NA,NA,NA,NA,NA,NA,1.5,12.1636167922497
"372",27037060202,NA,1.5,NA,NA,NA,NA,NA,NA,NA,NA,1.5,12.1636167922497
"373",27037060502,NA,1.5,NA,1,NA,1,7,NA,NA,NA,9.5,71.9052744886975
"374",27037060505,NA,1.5,NA,NA,NA,NA,NA,NA,NA,NA,1.5,12.1636167922497
"375",27037060604,NA,4,NA,3,NA,NA,NA,NA,NA,NA,7,61.1410118406889
"376",27037060605,NA,0.5,NA,NA,NA,NA,NA,NA,NA,NA,0.5,3.33692142088267
"377",27037060738,NA,0.5,NA,1,NA,NA,NA,NA,NA,NA,1.5,12.1636167922497
"378",27037060745,NA,1,NA,NA,NA,NA,NA,NA,NA,NA,1,8.18083961248654
"379",27037060813,NA,1.5,NA,NA,NA,NA,NA,NA,NA,NA,1.5,12.1636167922497
"380",27037060829,NA,1.5,NA,NA,NA,NA,NA,NA,NA,NA,1.5,12.1636167922497
"381",27037060835,NA,9,NA,NA,NA,NA,NA,NA,0.3,NA,9.3,71.6899892357374
"382",27037060836,NA,0.5,NA,1,NA,NA,NA,NA,3,NA,4.5,47.7933261571582
"383",27037060904,NA,1.5,NA,NA,NA,NA,NA,NA,NA,NA,1.5,12.1636167922497
"384",27037061008,NA,1.5,NA,NA,NA,NA,NA,NA,NA,NA,1.5,12.1636167922497
"385",27037061112,NA,0,NA,NA,NA,NA,NA,NA,NA,NA,0,0
"386",27037061402,NA,2,NA,NA,NA,NA,NA,NA,NA,NA,2,25.6189451022605
"387",27037061501,NA,1.5,NA,NA,NA,NA,NA,NA,1.75,NA,3.25,41.0118406889128
"388",27039950200,NA,19,NA,3,NA,NA,NA,NA,NA,NA,22,91.280947255113
"389",27039950300,NA,11.5,NA,1,NA,NA,NA,NA,NA,NA,12.5,79.4402583423036
"390",27039950500,NA,3.5,NA,1,NA,1,10,4,6,NA,24.5,93.4337997847148
"391",27041450100,NA,3,NA,1,NA,NA,NA,NA,3,NA,7,61.1410118406889
"392",27041450702,NA,1,NA,NA,NA,NA,NA,NA,NA,NA,1,8.18083961248654
"393",27041450703,NA,2,NA,1,NA,NA,NA,NA,NA,4,7,61.1410118406889
"394",27041450704,NA,3,NA,NA,NA,NA,NA,NA,NA,2,5,50.2691065662002
"395",27041450900,NA,6,NA,3,NA,NA,NA,NA,NA,NA,9,69.967707212056
"396",27043460100,NA,0.5,NA,2,NA,NA,NA,NA,NA,NA,2.5,31.8622174381055
"397",27043460200,NA,15,NA,3,NA,NA,NA,NA,NA,NA,18,88.0516684607104
"398",27043460500,NA,17,NA,7,NA,NA,NA,NA,NA,NA,24,92.6803013993541
"399",27043460600,NA,19.5,NA,3,NA,NA,NA,NA,NA,NA,22.5,91.9268030139935
"400",27045960200,NA,28,NA,8,NA,NA,NA,NA,NA,NA,36,97.8471474703983
"401",27045960500,NA,4,NA,NA,NA,NA,NA,NA,NA,NA,4,43.4876210979548
"402",27045960600,NA,10,NA,1,NA,NA,NA,NA,NA,NA,11,76.210979547901
"403",27047180100,NA,10,NA,NA,NA,NA,NA,NA,NA,NA,10,73.6275565123789
"404",27047180200,NA,5.5,NA,NA,NA,NA,NA,NA,6,NA,11.5,77.0721205597416
"405",27047180300,NA,1,NA,1,NA,NA,NA,NA,NA,NA,2,25.6189451022605
"406",27047180600,NA,5.5,NA,NA,NA,NA,NA,NA,NA,NA,5.5,52.4219590958019
"407",27047180800,NA,5.5,NA,2,NA,NA,NA,NA,NA,NA,7.5,63.8320775026911
"408",27047181000,NA,8,NA,3,NA,NA,NA,NA,NA,NA,11,76.210979547901
"409",27049080102,NA,3.5,NA,NA,NA,NA,NA,NA,NA,0.8,4.3,47.6856835306781
"410",27049080300,NA,2,NA,3,NA,0.1,0.6,NA,NA,NA,5.6,54.5748116254037
"411",27049080500,NA,7.5,NA,NA,NA,NA,NA,NA,NA,NA,7.5,63.8320775026911
"412",27049080700,NA,5,NA,4,NA,NA,NA,NA,NA,NA,9,69.967707212056
"413",27049080900,NA,13,NA,4,NA,1,4,NA,6,NA,27,94.8331539289559
"414",27051070100,NA,4,NA,NA,NA,NA,NA,NA,NA,NA,4,43.4876210979548
"415",27053001100,NA,3.5,NA,NA,NA,NA,NA,NA,NA,NA,3.5,41.227125941873
"416",27053002200,NA,1.5,NA,NA,NA,NA,NA,0.5,3,NA,5,50.2691065662002
"417",27053006800,NA,1.5,NA,NA,NA,NA,NA,NA,NA,NA,1.5,12.1636167922497
"418",27053007700,NA,3.5,NA,NA,NA,NA,NA,NA,NA,NA,3.5,41.227125941873
"419",27053008100,NA,6,NA,3,NA,NA,NA,NA,NA,NA,9,69.967707212056
"420",27053008400,NA,0.5,NA,NA,NA,NA,NA,NA,NA,NA,0.5,3.33692142088267
"421",27053012003,NA,0.5,NA,1,NA,NA,NA,NA,NA,NA,1.5,12.1636167922497
"422",27053020302,NA,1.5,NA,NA,NA,NA,NA,NA,NA,NA,1.5,12.1636167922497
"423",27053020500,NA,3,NA,NA,NA,NA,NA,NA,NA,NA,3,34.983853606028
"424",27053020902,NA,1.5,NA,NA,NA,NA,NA,NA,NA,NA,1.5,12.1636167922497
"425",27053021001,NA,4,NA,3,NA,NA,NA,NA,NA,NA,7,61.1410118406889
"426",27053021601,NA,3,NA,NA,NA,NA,NA,NA,NA,NA,3,34.983853606028
"427",27053021800,NA,1.5,NA,NA,NA,NA,NA,NA,NA,NA,1.5,12.1636167922497
"428",27053022101,NA,1.5,NA,NA,NA,NA,NA,NA,6,NA,7.5,63.8320775026911
"429",27053022102,NA,1.5,NA,NA,NA,NA,NA,NA,1.5,NA,3,34.983853606028
"430",27053022400,NA,0.5,NA,NA,NA,NA,NA,NA,6,NA,6.5,58.4499461786868
"431",27053023000,NA,1.5,NA,NA,NA,NA,NA,NA,NA,NA,1.5,12.1636167922497
"432",27053023401,NA,4.5,NA,NA,NA,NA,NA,NA,NA,NA,4.5,47.7933261571582
"433",27053023402,NA,1.5,NA,NA,NA,NA,NA,NA,NA,NA,1.5,12.1636167922497
"434",27053023801,NA,1.5,NA,NA,NA,NA,NA,NA,NA,NA,1.5,12.1636167922497
"435",27053023903,NA,1.5,NA,NA,NA,NA,NA,NA,NA,NA,1.5,12.1636167922497
"436",27053024100,NA,1.5,NA,NA,NA,NA,NA,NA,NA,NA,1.5,12.1636167922497
"437",27053024400,NA,1.5,NA,NA,NA,NA,NA,NA,NA,NA,1.5,12.1636167922497
"438",27053024500,NA,3,NA,NA,NA,NA,NA,NA,NA,NA,3,34.983853606028
"439",27053024600,NA,0.5,NA,NA,NA,NA,NA,NA,NA,NA,0.5,3.33692142088267
"440",27053024904,NA,0.5,NA,1,NA,NA,NA,NA,NA,NA,1.5,12.1636167922497
"441",27053025100,NA,1.5,NA,NA,NA,NA,NA,NA,NA,NA,1.5,12.1636167922497
"442",27053025201,NA,2,NA,1,NA,NA,NA,NA,NA,NA,3,34.983853606028
"443",27053025403,NA,1.5,NA,NA,NA,NA,NA,NA,NA,NA,1.5,12.1636167922497
"444",27053025702,NA,0.5,NA,NA,NA,NA,NA,NA,NA,NA,0.5,3.33692142088267
"445",27053025906,NA,1.5,NA,NA,NA,NA,NA,NA,NA,NA,1.5,12.1636167922497
"446",27053025907,NA,1.5,NA,NA,NA,NA,NA,NA,0.75,NA,2.25,31.3240043057051
"447",27053025908,NA,1.5,NA,NA,NA,NA,NA,NA,NA,NA,1.5,12.1636167922497
"448",27053026005,NA,1.5,NA,NA,NA,NA,NA,NA,NA,NA,1.5,12.1636167922497
"449",27053026201,NA,3,NA,NA,NA,NA,NA,NA,NA,NA,3,34.983853606028
"450",27053026205,NA,3,NA,NA,NA,NA,NA,NA,NA,NA,3,34.983853606028
"451",27053026208,NA,1.5,NA,NA,NA,NA,NA,NA,NA,NA,1.5,12.1636167922497
"452",27053026302,NA,1.5,NA,NA,NA,NA,NA,NA,NA,NA,1.5,12.1636167922497
"453",27053026404,NA,0.5,NA,1,NA,NA,NA,NA,NA,NA,1.5,12.1636167922497
"454",27053026406,NA,1.5,NA,NA,NA,NA,NA,NA,NA,NA,1.5,12.1636167922497
"455",27053026505,NA,1.5,NA,NA,NA,NA,NA,NA,NA,NA,1.5,12.1636167922497
"456",27053026507,NA,2,NA,NA,NA,NA,NA,NA,NA,NA,2,25.6189451022605
"457",27053026516,NA,1.5,NA,NA,NA,NA,NA,NA,NA,NA,1.5,12.1636167922497
"458",27053026724,NA,0.5,NA,1,NA,NA,NA,4.2,6.6,NA,12.3,79.3326157158235
"459",27053026822,NA,1.5,NA,NA,NA,NA,NA,NA,NA,NA,1.5,12.1636167922497
"460",27053026828,NA,1.5,NA,NA,NA,NA,NA,NA,NA,NA,1.5,12.1636167922497
"461",27053026903,NA,1.5,NA,NA,NA,NA,NA,NA,NA,NA,1.5,12.1636167922497
"462",27053026906,NA,1.5,NA,NA,NA,NA,NA,NA,NA,NA,1.5,12.1636167922497
"463",27053026911,NA,1.5,NA,NA,NA,NA,NA,NA,NA,NA,1.5,12.1636167922497
"464",27053027102,NA,1.5,NA,NA,NA,NA,NA,NA,NA,NA,1.5,12.1636167922497
"465",27053027203,NA,1.5,NA,NA,NA,NA,NA,NA,NA,NA,1.5,12.1636167922497
"466",27053027300,NA,4.5,NA,NA,NA,NA,NA,NA,NA,NA,4.5,47.7933261571582
"467",27053027503,NA,2,NA,NA,NA,NA,NA,NA,NA,NA,2,25.6189451022605
"468",27053027504,NA,1.5,NA,NA,NA,NA,NA,NA,NA,NA,1.5,12.1636167922497
"469",27053027601,NA,7,NA,NA,NA,NA,NA,NA,NA,NA,7,61.1410118406889
"470",27053027602,NA,1.5,NA,NA,NA,NA,NA,NA,NA,NA,1.5,12.1636167922497
"471",27053027701,NA,4,NA,NA,NA,NA,NA,NA,NA,NA,4,43.4876210979548
"472",27053100400,NA,1.5,NA,NA,NA,NA,NA,NA,NA,NA,1.5,12.1636167922497
"473",27053100500,NA,1,NA,1,NA,NA,NA,NA,NA,NA,2,25.6189451022605
"474",27053101600,NA,10,NA,1,NA,NA,NA,0.5,3,NA,14.5,83.2077502691066
"475",27053102500,NA,1.5,NA,NA,NA,NA,NA,NA,NA,NA,1.5,12.1636167922497
"476",27053102600,NA,3,NA,NA,NA,NA,NA,1,0.5,NA,4.5,47.7933261571582
"477",27053104002,NA,7,NA,NA,NA,NA,NA,4,4,NA,15,84.0688912809473
"478",27053104100,NA,0.5,NA,NA,NA,NA,NA,0.2,0.6,0.8,2.1,30.7857911733046
"479",27053105100,NA,1.5,NA,NA,NA,NA,NA,NA,NA,NA,1.5,12.1636167922497
"480",27053105201,NA,5.5,NA,NA,NA,NA,NA,0.2,0.6,0.8,7.1,63.4015069967707
"481",27053105204,NA,1.5,NA,NA,NA,NA,NA,NA,NA,NA,1.5,12.1636167922497
"482",27053105700,NA,1.5,NA,NA,NA,NA,NA,NA,NA,NA,1.5,12.1636167922497
"483",27053106000,NA,1.5,NA,NA,NA,NA,NA,NA,NA,NA,1.5,12.1636167922497
"484",27053106200,NA,0.5,NA,NA,NA,NA,NA,NA,NA,NA,0.5,3.33692142088267
"485",27053107400,NA,4.5,NA,NA,NA,NA,NA,NA,0.75,NA,5.25,52.2066738428418
"486",27053108900,NA,0.5,NA,NA,NA,NA,NA,NA,NA,NA,0.5,3.33692142088267
"487",27053109100,NA,1.5,NA,NA,NA,NA,NA,NA,NA,NA,1.5,12.1636167922497
"488",27053110100,NA,1.5,NA,NA,NA,NA,NA,NA,NA,NA,1.5,12.1636167922497
"489",27053111500,NA,1.5,NA,NA,NA,NA,NA,NA,NA,NA,1.5,12.1636167922497
"490",27053122600,NA,1.5,NA,NA,NA,NA,NA,NA,NA,NA,1.5,12.1636167922497
"491",27053125500,NA,1.5,NA,NA,NA,NA,NA,NA,NA,NA,1.5,12.1636167922497
"492",27053125700,NA,0.5,NA,NA,NA,NA,NA,NA,NA,NA,0.5,3.33692142088267
"493",27053125900,NA,0.5,NA,1,NA,NA,NA,NA,3,NA,4.5,47.7933261571582
"494",27053126102,NA,4.5,NA,NA,NA,NA,NA,1,3,4,12.5,79.4402583423036
"495",27053126201,NA,0.5,NA,1,NA,NA,NA,2,6,8,17.5,87.4058127018299
"496",27053980000,NA,6.5,NA,NA,NA,NA,NA,NA,NA,NA,6.5,58.4499461786868
"497",27055020100,NA,0.5,NA,NA,NA,NA,NA,NA,NA,NA,0.5,3.33692142088267
"498",27055020200,NA,9.5,NA,4,NA,NA,NA,NA,NA,NA,13.5,82.2389666307858
"499",27055020300,NA,6,NA,3,NA,NA,NA,4,1,NA,14,82.8848223896663
"500",27055020500,NA,2.5,NA,NA,NA,NA,NA,NA,NA,NA,2.5,31.8622174381055
"501",27055020900,NA,3.5,NA,NA,NA,NA,NA,NA,NA,NA,3.5,41.227125941873
"502",27057070300,NA,4,NA,NA,NA,NA,NA,NA,NA,NA,4,43.4876210979548
"503",27057070500,NA,2,NA,3,NA,0.1,6,4,3,NA,18,88.0516684607104
"504",27059130302,NA,1.5,NA,NA,NA,NA,NA,1,6,NA,8.5,68.1377825618945
"505",27059130303,NA,2,NA,NA,NA,NA,NA,0.5,0.6,NA,3.1,40.5812701829925
"506",27059130304,NA,9,NA,NA,NA,NA,NA,NA,0.3,NA,9.3,71.6899892357374
"507",27059130400,NA,0.5,NA,1,NA,NA,NA,2,6,NA,9.5,71.9052744886975
"508",27059130501,NA,6,NA,2,NA,NA,NA,4,NA,NA,12,78.0409041980624
"509",27059130600,NA,4.5,NA,3,NA,NA,NA,NA,NA,NA,7.5,63.8320775026911
"510",27061480102,NA,3.5,NA,1,NA,NA,NA,2,1,NA,7.5,63.8320775026911
"511",27061480303,NA,1.5,NA,NA,NA,NA,NA,NA,NA,NA,1.5,12.1636167922497
"512",27061480402,NA,2.5,NA,2,NA,NA,NA,2,2,NA,8.5,68.1377825618945
"513",27061480500,NA,12.5,NA,2,NA,1,7,NA,NA,NA,21.5,90.8503767491927
"514",27061480600,NA,5,NA,NA,NA,NA,NA,NA,1,NA,6,55.1130247578041
"515",27061480801,NA,0,NA,3,NA,NA,6,NA,NA,NA,9,69.967707212056
"516",27061480804,NA,6.5,NA,1,NA,NA,NA,NA,1,NA,8.5,68.1377825618945
"517",27061481001,NA,1.5,NA,NA,NA,NA,NA,NA,NA,NA,1.5,12.1636167922497
"518",27061481002,NA,3,NA,NA,NA,NA,NA,NA,1,NA,4,43.4876210979548
"519",27061940000,NA,2.5,NA,1,NA,NA,NA,NA,NA,NA,3.5,41.227125941873
"520",27063480100,NA,5,NA,NA,NA,NA,NA,NA,NA,NA,5,50.2691065662002
"521",27063480200,NA,1,NA,NA,NA,NA,NA,NA,NA,NA,1,8.18083961248654
"522",27063480400,NA,2,NA,NA,NA,NA,NA,NA,NA,NA,2,25.6189451022605
"523",27065480100,NA,2,NA,NA,NA,NA,NA,NA,NA,NA,2,25.6189451022605
"524",27065480200,NA,6,NA,1,1,NA,NA,NA,NA,NA,8,65.8772874058127
"525",27067780100,NA,3,NA,1,NA,1,6,NA,NA,NA,10,73.6275565123789
"526",27067780400,NA,3,NA,NA,NA,NA,NA,NA,3,NA,6,55.1130247578041
"527",27067780500,NA,4.5,NA,NA,NA,NA,NA,NA,1.5,NA,6,55.1130247578041
"528",27067780700,NA,2,NA,NA,NA,NA,NA,NA,NA,NA,2,25.6189451022605
"529",27067780800,NA,3.5,NA,NA,NA,NA,NA,NA,NA,NA,3.5,41.227125941873
"530",27067781000,NA,3,NA,NA,NA,NA,NA,NA,3,NA,6,55.1130247578041
"531",27067781100,NA,4.5,NA,NA,NA,NA,NA,NA,NA,NA,4.5,47.7933261571582
"532",27067781200,NA,8.5,NA,NA,NA,NA,NA,NA,NA,NA,8.5,68.1377825618945
"533",27069090100,NA,1,2,1,1,1,7,NA,NA,NA,12,78.0409041980624
"534",27069090200,NA,8,NA,NA,NA,NA,NA,NA,NA,NA,8,65.8772874058127
"535",27071790100,NA,8,NA,1,NA,NA,NA,NA,NA,NA,9,69.967707212056
"536",27071790202,NA,1.5,2,NA,NA,1,NA,NA,NA,NA,3.5,41.227125941873
"537",27071790300,NA,15,NA,7,NA,NA,7,NA,NA,NA,29,96.0172228202368
"538",27071790500,NA,10,NA,4,NA,2,4,4,NA,NA,22,91.280947255113
"539",27073180200,NA,8.5,NA,3,NA,NA,NA,NA,NA,NA,11.5,77.0721205597416
"540",27073180300,NA,6,NA,NA,NA,NA,NA,NA,1,NA,7,61.1410118406889
"541",27075370300,NA,33.5,NA,1,NA,1,4,2,1,NA,41.5,98.708288482239
"542",27077460300,NA,4.5,NA,NA,NA,NA,NA,NA,NA,NA,4.5,47.7933261571582
"543",27077460401,NA,7,NA,5,NA,1,7,2,1,NA,22,91.280947255113
"544",27077460402,NA,14,NA,NA,NA,NA,NA,NA,1,NA,15,84.0688912809473
"545",27079950102,NA,9,NA,NA,NA,NA,NA,NA,NA,NA,9,69.967707212056
"546",27079950500,NA,9,NA,NA,NA,NA,NA,NA,NA,NA,9,69.967707212056
"547",27079950600,NA,4.5,NA,NA,NA,NA,NA,NA,NA,NA,4.5,47.7933261571582
"548",27081201001,NA,3.5,NA,NA,NA,NA,NA,2,1,NA,6.5,58.4499461786868
"549",27081201002,NA,4,NA,1,NA,NA,NA,NA,NA,NA,5,50.2691065662002
"550",27083360100,NA,9.5,NA,1,NA,NA,NA,NA,NA,NA,10.5,74.8116254036599
"551",27083360200,NA,14,NA,3,NA,NA,NA,NA,0.25,NA,17.25,87.2981700753498
"552",27083360300,NA,4,NA,3,NA,NA,NA,NA,1.5,NA,8.5,68.1377825618945
"553",27083360400,NA,0.5,NA,NA,NA,NA,NA,NA,0.1,NA,0.6,6.02798708288482
"554",27085950100,NA,9.5,NA,NA,NA,NA,NA,NA,NA,NA,9.5,71.9052744886975
"555",27085950401,NA,6,NA,NA,NA,NA,NA,0.4,0.1,NA,6.5,58.4499461786868
"556",27085950500,NA,10.5,NA,NA,NA,NA,NA,NA,NA,NA,10.5,74.8116254036599
"557",27085950600,NA,4,4,3,NA,6,8,NA,NA,NA,19,88.5898815931109
"558",27085950700,NA,3,NA,NA,NA,NA,NA,NA,NA,NA,3,34.983853606028
"559",27087940100,NA,4.5,NA,2,NA,1,4,NA,NA,NA,10.5,74.8116254036599
"560",27087940300,NA,7,NA,NA,NA,NA,NA,NA,NA,NA,7,61.1410118406889
"561",27089080200,NA,4,NA,3,NA,NA,NA,NA,NA,NA,7,61.1410118406889
"562",27089080400,NA,0.5,NA,1,NA,1,4,NA,NA,NA,5.5,52.4219590958019
"563",27091790200,NA,6.5,NA,1,NA,NA,NA,NA,NA,NA,7.5,63.8320775026911
"564",27091790300,NA,18,NA,4,NA,NA,NA,NA,NA,NA,22,91.280947255113
"565",27091790400,NA,16.5,NA,4,NA,NA,NA,NA,NA,NA,20.5,89.8815931108719
"566",27091790501,NA,0.5,NA,1,NA,NA,NA,NA,NA,NA,1.5,12.1636167922497
"567",27091790502,NA,4.5,NA,6,NA,NA,NA,NA,NA,NA,10.5,74.8116254036599
"568",27091790600,NA,8,NA,NA,NA,NA,NA,NA,NA,NA,8,65.8772874058127
"569",27093560500,NA,7,NA,3,NA,NA,NA,NA,NA,NA,10,73.6275565123789
"570",27093560600,NA,3.5,NA,1,NA,NA,NA,NA,NA,NA,4.5,47.7933261571582
"571",27095170400,NA,12.5,NA,3,NA,NA,NA,NA,NA,NA,15.5,85.037674919268
"572",27095170500,NA,1.5,NA,NA,NA,NA,NA,NA,NA,NA,1.5,12.1636167922497
"573",27095170600,NA,1.5,NA,1,NA,NA,NA,NA,NA,NA,2.5,31.8622174381055
"574",27095970300,NA,1.5,NA,NA,NA,NA,NA,NA,NA,NA,1.5,12.1636167922497
"575",27097780300,NA,11.5,2,7,2,3,7,4,NA,NA,33.5,97.0936490850377
"576",27097780800,NA,3,NA,NA,NA,NA,NA,NA,NA,NA,3,34.983853606028
"577",27099000410,NA,7,NA,NA,NA,NA,NA,NA,NA,NA,7,61.1410118406889
"578",27099001200,NA,19.5,NA,3,NA,NA,NA,NA,NA,NA,22.5,91.9268030139935
"579",27099001300,NA,15,NA,1,NA,NA,NA,NA,NA,NA,16,85.8988159311087
"580",27101900100,NA,9.5,NA,3,NA,NA,NA,NA,NA,NA,12.5,79.4402583423036
"581",27101900200,NA,7.5,NA,1,NA,1,4,2,NA,NA,14.5,83.2077502691066
"582",27101900300,NA,9.5,NA,1,NA,NA,NA,NA,NA,NA,10.5,74.8116254036599
"583",27103480100,NA,12.5,NA,4,NA,1,6,NA,1,NA,23.5,92.5726587728741
"584",27103480300,NA,7.5,NA,NA,NA,NA,NA,NA,NA,NA,7.5,63.8320775026911
"585",27105105200,NA,1.5,NA,5,NA,NA,NA,NA,NA,NA,6.5,58.4499461786868
"586",27105105300,NA,6.5,NA,NA,NA,NA,NA,NA,NA,NA,6.5,58.4499461786868
"587",27105105400,NA,4.5,NA,NA,NA,NA,NA,NA,1,NA,5.5,52.4219590958019
"588",27107960100,NA,13.5,NA,4,NA,1,5,4,1,NA,27.5,95.3713670613563
"589",27109000500,NA,0.5,NA,1,NA,NA,NA,NA,NA,NA,1.5,12.1636167922497
"590",27109000902,NA,2,NA,1,NA,NA,NA,NA,NA,NA,3,34.983853606028
"591",27109000903,NA,7.5,NA,4,1,NA,NA,NA,NA,NA,12.5,79.4402583423036
"592",27109001202,NA,1.5,NA,NA,NA,NA,NA,NA,NA,NA,1.5,12.1636167922497
"593",27109001203,NA,0.5,NA,NA,NA,NA,NA,NA,NA,NA,0.5,3.33692142088267
"594",27109001401,NA,1.5,NA,NA,NA,NA,NA,NA,NA,NA,1.5,12.1636167922497
"595",27109001403,NA,14,NA,1,NA,NA,NA,2,3,NA,20,89.3433799784715
"596",27109001603,NA,10,NA,3,NA,NA,NA,NA,NA,NA,13,80.5166846071044
"597",27109001901,NA,17,2,3,NA,1,7,0.2,1.3,NA,30.5,96.5554359526373
"598",27109001902,NA,3,NA,6,NA,NA,NA,NA,NA,NA,9,69.967707212056
"599",27109002000,NA,26.5,NA,8,NA,NA,NA,NA,NA,NA,34.5,97.524219590958
"600",27111960103,NA,0,NA,1,NA,NA,NA,NA,NA,NA,1,8.18083961248654
"601",27111960300,NA,0,NA,NA,NA,NA,NA,NA,6,NA,6,55.1130247578041
"602",27111960400,NA,4,NA,NA,NA,NA,NA,NA,NA,NA,4,43.4876210979548
"603",27111960700,NA,2.5,NA,NA,NA,NA,NA,NA,NA,NA,2.5,31.8622174381055
"604",27111960800,NA,6,NA,NA,NA,NA,NA,NA,0.3,NA,6.3,58.3423035522067
"605",27111960900,NA,5,NA,NA,NA,NA,NA,NA,4,NA,9,69.967707212056
"606",27111961100,NA,0.5,NA,1,NA,1,5,NA,NA,NA,6.5,58.4499461786868
"607",27111961500,NA,5.5,NA,NA,NA,NA,NA,NA,1,NA,6.5,58.4499461786868
"608",27111961700,NA,10,NA,4,NA,NA,NA,NA,1.5,NA,15.5,85.037674919268
"609",27113090300,NA,5.5,NA,2,NA,1,6,0.5,0.75,NA,14.75,83.8536060279871
"610",27113090400,NA,11.5,NA,1,NA,NA,NA,2,3,NA,17.5,87.4058127018299
"611",27113090500,NA,5,NA,1,NA,NA,NA,NA,NA,NA,6,55.1130247578041
"612",27115950100,NA,2.5,NA,NA,NA,NA,NA,NA,NA,NA,2.5,31.8622174381055
"613",27115950200,NA,7.5,NA,NA,NA,NA,NA,NA,6,NA,13.5,82.2389666307858
"614",27115950300,NA,6,NA,NA,NA,NA,NA,NA,NA,NA,6,55.1130247578041
"615",27115950401,NA,7,NA,6,NA,NA,NA,NA,NA,NA,13,80.5166846071044
"616",27115950402,NA,4,NA,NA,NA,NA,NA,NA,NA,NA,4,43.4876210979548
"617",27115950600,NA,9,NA,3,NA,NA,NA,NA,3,NA,15,84.0688912809473
"618",27115950700,NA,4,NA,1,NA,NA,NA,NA,6,NA,11,76.210979547901
"619",27115950800,NA,5,NA,1,NA,NA,NA,NA,NA,NA,6,55.1130247578041
"620",27117460200,NA,6.5,NA,NA,NA,NA,NA,NA,NA,NA,6.5,58.4499461786868
"621",27117460300,NA,1.5,NA,NA,NA,NA,NA,NA,NA,NA,1.5,12.1636167922497
"622",27117460400,NA,3,NA,NA,NA,NA,NA,NA,NA,NA,3,34.983853606028
"623",27117460500,NA,8.5,NA,NA,NA,NA,NA,NA,NA,NA,8.5,68.1377825618945
"624",27119020100,NA,1.5,NA,NA,NA,0.1,0.8,NA,NA,NA,2.3,31.5392895586652
"625",27119020200,NA,5,NA,2,NA,1,8,NA,NA,NA,15,84.0688912809473
"626",27119020400,NA,10,NA,5,NA,0.25,2,NA,NA,NA,17,86.5446716899892
"627",27119020600,NA,3,NA,NA,NA,NA,NA,NA,3,NA,6,55.1130247578041
"628",27119020700,NA,3,NA,NA,NA,NA,NA,NA,3,NA,6,55.1130247578041
"629",27119020800,NA,5.5,2,3,1,1,7,4,NA,NA,22.5,91.9268030139935
"630",27119020900,NA,14,NA,1,NA,NA,NA,NA,NA,NA,15,84.0688912809473
"631",27119021000,NA,8.5,NA,9,NA,NA,NA,NA,NA,4,21.5,90.8503767491927
"632",27121970300,NA,9.5,NA,3,NA,NA,NA,NA,NA,NA,12.5,79.4402583423036
"633",27123030400,NA,1.5,NA,NA,NA,NA,NA,NA,NA,NA,1.5,12.1636167922497
"634",27123030702,NA,1.5,NA,NA,NA,NA,NA,NA,NA,NA,1.5,12.1636167922497
"635",27123031100,NA,3,NA,NA,NA,NA,NA,0.5,7.5,NA,11,76.210979547901
"636",27123031200,NA,2,NA,NA,NA,NA,NA,NA,NA,NA,2,25.6189451022605
"637",27123031701,NA,4,NA,1,NA,NA,NA,2,12,NA,19,88.5898815931109
"638",27123032400,NA,1.5,NA,NA,NA,NA,NA,NA,NA,NA,1.5,12.1636167922497
"639",27123032600,NA,4,NA,NA,NA,NA,NA,NA,NA,NA,4,43.4876210979548
"640",27123032700,NA,11.5,NA,NA,NA,NA,NA,NA,NA,NA,11.5,77.0721205597416
"641",27123033000,NA,1.5,NA,NA,NA,NA,NA,NA,NA,NA,1.5,12.1636167922497
"642",27123034201,NA,1.5,NA,NA,NA,NA,NA,NA,NA,NA,1.5,12.1636167922497
"643",27123034203,NA,57.5,NA,NA,NA,NA,NA,NA,NA,NA,57.5,99.8923573735199
"644",27123036100,NA,3,NA,1,NA,NA,NA,NA,6,NA,10,73.6275565123789
"645",27123036300,NA,1.5,NA,NA,NA,NA,NA,NA,NA,NA,1.5,12.1636167922497
"646",27123037100,NA,2.5,NA,1,NA,NA,NA,2,6.6,NA,12.1,79.2249730893434
"647",27123037500,NA,1.5,NA,NA,NA,NA,NA,NA,1,NA,2.5,31.8622174381055
"648",27123040401,NA,3,NA,NA,NA,NA,NA,NA,NA,NA,3,34.983853606028
"649",27123040503,NA,1.5,NA,NA,NA,NA,NA,NA,NA,NA,1.5,12.1636167922497
"650",27123040606,NA,1.5,NA,NA,NA,NA,NA,NA,NA,NA,1.5,12.1636167922497
"651",27123040704,NA,1.5,NA,NA,NA,NA,NA,NA,NA,NA,1.5,12.1636167922497
"652",27123040707,NA,1,NA,1,NA,NA,NA,NA,NA,NA,2,25.6189451022605
"653",27123040801,NA,0.5,NA,1,NA,NA,NA,NA,NA,NA,1.5,12.1636167922497
"654",27123041200,NA,6.5,NA,NA,NA,NA,NA,NA,NA,NA,6.5,58.4499461786868
"655",27123042101,NA,4,NA,NA,NA,NA,NA,NA,NA,NA,4,43.4876210979548
"656",27123042401,NA,1,NA,NA,NA,NA,NA,NA,6,NA,7,61.1410118406889
"657",27123042501,NA,1,NA,NA,NA,NA,NA,NA,NA,NA,1,8.18083961248654
"658",27123042800,NA,1,NA,NA,NA,NA,NA,NA,NA,NA,1,8.18083961248654
"659",27123042900,NA,4,NA,NA,NA,NA,NA,NA,0.25,NA,4.25,47.5780409041981
"660",27125010100,NA,0.5,NA,1,NA,1,4,2,NA,NA,7.5,63.8320775026911
"661",27125010200,NA,2.5,NA,1,NA,1,4,4,6,NA,17.5,87.4058127018299
"662",27127750100,NA,8,NA,NA,NA,NA,NA,NA,NA,NA,8,65.8772874058127
"663",27127750200,NA,0.5,NA,1,NA,NA,NA,NA,3,NA,4.5,47.7933261571582
"664",27127750300,NA,9,NA,NA,NA,NA,NA,NA,0.75,NA,9.75,73.4122712594187
"665",27127750400,NA,21,NA,NA,NA,NA,NA,NA,NA,NA,21,90.5274488697524
"666",27127750600,NA,6,NA,NA,NA,NA,NA,NA,NA,NA,6,55.1130247578041
"667",27129790100,NA,6,NA,3,NA,NA,NA,NA,NA,NA,9,69.967707212056
"668",27129790200,NA,2.5,NA,1,NA,NA,NA,NA,NA,NA,3.5,41.227125941873
"669",27129790300,NA,0.5,NA,NA,NA,0.25,NA,NA,NA,NA,0.5,3.33692142088267
"670",27129790400,NA,22,2,2,1,2,5,2,NA,NA,34,97.2012917115178
"671",27129790500,NA,14.5,NA,1,NA,NA,NA,NA,NA,NA,15.5,85.037674919268
"672",27131070300,NA,24,NA,1,NA,1,5,NA,NA,NA,30,96.3401506996771
"673",27131070400,NA,14,NA,5,NA,2,4,NA,NA,NA,23,92.2497308934338
"674",27131070501,NA,4,NA,NA,NA,NA,NA,NA,NA,NA,4,43.4876210979548
"675",27131070601,NA,6,NA,NA,NA,NA,NA,NA,NA,NA,6,55.1130247578041
"676",27131070701,NA,4,NA,3,NA,0.5,NA,NA,NA,NA,7,61.1410118406889
"677",27133570100,NA,7.5,NA,NA,NA,NA,0.6,NA,0.1,NA,8.2,67.9224973089343
"678",27133570300,NA,0.5,NA,1,NA,1,6,NA,1,NA,8.5,68.1377825618945
"679",27135970100,NA,3,NA,NA,NA,NA,NA,NA,NA,NA,3,34.983853606028
"680",27135970200,NA,1.5,NA,NA,NA,NA,NA,NA,NA,NA,1.5,12.1636167922497
"681",27135970300,NA,17,NA,NA,NA,NA,NA,NA,NA,NA,17,86.5446716899892
"682",27135970400,NA,15,NA,4,NA,1,5,4,3,NA,31,96.6630785791173
"683",27137000200,NA,5.5,NA,1,NA,NA,NA,NA,NA,NA,6.5,58.4499461786868
"684",27137000301,NA,1.5,NA,NA,NA,NA,NA,NA,NA,NA,1.5,12.1636167922497
"685",27137000302,NA,0.5,NA,NA,NA,NA,NA,2,0.5,NA,3,34.983853606028
"686",27137000400,NA,1.5,NA,NA,NA,NA,NA,4,1,NA,6.5,58.4499461786868
"687",27137000900,NA,1.5,NA,NA,NA,NA,NA,NA,NA,NA,1.5,12.1636167922497
"688",27137002400,NA,5,NA,NA,NA,NA,NA,0.2,0.6,NA,5.8,54.8977395048439
"689",27137003300,NA,1.5,NA,NA,NA,NA,NA,NA,0.6,NA,2.1,30.7857911733046
"690",27137010301,NA,2,NA,NA,NA,NA,NA,NA,NA,NA,2,25.6189451022605
"691",27137010400,NA,8,NA,NA,NA,NA,NA,0.4,0.1,NA,8.5,68.1377825618945
"692",27137010500,NA,7.5,NA,3,NA,NA,NA,NA,NA,NA,10.5,74.8116254036599
"693",27137010601,NA,5.5,NA,NA,NA,NA,NA,NA,NA,NA,5.5,52.4219590958019
"694",27137010602,NA,9.5,NA,NA,NA,NA,NA,NA,NA,NA,9.5,71.9052744886975
"695",27137011101,NA,3,2,1,NA,1,7,NA,NA,NA,13,80.5166846071044
"696",27137011102,NA,4,NA,1,NA,NA,NA,NA,NA,NA,5,50.2691065662002
"697",27137011200,NA,5.5,NA,1,NA,NA,NA,4,1,NA,11.5,77.0721205597416
"698",27137011402,NA,7.5,NA,NA,NA,NA,NA,NA,NA,NA,7.5,63.8320775026911
"699",27137012100,NA,6,NA,1,NA,1,3.5,4,3,NA,17.5,87.4058127018299
"700",27137012200,NA,3,NA,1,NA,NA,NA,NA,NA,NA,4,43.4876210979548
"701",27137012300,NA,1.5,NA,NA,NA,NA,NA,NA,NA,NA,1.5,12.1636167922497
"702",27137012400,NA,6.5,NA,4,NA,NA,NA,NA,NA,NA,10.5,74.8116254036599
"703",27137012500,NA,3,NA,NA,NA,NA,NA,NA,NA,NA,3,34.983853606028
"704",27137012600,NA,3,NA,NA,NA,NA,NA,NA,NA,NA,3,34.983853606028
"705",27137013000,NA,1.5,NA,NA,NA,NA,NA,NA,NA,NA,1.5,12.1636167922497
"706",27137013100,NA,3,NA,1,NA,NA,NA,NA,NA,NA,4,43.4876210979548
"707",27137013300,NA,3,NA,NA,NA,NA,NA,NA,NA,NA,3,34.983853606028
"708",27137013600,NA,3,NA,1,NA,NA,NA,NA,NA,NA,4,43.4876210979548
"709",27137013800,NA,3,NA,NA,NA,NA,NA,2,0.5,NA,5.5,52.4219590958019
"710",27137014000,NA,7,2,1,NA,1,5,NA,NA,NA,15,84.0688912809473
"711",27137014100,NA,9,NA,1,NA,NA,NA,NA,NA,NA,10,73.6275565123789
"712",27137015100,NA,12,NA,3,NA,NA,NA,4,1,NA,20,89.3433799784715
"713",27137015200,NA,8,NA,2,2,NA,NA,NA,1,NA,13,80.5166846071044
"714",27137015300,NA,8,NA,NA,NA,NA,NA,NA,NA,NA,8,65.8772874058127
"715",27137015401,NA,18.5,NA,2,NA,NA,NA,4,3,NA,27.5,95.3713670613563
"716",27137015402,NA,3,NA,NA,NA,NA,NA,NA,NA,NA,3,34.983853606028
"717",27137015501,NA,1.5,NA,1,NA,NA,NA,2,0.5,NA,5,50.2691065662002
"718",27137015502,NA,3,NA,1,NA,NA,NA,NA,NA,NA,4,43.4876210979548
"719",27137015503,NA,2,NA,NA,NA,NA,NA,NA,NA,NA,2,25.6189451022605
"720",27137015800,NA,13,NA,2,NA,NA,NA,NA,12,NA,27,94.8331539289559
"721",27139080201,NA,0.5,NA,2,NA,NA,NA,4,3,NA,9.5,71.9052744886975
"722",27139080202,NA,4,NA,NA,NA,NA,NA,NA,NA,NA,4,43.4876210979548
"723",27139080304,NA,0,NA,1,NA,NA,NA,2,4,NA,7,61.1410118406889
"724",27139080305,NA,3,NA,NA,NA,NA,NA,NA,NA,NA,3,34.983853606028
"725",27139081001,NA,2.5,NA,1,NA,NA,NA,2,7,NA,12.5,79.4402583423036
"726",27139081002,NA,1.5,NA,NA,NA,NA,NA,NA,NA,NA,1.5,12.1636167922497
"727",27139081200,NA,1.5,NA,NA,NA,NA,NA,NA,NA,NA,1.5,12.1636167922497
"728",27139081301,NA,4,NA,NA,NA,NA,NA,NA,NA,NA,4,43.4876210979548
"729",27139081302,NA,15,NA,NA,NA,NA,NA,NA,NA,NA,15,84.0688912809473
"730",27141030104,NA,1.5,NA,NA,NA,NA,NA,NA,NA,NA,1.5,12.1636167922497
"731",27141030302,NA,3,NA,NA,NA,0.3,NA,NA,NA,NA,3,34.983853606028
"732",27141030409,NA,1.5,NA,NA,NA,NA,NA,NA,NA,NA,1.5,12.1636167922497
"733",27141030410,NA,2.5,NA,NA,NA,NA,NA,NA,NA,NA,2.5,31.8622174381055
"734",27141030505,NA,4.5,1,1,NA,1.5,NA,NA,NA,NA,6.5,58.4499461786868
"735",27143170198,NA,14,NA,3,NA,NA,NA,NA,NA,NA,17,86.5446716899892
"736",27143170200,NA,39,NA,NA,NA,NA,NA,NA,NA,NA,39,98.1700753498385
"737",27143170300,NA,21,NA,NA,NA,NA,NA,NA,NA,NA,21,90.5274488697524
"738",27145000304,NA,3,NA,NA,NA,NA,NA,NA,1,NA,4,43.4876210979548
"739",27145000901,NA,0.5,NA,NA,NA,NA,NA,NA,NA,NA,0.5,3.33692142088267
"740",27145001003,NA,3,NA,NA,NA,NA,NA,NA,NA,NA,3,34.983853606028
"741",27145010103,NA,6.5,NA,6,NA,1,NA,NA,NA,NA,12.5,79.4402583423036
"742",27145010200,NA,4,NA,3,NA,NA,NA,NA,NA,NA,7,61.1410118406889
"743",27145010402,NA,6.5,NA,NA,NA,NA,NA,NA,NA,NA,6.5,58.4499461786868
"744",27145010500,NA,3,NA,9,NA,NA,NA,NA,6,NA,18,88.0516684607104
"745",27145010900,NA,6,NA,NA,NA,NA,NA,NA,NA,NA,6,55.1130247578041
"746",27145011101,NA,4,NA,NA,NA,NA,NA,NA,NA,NA,4,43.4876210979548
"747",27145011102,NA,0.5,NA,1,NA,NA,NA,4,NA,NA,5.5,52.4219590958019
"748",27145011202,NA,1.5,NA,NA,NA,NA,NA,NA,NA,NA,1.5,12.1636167922497
"749",27145011306,NA,3.5,NA,NA,NA,NA,NA,NA,NA,NA,3.5,41.227125941873
"750",27145011308,NA,1.5,NA,NA,NA,NA,NA,NA,NA,NA,1.5,12.1636167922497
"751",27145011400,NA,1,NA,NA,NA,NA,NA,NA,1,NA,2,25.6189451022605
"752",27147960200,NA,2,NA,1,NA,NA,NA,NA,NA,NA,3,34.983853606028
"753",27147960400,NA,3,NA,NA,NA,NA,NA,NA,NA,NA,3,34.983853606028
"754",27147960500,NA,17,2,7,NA,1,7,4,NA,NA,37,97.9547900968784
"755",27147960600,NA,4.5,NA,3,NA,NA,NA,NA,6,NA,13.5,82.2389666307858
"756",27149480100,NA,4,NA,1,NA,NA,NA,NA,NA,NA,5,50.2691065662002
"757",27149480200,NA,0.5,NA,NA,NA,NA,NA,NA,NA,NA,0.5,3.33692142088267
"758",27151960100,NA,5.5,NA,1,NA,NA,NA,NA,NA,NA,6.5,58.4499461786868
"759",27151960400,NA,5,NA,NA,NA,NA,NA,NA,NA,NA,5,50.2691065662002
"760",27153790200,NA,2,NA,NA,NA,NA,NA,NA,NA,NA,2,25.6189451022605
"761",27153790400,NA,4,NA,4,NA,1,4,NA,9,NA,21,90.5274488697524
"762",27153790500,NA,2,NA,NA,0.5,NA,NA,NA,NA,NA,2.5,31.8622174381055
"763",27153790600,NA,5.5,NA,3,1,NA,NA,NA,NA,NA,9.5,71.9052744886975
"764",27153790700,NA,1.5,NA,NA,NA,NA,NA,NA,NA,NA,1.5,12.1636167922497
"765",27153790800,NA,5,NA,NA,NA,NA,NA,NA,NA,NA,5,50.2691065662002
"766",27157490200,NA,27,NA,7,NA,NA,NA,NA,NA,NA,34,97.2012917115178
"767",27157490300,NA,3,NA,1,NA,NA,NA,NA,3,NA,7,61.1410118406889
"768",27159480100,NA,9.5,NA,3,NA,NA,NA,NA,NA,NA,12.5,79.4402583423036
"769",27161790300,NA,17,NA,3,NA,NA,NA,4,6,NA,30,96.3401506996771
"770",27161790500,NA,4.5,NA,1,NA,NA,NA,NA,NA,NA,5.5,52.4219590958019
"771",27163070103,NA,0.5,NA,1,NA,NA,NA,NA,NA,NA,1.5,12.1636167922497
"772",27163070105,NA,1.5,NA,NA,NA,NA,NA,NA,NA,NA,1.5,12.1636167922497
"773",27163070205,NA,1.5,NA,NA,NA,NA,NA,NA,NA,NA,1.5,12.1636167922497
"774",27163070206,NA,3,NA,NA,NA,NA,NA,NA,NA,NA,3,34.983853606028
"775",27163070301,NA,1.5,NA,NA,NA,NA,NA,NA,NA,NA,1.5,12.1636167922497
"776",27163070703,NA,2,NA,NA,NA,NA,NA,NA,1,NA,3,34.983853606028
"777",27163070706,NA,4,NA,NA,NA,NA,NA,NA,NA,NA,4,43.4876210979548
"778",27163070906,NA,0.5,NA,1,NA,NA,NA,NA,NA,NA,1.5,12.1636167922497
"779",27163070907,NA,1.5,NA,NA,NA,NA,NA,NA,NA,NA,1.5,12.1636167922497
"780",27163071006,NA,2.5,NA,3,NA,NA,NA,NA,NA,NA,5.5,52.4219590958019
"781",27163071102,NA,4,NA,NA,NA,NA,NA,NA,NA,NA,4,43.4876210979548
"782",27165950100,NA,2,NA,3,NA,NA,NA,NA,NA,NA,5,50.2691065662002
"783",27167950100,NA,9.5,NA,1,NA,NA,NA,NA,NA,NA,10.5,74.8116254036599
"784",27167950200,NA,1.5,NA,NA,NA,NA,NA,4,NA,NA,5.5,52.4219590958019
"785",27169670101,NA,1.5,NA,NA,NA,NA,NA,NA,NA,NA,1.5,12.1636167922497
"786",27169670102,NA,5,NA,NA,NA,NA,NA,NA,NA,NA,5,50.2691065662002
"787",27169670200,NA,4.5,NA,1,NA,NA,NA,NA,0.1,NA,5.6,54.5748116254037
"788",27169670301,NA,2,NA,NA,NA,NA,NA,NA,0.5,NA,2.5,31.8622174381055
"789",27169670400,NA,10,NA,1,NA,NA,NA,NA,1,NA,12,78.0409041980624
"790",27169670500,NA,0.5,NA,NA,NA,NA,NA,NA,0.1,NA,0.6,6.02798708288482
"791",27169670600,NA,2,NA,NA,NA,NA,NA,NA,3.3,NA,5.3,52.3143164693219
"792",27169670700,NA,13.5,NA,NA,NA,NA,NA,NA,3,NA,16.5,86.0064585575888
"793",27169670801,NA,2.5,NA,3,NA,NA,NA,NA,NA,NA,5.5,52.4219590958019
"794",27169670802,NA,24.5,NA,NA,NA,NA,NA,NA,1.5,NA,26,94.1872981700754
"795",27169671000,NA,1,NA,NA,NA,NA,NA,NA,NA,NA,1,8.18083961248654
"796",27171100206,NA,1,NA,NA,NA,NA,NA,NA,NA,NA,1,8.18083961248654
"797",27171100401,NA,2.5,NA,NA,NA,NA,NA,NA,NA,NA,2.5,31.8622174381055
"798",27171100402,NA,1.5,NA,NA,NA,NA,NA,NA,NA,NA,1.5,12.1636167922497
"799",27171100704,NA,5.5,NA,NA,NA,NA,NA,NA,NA,NA,5.5,52.4219590958019
"800",27171100705,NA,1,NA,NA,NA,NA,NA,NA,NA,NA,1,8.18083961248654
"801",27171100804,NA,8.5,NA,NA,NA,NA,NA,NA,NA,NA,8.5,68.1377825618945
"802",27171100806,NA,2,NA,NA,NA,NA,NA,NA,NA,NA,2,25.6189451022605
"803",27171100900,NA,1,NA,1,NA,NA,NA,NA,NA,NA,2,25.6189451022605
"804",27171101002,NA,1,NA,1,NA,NA,NA,NA,6,NA,8,65.8772874058127
"805",27171101101,NA,1.5,NA,NA,NA,NA,NA,NA,NA,NA,1.5,12.1636167922497
"806",27171101200,NA,9.5,NA,NA,NA,NA,NA,NA,NA,NA,9.5,71.9052744886975
"807",27173970100,NA,14,NA,2,NA,1,4,NA,NA,NA,20,89.3433799784715
"808",27173970200,NA,13.5,NA,1,NA,NA,NA,NA,NA,NA,14.5,83.2077502691066
"809",27173970300,NA,16,NA,13,NA,NA,NA,NA,NA,NA,29,96.0172228202368
"810",27173970400,NA,5,NA,NA,NA,NA,NA,NA,NA,NA,5,50.2691065662002
"811",27027030202,NA,NA,1,NA,NA,0.5,1.75,0.5,0.75,NA,4,43.4876210979548
"812",27171100203,NA,NA,0.2,NA,NA,NA,0.8,0.2,NA,NA,1.2,11.7330462863294
"813",27007450500,NA,NA,NA,1,NA,NA,NA,NA,3,NA,4,43.4876210979548
"814",27017070600,NA,NA,NA,1,NA,NA,NA,NA,NA,NA,1,8.18083961248654
"815",27035951200,NA,NA,NA,1,NA,NA,NA,NA,1,NA,2,25.6189451022605
"816",27053023600,NA,NA,NA,1,NA,NA,NA,NA,NA,NA,1,8.18083961248654
"817",27053100900,NA,NA,NA,1,NA,NA,NA,NA,NA,NA,1,8.18083961248654
"818",27137013900,NA,NA,NA,1,NA,NA,NA,4,1,NA,6,55.1130247578041
"819",27139080906,NA,NA,NA,1,NA,NA,NA,1,0.5,NA,2.5,31.8622174381055
"820",27171100500,NA,NA,NA,3,NA,NA,NA,NA,NA,NA,3,34.983853606028
"821",27017070200,NA,NA,NA,NA,NA,1.6,2,NA,NA,NA,2,25.6189451022605
"822",27039950100,NA,NA,NA,NA,NA,0.25,3.75,2,1.5,NA,7.25,63.5091496232508
"823",27061480803,NA,NA,NA,NA,NA,6,6,NA,0.25,NA,6.25,58.2346609257266
"824",27089080300,NA,NA,NA,NA,NA,0.25,NA,NA,NA,NA,0,0
"825",27141030408,NA,NA,NA,NA,NA,0.3,NA,NA,NA,NA,0,0
"826",27053025805,NA,NA,NA,NA,NA,NA,0.8,NA,1.5,NA,2.3,31.5392895586652
"827",27061480701,NA,NA,NA,NA,NA,NA,6,2,NA,NA,8,65.8772874058127
"828",27133570200,NA,NA,NA,NA,NA,NA,6,NA,0.5,NA,6.5,58.4499461786868
"829",27003050608,NA,NA,NA,NA,NA,NA,NA,2,1,NA,3,34.983853606028
"830",27003050810,NA,NA,NA,NA,NA,NA,NA,0.5,NA,NA,0.5,3.33692142088267
"831",27003050826,NA,NA,NA,NA,NA,NA,NA,1,NA,NA,1,8.18083961248654
"832",27003050901,NA,NA,NA,NA,NA,NA,NA,0.5,1.5,NA,2,25.6189451022605
"833",27025110100,NA,NA,NA,NA,NA,NA,NA,0.2,0.6,NA,0.8,7.64262648008611
"834",27053001700,NA,NA,NA,NA,NA,NA,NA,0.5,3,NA,3.5,41.227125941873
"835",27053002400,NA,NA,NA,NA,NA,NA,NA,1,6,NA,7,61.1410118406889
"836",27053003801,NA,NA,NA,NA,NA,NA,NA,0.2,0.25,NA,0.45,3.22927879440258
"837",27053026702,NA,NA,NA,NA,NA,NA,NA,1.4,3.6,NA,5,50.2691065662002
"838",27053026807,NA,NA,NA,NA,NA,NA,NA,4,6,NA,10,73.6275565123789
"839",27053026812,NA,NA,NA,NA,NA,NA,NA,0.4,0.6,NA,1,8.18083961248654
"840",27053026816,NA,NA,NA,NA,NA,NA,NA,1,1.5,NA,2.5,31.8622174381055
"841",27053103000,NA,NA,NA,NA,NA,NA,NA,1.2,6.6,0.8,8.6,69.7524219590958
"842",27053103400,NA,NA,NA,NA,NA,NA,NA,0.5,1.5,2,4,43.4876210979548
"843",27053103700,NA,NA,NA,NA,NA,NA,NA,0.2,0.1,NA,0.3,2.69106566200215
"844",27053104400,NA,NA,NA,NA,NA,NA,NA,1,3,4,8,65.8772874058127
"845",27053126101,NA,NA,NA,NA,NA,NA,NA,0.2,0.6,0.8,1.6,25.0807319698601
"846",27053126202,NA,NA,NA,NA,NA,NA,NA,1,3,4,8,65.8772874058127
"847",27053126300,NA,NA,NA,NA,NA,NA,NA,2.2,12.6,0.8,15.6,85.7911733046286
"848",27085950402,NA,NA,NA,NA,NA,NA,NA,2,0.5,NA,2.5,31.8622174381055
"849",27109001301,NA,NA,NA,NA,NA,NA,NA,0.5,0.75,NA,1.25,11.8406889128095
"850",27123031600,NA,NA,NA,NA,NA,NA,NA,2,12,NA,14,82.8848223896663
"851",27123031702,NA,NA,NA,NA,NA,NA,NA,1,6,NA,7,61.1410118406889
"852",27123033100,NA,NA,NA,NA,NA,NA,NA,0.2,0.6,NA,0.8,7.64262648008611
"853",27123034500,NA,NA,NA,NA,NA,NA,NA,0.2,0.6,NA,0.8,7.64262648008611
"854",27123034601,NA,NA,NA,NA,NA,NA,NA,0.5,1.5,NA,2,25.6189451022605
"855",27123034602,NA,NA,NA,NA,NA,NA,NA,0.5,1.5,NA,2,25.6189451022605
"856",27123037200,NA,NA,NA,NA,NA,NA,NA,0.5,7.5,NA,8,65.8772874058127
"857",27123042001,NA,NA,NA,NA,NA,NA,NA,0.2,0.9,NA,1.1,11.5177610333692
"858",27123042002,NA,NA,NA,NA,NA,NA,NA,2,3,NA,5,50.2691065662002
"859",27137002600,NA,NA,NA,NA,NA,NA,NA,0.2,1.2,NA,1.4,12.0559741657696
"860",27137011401,NA,NA,NA,NA,NA,NA,NA,4,1,NA,5,50.2691065662002
"861",27139080303,NA,NA,NA,NA,NA,NA,NA,2,3.5,NA,5.5,52.4219590958019
"862",27139080908,NA,NA,NA,NA,NA,NA,NA,2,1,NA,3,34.983853606028
"863",27141030301,NA,NA,NA,NA,NA,NA,NA,2,4.5,NA,6.5,58.4499461786868
"864",27141031500,NA,NA,NA,NA,NA,NA,NA,2,0.1,NA,2.1,30.7857911733046
"865",27003050208,NA,NA,NA,NA,NA,NA,NA,NA,1,NA,1,8.18083961248654
"866",27003050227,NA,NA,NA,NA,NA,NA,NA,NA,3,NA,3,34.983853606028
"867",27003050228,NA,NA,NA,NA,NA,NA,NA,NA,6,NA,6,55.1130247578041
"868",27003050229,NA,NA,NA,NA,NA,NA,NA,NA,1.8,NA,1.8,25.2960172228202
"869",27003050230,NA,NA,NA,NA,NA,NA,NA,NA,0.6,NA,0.6,6.24327233584499
"870",27003050236,NA,NA,NA,NA,NA,NA,NA,NA,3,NA,3,34.983853606028
"871",27003050402,NA,NA,NA,NA,NA,NA,NA,NA,0.1,NA,0.1,0.322927879440258
"872",27003050501,NA,NA,NA,NA,NA,NA,NA,NA,0.25,NA,0.25,2.04520990312164
"873",27003050505,NA,NA,NA,NA,NA,NA,NA,NA,0.5,NA,0.5,3.33692142088267
"874",27003050707,NA,NA,NA,NA,NA,NA,NA,NA,1,NA,1,8.18083961248654
"875",27003050711,NA,NA,NA,NA,NA,NA,NA,NA,1,NA,1,8.18083961248654
"876",27003050902,NA,NA,NA,NA,NA,NA,NA,NA,2.25,NA,2.25,31.3240043057051
"877",27007450202,NA,NA,NA,NA,NA,NA,NA,NA,0.5,NA,0.5,3.33692142088267
"878",27009021102,NA,NA,NA,NA,NA,NA,NA,NA,6,NA,6,55.1130247578041
"879",27011950300,NA,NA,NA,NA,NA,NA,NA,NA,1,NA,1,8.18083961248654
"880",27013170800,NA,NA,NA,NA,NA,NA,NA,NA,1.25,NA,1.25,11.8406889128095
"881",27013171101,NA,NA,NA,NA,NA,NA,NA,NA,0.25,NA,0.25,2.04520990312164
"882",27027030300,NA,NA,NA,NA,NA,NA,NA,NA,3,NA,3,34.983853606028
"883",27027030400,NA,NA,NA,NA,NA,NA,NA,NA,3,NA,3,34.983853606028
"884",27037060837,NA,NA,NA,NA,NA,NA,NA,NA,0.3,NA,0.3,2.69106566200215
"885",27053003802,NA,NA,NA,NA,NA,NA,NA,NA,0.25,NA,0.25,2.04520990312164
"886",27053008500,NA,NA,NA,NA,NA,NA,NA,NA,1.5,NA,1.5,12.1636167922497
"887",27053022000,NA,NA,NA,NA,NA,NA,NA,NA,6,NA,6,55.1130247578041
"888",27053022700,NA,NA,NA,NA,NA,NA,NA,NA,6,NA,6,55.1130247578041
"889",27053025301,NA,NA,NA,NA,NA,NA,NA,NA,1.5,NA,1.5,12.1636167922497
"890",27053025801,NA,NA,NA,NA,NA,NA,NA,NA,1.5,NA,1.5,12.1636167922497
"891",27053026910,NA,NA,NA,NA,NA,NA,NA,NA,1.5,NA,1.5,12.1636167922497
"892",27053103900,NA,NA,NA,NA,NA,NA,NA,NA,0.1,NA,0.1,0.322927879440258
"893",27053107500,NA,NA,NA,NA,NA,NA,NA,NA,0.75,NA,0.75,6.9967707212056
"894",27053108600,NA,NA,NA,NA,NA,NA,NA,NA,3,NA,3,34.983853606028
"895",27053108700,NA,NA,NA,NA,NA,NA,NA,NA,1.5,NA,1.5,12.1636167922497
"896",27053108800,NA,NA,NA,NA,NA,NA,NA,NA,0.75,NA,0.75,6.9967707212056
"897",27053109700,NA,NA,NA,NA,NA,NA,NA,NA,0.3,NA,0.3,2.69106566200215
"898",27053125800,NA,NA,NA,NA,NA,NA,NA,NA,1.5,NA,1.5,12.1636167922497
"899",27061480101,NA,NA,NA,NA,NA,NA,NA,NA,1,NA,1,8.18083961248654
"900",27099000600,NA,NA,NA,NA,NA,NA,NA,NA,0.75,NA,0.75,6.9967707212056
"901",27123030602,NA,NA,NA,NA,NA,NA,NA,NA,0.6,NA,0.6,6.24327233584499
"902",27123030704,NA,NA,NA,NA,NA,NA,NA,NA,1.5,NA,1.5,12.1636167922497
"903",27123036400,NA,NA,NA,NA,NA,NA,NA,NA,0.1,NA,0.1,0.322927879440258
"904",27123036500,NA,NA,NA,NA,NA,NA,NA,NA,0.1,NA,0.1,0.322927879440258
"905",27123036600,NA,NA,NA,NA,NA,NA,NA,NA,0.25,NA,0.25,2.04520990312164
"906",27123036700,NA,NA,NA,NA,NA,NA,NA,NA,1,NA,1,8.18083961248654
"907",27123037601,NA,NA,NA,NA,NA,NA,NA,NA,0.1,NA,0.1,0.322927879440258
"908",27123037603,NA,NA,NA,NA,NA,NA,NA,NA,0.1,NA,0.1,0.322927879440258
"909",27123040601,NA,NA,NA,NA,NA,NA,NA,NA,6,NA,6,55.1130247578041
"910",27123040804,NA,NA,NA,NA,NA,NA,NA,NA,6,NA,6,55.1130247578041
"911",27123040805,NA,NA,NA,NA,NA,NA,NA,NA,6,NA,6,55.1130247578041
"912",27123041107,NA,NA,NA,NA,NA,NA,NA,NA,1.5,NA,1.5,12.1636167922497
"913",27123042301,NA,NA,NA,NA,NA,NA,NA,NA,0.6,NA,0.6,6.24327233584499
"914",27123042302,NA,NA,NA,NA,NA,NA,NA,NA,0.6,NA,0.6,6.24327233584499
"915",27123042402,NA,NA,NA,NA,NA,NA,NA,NA,6,NA,6,55.1130247578041
"916",27123042601,NA,NA,NA,NA,NA,NA,NA,NA,0.6,NA,0.6,6.24327233584499
"917",27123042700,NA,NA,NA,NA,NA,NA,NA,NA,0.6,NA,0.6,6.24327233584499
"918",27137002200,NA,NA,NA,NA,NA,NA,NA,NA,0.75,NA,0.75,6.9967707212056
"919",27137003400,NA,NA,NA,NA,NA,NA,NA,NA,6,NA,6,55.1130247578041
"920",27139080100,NA,NA,NA,NA,NA,NA,NA,NA,3,NA,3,34.983853606028
"921",27141030201,NA,NA,NA,NA,NA,NA,NA,NA,0.75,NA,0.75,6.9967707212056
"922",27145000402,NA,NA,NA,NA,NA,NA,NA,NA,0.25,NA,0.25,2.04520990312164
"923",27145010600,NA,NA,NA,NA,NA,NA,NA,NA,3,NA,3,34.983853606028
"924",27147960700,NA,NA,NA,NA,NA,NA,NA,NA,3,NA,3,34.983853606028
"925",27163070207,NA,NA,NA,NA,NA,NA,NA,NA,12,NA,12,78.0409041980624
"926",27163070704,NA,NA,NA,NA,NA,NA,NA,NA,1,NA,1,8.18083961248654
"927",27163070801,NA,NA,NA,NA,NA,NA,NA,NA,1,NA,1,8.18083961248654
"928",27163070802,NA,NA,NA,NA,NA,NA,NA,NA,0.25,NA,0.25,2.04520990312164
"929",27169670302,NA,NA,NA,NA,NA,NA,NA,NA,0.4,NA,0.4,3.01399354144241
"930",27041450602,NA,NA,NA,NA,NA,NA,NA,NA,NA,1,1,8.18083961248654
